03-01 00:00:49 [SUCCESS] nonebot | OneBot V11 3042447114 | [message.group.normal]: Message 2058520328 from 2301483191@[群:392644938] '晚好'
03-01 00:00:49 [INFO] nonebot | Event will be handled by Matcher(type='message', module=zhenxun.builtin_plugins.chat_history.chat_message, lineno=39)
03-01 00:00:49 [INFO] nonebot | Matcher(type='message', module=zhenxun.builtin_plugins.chat_history.chat_message, lineno=39) running complete
03-01 00:00:57 [SUCCESS] nonebot | OneBot V11 3042447114 | [message.group.normal]: Message 1142200150 from 365103469@[群:645741432] '你们挂1刷十分钟多少收益？'
03-01 00:00:57 [INFO] nonebot | Event will be handled by Matcher(type='message', module=zhenxun.builtin_plugins.chat_history.chat_message, lineno=39)
03-01 00:00:57 [INFO] nonebot | Matcher(type='message', module=zhenxun.builtin_plugins.chat_history.chat_message, lineno=39) running complete
03-01 00:01:00 [ERROR] apscheduler | Job "_ (trigger: cron[hour='0', minute='1'], next run at: 2025-03-02 00:01:00 CST)" raised an exception
Traceback (most recent call last):

  File "/home/rikka/zhenxun_bot/bot.py", line 28, in <module>
    nonebot.run()
    │       └ <function run at 0x7d8cc4be49a0>
    └ <module 'nonebot' from '/home/rikka/.cache/pypoetry/virtualenvs/zhenxun-bot-gvg9wKVR-py3.13/lib/python3.13/site-packages/none...

  File "/home/rikka/.cache/pypoetry/virtualenvs/zhenxun-bot-gvg9wKVR-py3.13/lib/python3.13/site-packages/nonebot/__init__.py", line 337, in run
    get_driver().run(*args, **kwargs)
    │                 │       └ {}
    │                 └ ()
    └ <function get_driver at 0x7d8cc4bda8e0>
  File "/home/rikka/.cache/pypoetry/virtualenvs/zhenxun-bot-gvg9wKVR-py3.13/lib/python3.13/site-packages/nonebot/drivers/fastapi.py", line 187, in run
    uvicorn.run(
    │       └ <function run at 0x7d8cc403a200>
    └ <module 'uvicorn' from '/home/rikka/.cache/pypoetry/virtualenvs/zhenxun-bot-gvg9wKVR-py3.13/lib/python3.13/site-packages/uvic...
  File "/home/rikka/.cache/pypoetry/virtualenvs/zhenxun-bot-gvg9wKVR-py3.13/lib/python3.13/site-packages/uvicorn/main.py", line 579, in run
    server.run()
    │      └ <function Server.run at 0x7d8cc4039a80>
    └ <uvicorn.server.Server object at 0x7d8bd18d2f90>
  File "/home/rikka/.cache/pypoetry/virtualenvs/zhenxun-bot-gvg9wKVR-py3.13/lib/python3.13/site-packages/uvicorn/server.py", line 66, in run
    return asyncio.run(self.serve(sockets=sockets))
           │       │   │    │             └ None
           │       │   │    └ <function Server.serve at 0x7d8cc4039b20>
           │       │   └ <uvicorn.server.Server object at 0x7d8bd18d2f90>
           │       └ <function run at 0x7d8cc6148860>
           └ <module 'asyncio' from '/usr/lib/python3.13/asyncio/__init__.py'>
  File "/usr/lib/python3.13/asyncio/runners.py", line 195, in run
    return runner.run(main)
           │      │   └ <coroutine object Server.serve at 0x7d8bd1671fc0>
           │      └ <function Runner.run at 0x7d8cc5938540>
           └ <asyncio.runners.Runner object at 0x7d8bd18d3620>
  File "/usr/lib/python3.13/asyncio/runners.py", line 118, in run
    return self._loop.run_until_complete(task)
           │    │     │                  └ <Task pending name='Task-1' coro=<Server.serve() running at /home/rikka/.cache/pypoetry/virtualenvs/zhenxun-bot-gvg9wKVR-py3....
           │    │     └ <cyfunction Loop.run_until_complete at 0x7d8bd11a9be0>
           │    └ <uvloop.Loop running=True closed=False debug=False>
           └ <asyncio.runners.Runner object at 0x7d8bd18d3620>
> File "/home/rikka/.cache/pypoetry/virtualenvs/zhenxun-bot-gvg9wKVR-py3.13/lib/python3.13/site-packages/apscheduler/executors/base.py", line 181, in run_coroutine_job
    retval = await job.func(*job.args, **job.kwargs)
                   │   │     │   │       │   └ <member 'kwargs' of 'Job' objects>
                   │   │     │   │       └ <Job (id=f2efab9f166e4635a25df14e34a76b91 name=_)>
                   │   │     │   └ <member 'args' of 'Job' objects>
                   │   │     └ <Job (id=f2efab9f166e4635a25df14e34a76b91 name=_)>
                   │   └ <member 'func' of 'Job' objects>
                   └ <Job (id=f2efab9f166e4635a25df14e34a76b91 name=_)>

  File "/home/rikka/zhenxun_bot/zhenxun/plugins/mahiro_report/__init__.py", line 108, in _
    await Report.get_report_image()
          │      └ <classmethod(<function Report.get_report_image at 0x7d8c93ae2fc0>)>
          └ <class 'zhenxun.plugins.mahiro_report.data_source.Report'>

  File "/home/rikka/zhenxun_bot/zhenxun/plugins/mahiro_report/data_source.py", line 41, in get_report_image
    for f in REPORT_PATH.iterdir():
             │           └ <function Path.iterdir at 0x7d8cc659da80>
             └ PosixPath('data/mahiro_report')

  File "/usr/lib/python3.13/pathlib/_local.py", line 575, in iterdir
    with os.scandir(root_dir) as scandir_it:
         │  │       └ 'data/mahiro_report'
         │  └ <built-in function scandir>
         └ <module 'os' (frozen)>

FileNotFoundError: [Errno 2] No such file or directory: 'data/mahiro_report'
03-01 00:01:06 [SUCCESS] nonebot | OneBot V11 3042447114 | [message.group.normal]: Message 360208639 from 3420224707@[群:645741432] '[image:summary=这张色图怎么样[图片],file=7A5A0417A2DE4A557EAAA937E81E55C9.jpg,sub_type=0,url=https://multimedia.nt.qq.com.cn/download?appid=1407&fileid=EhSgMBrH...,file_size=1735903]'
03-01 00:01:06 [INFO] nonebot | Event will be handled by Matcher(type='message', module=zhenxun.builtin_plugins.chat_history.chat_message, lineno=39)
03-01 00:01:06 [INFO] nonebot | Matcher(type='message', module=zhenxun.builtin_plugins.chat_history.chat_message, lineno=39) running complete
03-01 00:01:16 [SUCCESS] nonebot | OneBot V11 3042447114 | [message.group.normal]: Message 604014057 from 2425490754@[群:645741432] '一小时几万来着'
03-01 00:01:16 [INFO] nonebot | Event will be handled by Matcher(type='message', module=zhenxun.builtin_plugins.chat_history.chat_message, lineno=39)
03-01 00:01:16 [INFO] nonebot | Matcher(type='message', module=zhenxun.builtin_plugins.chat_history.chat_message, lineno=39) running complete
03-01 00:01:18 [SUCCESS] nonebot | OneBot V11 3042447114 | [message.group.normal]: Message 929238933 from 2425490754@[群:645741432] '忘了'
03-01 00:01:18 [INFO] nonebot | Event will be handled by Matcher(type='message', module=zhenxun.builtin_plugins.chat_history.chat_message, lineno=39)
03-01 00:01:18 [INFO] nonebot | Matcher(type='message', module=zhenxun.builtin_plugins.chat_history.chat_message, lineno=39) running complete
03-01 00:01:25 [SUCCESS] nonebot | OneBot V11 3042447114 | [message.group.normal]: Message 1289269396 from 2425490754@[群:645741432] '反正路亚一刀秒了'
03-01 00:01:25 [INFO] nonebot | Event will be handled by Matcher(type='message', module=zhenxun.builtin_plugins.chat_history.chat_message, lineno=39)
03-01 00:01:25 [INFO] nonebot | Matcher(type='message', module=zhenxun.builtin_plugins.chat_history.chat_message, lineno=39) running complete
03-01 00:01:29 [SUCCESS] nonebot | OneBot V11 3042447114 | [message.group.normal]: Message 1677073873 from 365103469@[群:645741432] '[at:qq=3420224707] 你LS被封了吗'
03-01 00:01:29 [INFO] nonebot | Event will be handled by Matcher(type='message', module=zhenxun.builtin_plugins.chat_history.chat_message, lineno=39)
03-01 00:01:29 [INFO] nonebot | Matcher(type='message', module=zhenxun.builtin_plugins.chat_history.chat_message, lineno=39) running complete
03-01 00:01:38 [SUCCESS] nonebot | OneBot V11 3042447114 | [message.group.normal]: Message 84070078 from 3420224707@[群:645741432] '是啊'
03-01 00:01:38 [INFO] nonebot | Event will be handled by Matcher(type='message', module=zhenxun.builtin_plugins.chat_history.chat_message, lineno=39)
03-01 00:01:38 [INFO] nonebot | Matcher(type='message', module=zhenxun.builtin_plugins.chat_history.chat_message, lineno=39) running complete
03-01 00:01:40 [SUCCESS] nonebot | OneBot V11 3042447114 | [message.group.normal]: Message 1012783800 from 2425490754@[群:645741432] '能秒的话挂3应该最好'
03-01 00:01:40 [INFO] nonebot | Event will be handled by Matcher(type='message', module=zhenxun.builtin_plugins.chat_history.chat_message, lineno=39)
03-01 00:01:40 [INFO] nonebot | Matcher(type='message', module=zhenxun.builtin_plugins.chat_history.chat_message, lineno=39) running complete
03-01 00:01:50 [SUCCESS] nonebot | OneBot V11 3042447114 | [message.group.normal]: Message 1287435822 from 2425490754@[群:645741432] '真被封吗'
03-01 00:01:50 [INFO] nonebot | Event will be handled by Matcher(type='message', module=zhenxun.builtin_plugins.chat_history.chat_message, lineno=39)
03-01 00:01:50 [INFO] nonebot | Matcher(type='message', module=zhenxun.builtin_plugins.chat_history.chat_message, lineno=39) running complete
03-01 00:01:56 [SUCCESS] nonebot | OneBot V11 3042447114 | [message.group.normal]: Message 1189320660 from 2425490754@[群:645741432] '我的号还好好的'
03-01 00:01:56 [INFO] nonebot | Event will be handled by Matcher(type='message', module=zhenxun.builtin_plugins.chat_history.chat_message, lineno=39)
03-01 00:01:56 [INFO] nonebot | Matcher(type='message', module=zhenxun.builtin_plugins.chat_history.chat_message, lineno=39) running complete
03-01 00:02:08 [SUCCESS] nonebot | OneBot V11 3042447114 | [message.group.normal]: Message 603323336 from 2425490754@[群:645741432] '群里面一堆开挂的没听说谁被封了'
03-01 00:02:08 [INFO] nonebot | Event will be handled by Matcher(type='message', module=zhenxun.builtin_plugins.chat_history.chat_message, lineno=39)
03-01 00:02:08 [INFO] nonebot | Matcher(type='message', module=zhenxun.builtin_plugins.chat_history.chat_message, lineno=39) running complete
03-01 00:02:09 [SUCCESS] nonebot | OneBot V11 3042447114 | [message.group.normal]: Message 503068433 from 365103469@[群:645741432] '[image:summary=,file={5E9A0876-DCB7-4AF3-A7EE-36B92F4AD5B0}.gif,sub_type=1,url=https://gchat.qpic.cn/gchatpic_new/0/0-0-5E9A0876DCB74AF3A7EE36B92F...,file_size=2623]没 他开了的'
03-01 00:02:09 [INFO] nonebot | Event will be handled by Matcher(type='message', module=zhenxun.builtin_plugins.chat_history.chat_message, lineno=39)
03-01 00:02:09 [INFO] nonebot | Matcher(type='message', module=zhenxun.builtin_plugins.chat_history.chat_message, lineno=39) running complete
03-01 00:02:10 [SUCCESS] nonebot | OneBot V11 3042447114 | [message.group.normal]: Message 418364360 from 2425490754@[群:645741432] '[image:summary=[动画表情],file=BCACFC27A90B970FF976845983418B7C.jpg,sub_type=1,url=https://multimedia.nt.qq.com.cn/download?appid=1407&fileid=EhTntrSX...,file_size=4407]'
03-01 00:02:10 [INFO] nonebot | Event will be handled by Matcher(type='message', module=zhenxun.builtin_plugins.chat_history.chat_message, lineno=39)
03-01 00:02:10 [INFO] nonebot | Matcher(type='message', module=zhenxun.builtin_plugins.chat_history.chat_message, lineno=39) running complete
03-01 00:02:30 [SUCCESS] nonebot | OneBot V11 3042447114 | [message.group.normal]: Message 608863449 from 574201959@[群:1032235226] '一直赞我'
03-01 00:02:30 [INFO] nonebot | Event will be handled by Matcher(type='message', module=zhenxun.builtin_plugins.chat_history.chat_message, lineno=39)
03-01 00:02:30 [INFO] nonebot | Matcher(type='message', module=zhenxun.builtin_plugins.chat_history.chat_message, lineno=39) running complete
03-01 00:02:30 [SUCCESS] nonebot | OneBot V11 3042447114 | [message.group.normal]: Message 1229683277 from 3631036719@[群:1032235226] '已记录，会每天自动给你点赞哦'
03-01 00:02:30 [INFO] nonebot | Event will be handled by Matcher(type='message', module=zhenxun.builtin_plugins.chat_history.chat_message, lineno=39)
03-01 00:02:30 [INFO] nonebot | Matcher(type='message', module=zhenxun.builtin_plugins.chat_history.chat_message, lineno=39) running complete
03-01 00:02:31 [SUCCESS] nonebot | OneBot V11 3042447114 | [message.group.normal]: Message 1184821811 from 1296371529@[群:1032235226] '已经给你点了50个赞！如果失败可以添加好友再试！'
03-01 00:02:31 [INFO] nonebot | Event will be handled by Matcher(type='message', module=zhenxun.builtin_plugins.chat_history.chat_message, lineno=39)
03-01 00:02:31 [INFO] nonebot | Matcher(type='message', module=zhenxun.builtin_plugins.chat_history.chat_message, lineno=39) running complete
03-01 00:02:33 [SUCCESS] nonebot | OneBot V11 3042447114 | [message.group.normal]: Message 931765747 from 2516167259@[群:1032235226] '[at:qq=574201959]\n给你点满了啦~\n(没成功的话加好友再试试~)'
03-01 00:02:33 [INFO] nonebot | Event will be handled by Matcher(type='message', module=zhenxun.builtin_plugins.chat_history.chat_message, lineno=39)
03-01 00:02:33 [INFO] nonebot | Matcher(type='message', module=zhenxun.builtin_plugins.chat_history.chat_message, lineno=39) running complete
03-01 00:02:36 [SUCCESS] nonebot | OneBot V11 3042447114 | [message.group.normal]: Message 801693377 from 2425490754@[群:645741432] '难不成你打迷宫 讨伐了'
03-01 00:02:36 [INFO] nonebot | Event will be handled by Matcher(type='message', module=zhenxun.builtin_plugins.chat_history.chat_message, lineno=39)
03-01 00:02:36 [INFO] nonebot | Matcher(type='message', module=zhenxun.builtin_plugins.chat_history.chat_message, lineno=39) running complete
03-01 00:03:03 [SUCCESS] nonebot | OneBot V11 3042447114 | [message.group.normal]: Message 1259887563 from 2246241738@[群:864523321] '[at:qq=837087169] 点一键通关全部剧情，点回城，然后大退，最后重进，就能回到时之塔界面'
03-01 00:03:03 [INFO] nonebot | Event will be handled by Matcher(type='message', module=zhenxun.builtin_plugins.chat_history.chat_message, lineno=39)
03-01 00:03:03 [INFO] nonebot | Matcher(type='message', module=zhenxun.builtin_plugins.chat_history.chat_message, lineno=39) running complete
03-01 00:03:07 [SUCCESS] nonebot | OneBot V11 3042447114 | [message.group.normal]: Message 2126924153 from 2223092771@[群:645741432] '[image:summary=,file=1D71D39511B1FCD79C3DF383880E8B8A.jpg,sub_type=0,url=https://multimedia.nt.qq.com.cn/download?appid=1407&fileid=EhQBUqiC...,file_size=236640]'
03-01 00:03:07 [INFO] nonebot | Event will be handled by Matcher(type='message', module=zhenxun.builtin_plugins.chat_history.chat_message, lineno=39)
03-01 00:03:07 [INFO] nonebot | Matcher(type='message', module=zhenxun.builtin_plugins.chat_history.chat_message, lineno=39) running complete
03-01 00:03:08 [SUCCESS] nonebot | OneBot V11 3042447114 | [message.group.normal]: Message 1817407972 from 574201959@[群:1032235226] '赞我'
03-01 00:03:08 [INFO] nonebot | Event will be handled by Matcher(type='message', module=zhenxun.builtin_plugins.chat_history.chat_message, lineno=39)
03-01 00:03:08 [INFO] nonebot | Matcher(type='message', module=zhenxun.builtin_plugins.chat_history.chat_message, lineno=39) running complete
03-01 00:03:09 [SUCCESS] nonebot | OneBot V11 3042447114 | [message.group.normal]: Message 857683733 from 1296371529@[群:1032235226] '😢我给不了你更多了哟~'
03-01 00:03:09 [INFO] nonebot | Event will be handled by Matcher(type='message', module=zhenxun.builtin_plugins.chat_history.chat_message, lineno=39)
03-01 00:03:09 [INFO] nonebot | Matcher(type='message', module=zhenxun.builtin_plugins.chat_history.chat_message, lineno=39) running complete
03-01 00:03:09 [SUCCESS] nonebot | OneBot V11 3042447114 | [message.group.normal]: Message 49157465 from 2783438601@[群:1032235226] '[reply:id=1817407972]给你点满了捏，记得回我qwq\n没成功的话加好友再试试~'
03-01 00:03:09 [INFO] nonebot | Event will be handled by Matcher(type='message', module=zhenxun.builtin_plugins.chat_history.chat_message, lineno=39)
03-01 00:03:09 [INFO] nonebot | Matcher(type='message', module=zhenxun.builtin_plugins.chat_history.chat_message, lineno=39) running complete
03-01 00:03:09 [SUCCESS] nonebot | OneBot V11 3042447114 | [message.group.normal]: Message 1554958791 from 2251077522@[群:1032235226] '已经给你点了50个赞！如果失败可以添加好友再试！ 哈唔~~'
03-01 00:03:09 [INFO] nonebot | Event will be handled by Matcher(type='message', module=zhenxun.builtin_plugins.chat_history.chat_message, lineno=39)
03-01 00:03:09 [INFO] nonebot | Matcher(type='message', module=zhenxun.builtin_plugins.chat_history.chat_message, lineno=39) running complete
03-01 00:03:10 [SUCCESS] nonebot | OneBot V11 3042447114 | [message.group.normal]: Message 1117039027 from 2045515324@[群:1032235226] '[reply:id=1817407972]已赞你，成功次数: 3，尝试次数: 3'
03-01 00:03:10 [INFO] nonebot | Event will be handled by Matcher(type='message', module=zhenxun.builtin_plugins.chat_history.chat_message, lineno=39)
03-01 00:03:10 [INFO] nonebot | Matcher(type='message', module=zhenxun.builtin_plugins.chat_history.chat_message, lineno=39) running complete
03-01 00:03:11 [SUCCESS] nonebot | OneBot V11 3042447114 | [message.group.normal]: Message 403003877 from 2516167259@[群:1032235226] '[at:qq=574201959]\n给你点满了啦~\n(没成功的话加好友再试试~)'
03-01 00:03:11 [INFO] nonebot | Event will be handled by Matcher(type='message', module=zhenxun.builtin_plugins.chat_history.chat_message, lineno=39)
03-01 00:03:11 [INFO] nonebot | Matcher(type='message', module=zhenxun.builtin_plugins.chat_history.chat_message, lineno=39) running complete
03-01 00:03:11 [SUCCESS] nonebot | OneBot V11 3042447114 | [message.group.normal]: Message 336945775 from 235286661@[群:1032235226] '[reply:id=1817407972][at:qq=574201959]给你赞了50下哦，记得回我~[image:summary=,file=23d4d86ab2ce2296e5d6b51d49582ddf.jpg,sub_type=0,url=https://gchat.qpic.cn/gchatpic_new/0/0-0-23D4D86AB2CE2296E5D6B51D49...,file_size=167023]'
03-01 00:03:11 [INFO] nonebot | Event will be handled by Matcher(type='message', module=zhenxun.builtin_plugins.chat_history.chat_message, lineno=39)
03-01 00:03:11 [INFO] nonebot | Matcher(type='message', module=zhenxun.builtin_plugins.chat_history.chat_message, lineno=39) running complete
03-01 00:03:13 [SUCCESS] nonebot | OneBot V11 3042447114 | [message.group.normal]: Message 1450111617 from 2223092771@[群:645741432] '对面这阵容咋解'
03-01 00:03:13 [INFO] nonebot | Event will be handled by Matcher(type='message', module=zhenxun.builtin_plugins.chat_history.chat_message, lineno=39)
03-01 00:03:13 [INFO] nonebot | Matcher(type='message', module=zhenxun.builtin_plugins.chat_history.chat_message, lineno=39) running complete
03-01 00:03:15 [SUCCESS] nonebot | OneBot V11 3042447114 | [message.group.normal]: Message 957354493 from 3631036719@[群:1032235226] '已点赞'
03-01 00:03:15 [INFO] nonebot | Event will be handled by Matcher(type='message', module=zhenxun.builtin_plugins.chat_history.chat_message, lineno=39)
03-01 00:03:15 [INFO] nonebot | Matcher(type='message', module=zhenxun.builtin_plugins.chat_history.chat_message, lineno=39) running complete
03-01 00:03:15 [SUCCESS] nonebot | OneBot V11 3042447114 | [message.group.normal]: Message 1041606729 from 3049339412@[群:1032235226] '已点赞'
03-01 00:03:15 [INFO] nonebot | Event will be handled by Matcher(type='message', module=zhenxun.builtin_plugins.chat_history.chat_message, lineno=39)
03-01 00:03:15 [INFO] nonebot | Matcher(type='message', module=zhenxun.builtin_plugins.chat_history.chat_message, lineno=39) running complete
03-01 00:03:31 [SUCCESS] nonebot | OneBot V11 3042447114 | [message.group.normal]: Message 478413163 from 534652970@[群:475899384] '[image:summary=[动画表情],file=4225E0C7B760CF5247FDD997048136F2.jpg,sub_type=1,url=https://multimedia.nt.qq.com.cn/download?appid=1407&fileid=EhQQ7iLS...,file_size=5346]'
03-01 00:03:31 [INFO] nonebot | Event will be handled by Matcher(type='message', module=zhenxun.builtin_plugins.chat_history.chat_message, lineno=39)
03-01 00:03:31 [INFO] nonebot | Matcher(type='message', module=zhenxun.builtin_plugins.chat_history.chat_message, lineno=39) running complete
03-01 00:03:32 [SUCCESS] nonebot | OneBot V11 3042447114 | [notice.group_recall]: {'time': 1740758612, 'self_id': 3042447114, 'post_type': 'notice', 'notice_type': 'group_recall', 'user_id': 235286661, 'group_id': 1032235226, 'operator_id': 235286661, 'message_id': 336945775}
03-01 00:03:32 [INFO] nonebot | Event will be handled by Matcher(type='notice', module=zhenxun.plugins.zhenxun_plugin_draw_painting, lineno=61)
03-01 00:03:32 [INFO] nonebot | Event will be handled by Matcher(type='notice', module=zhenxun.plugins.zhenxun_plugin_draw_painting, lineno=62)
03-01 00:03:32 [INFO] nonebot | Event will be handled by Matcher(type='notice', module=zhenxun.plugins.monitor, lineno=18)
03-01 00:03:32 [INFO] nonebot | Event will be handled by Matcher(type='notice', module=zhenxun.plugins.monitor, lineno=19)
03-01 00:03:32 [INFO] nonebot | Event will be handled by Matcher(type='notice', module=zhenxun.plugins.monitor, lineno=20)
03-01 00:03:32 [INFO] nonebot | Matcher(type='notice', module=zhenxun.plugins.zhenxun_plugin_draw_painting, lineno=62) running complete
03-01 00:03:32 [INFO] nonebot | Matcher(type='notice', module=zhenxun.plugins.monitor, lineno=19) running complete
03-01 00:03:32 [INFO] nonebot | Matcher(type='notice', module=zhenxun.plugins.monitor, lineno=20) running complete
03-01 00:03:32 [INFO] nonebot | Matcher(type='notice', module=zhenxun.plugins.monitor, lineno=18) running complete
03-01 00:03:32 [INFO] nonebot | Matcher(type='notice', module=zhenxun.plugins.zhenxun_plugin_draw_painting, lineno=61) running complete
03-01 00:03:49 [SUCCESS] nonebot | OneBot V11 3042447114 | [message.group.normal]: Message 1703854641 from 1446197706@[群:645741432] '上个灵芝'
03-01 00:03:49 [INFO] nonebot | Event will be handled by Matcher(type='message', module=zhenxun.builtin_plugins.chat_history.chat_message, lineno=39)
03-01 00:03:49 [INFO] nonebot | Matcher(type='message', module=zhenxun.builtin_plugins.chat_history.chat_message, lineno=39) running complete
03-01 00:04:08 [SUCCESS] nonebot | OneBot V11 3042447114 | [notice.group_recall]: {'time': 1740758648, 'self_id': 3042447114, 'post_type': 'notice', 'notice_type': 'group_recall', 'user_id': 3042447114, 'group_id': 1032235226, 'operator_id': 1060999175, 'message_id': 622833593}
03-01 00:04:08 [INFO] nonebot | Event will be handled by Matcher(type='notice', module=zhenxun.plugins.zhenxun_plugin_draw_painting, lineno=61)
03-01 00:04:08 [INFO] nonebot | Event will be handled by Matcher(type='notice', module=zhenxun.plugins.zhenxun_plugin_draw_painting, lineno=62)
03-01 00:04:08 [INFO] nonebot | Event will be handled by Matcher(type='notice', module=zhenxun.plugins.monitor, lineno=18)
03-01 00:04:08 [INFO] nonebot | Event will be handled by Matcher(type='notice', module=zhenxun.plugins.monitor, lineno=19)
03-01 00:04:08 [INFO] nonebot | Event will be handled by Matcher(type='notice', module=zhenxun.plugins.monitor, lineno=20)
03-01 00:04:08 [INFO] nonebot | Matcher(type='notice', module=zhenxun.plugins.zhenxun_plugin_draw_painting, lineno=61) running complete
03-01 00:04:08 [INFO] nonebot | Matcher(type='notice', module=zhenxun.plugins.monitor, lineno=18) running complete
03-01 00:04:08 [INFO] nonebot | Matcher(type='notice', module=zhenxun.plugins.monitor, lineno=20) running complete
03-01 00:04:08 [INFO] nonebot | Matcher(type='notice', module=zhenxun.plugins.zhenxun_plugin_draw_painting, lineno=62) running complete
03-01 00:04:08 [INFO] nonebot | Matcher(type='notice', module=zhenxun.plugins.monitor, lineno=19) running complete
03-01 00:04:14 [SUCCESS] nonebot | OneBot V11 3042447114 | [message.group.normal]: Message 212807749 from 1183921197@[群:308422658] '[reply:id=1400061908][at:qq=3042447114] 沙雕'
03-01 00:04:14 [INFO] nonebot | Event will be handled by Matcher(type='message', module=zhenxun.builtin_plugins.chat_history.chat_message, lineno=39)
03-01 00:04:14 [INFO] nonebot | Matcher(type='message', module=zhenxun.builtin_plugins.chat_history.chat_message, lineno=39) running complete
03-01 00:04:14 [INFO] nonebot | Event will be handled by Matcher(type='message', module=zhenxun.builtin_plugins.help_help, lineno=32)
03-01 00:04:14 [INFO] nonebot | Matcher(type='message', module=zhenxun.builtin_plugins.help_help, lineno=32) running complete
03-01 00:04:20 [SUCCESS] nonebot | OneBot V11 3042447114 | [message.group.normal]: Message 29630489 from 365103469@[群:645741432] '他这等级绫织魅惑会被尤利娅清掉的'
03-01 00:04:20 [INFO] nonebot | Event will be handled by Matcher(type='message', module=zhenxun.builtin_plugins.chat_history.chat_message, lineno=39)
03-01 00:04:20 [INFO] nonebot | Matcher(type='message', module=zhenxun.builtin_plugins.chat_history.chat_message, lineno=39) running complete
03-01 00:04:27 [SUCCESS] nonebot | OneBot V11 3042447114 | [message.group.normal]: Message 1440521552 from 1280558709@[群:645741432] '[image:summary=,file=F94431CA7BD571411207E921E8C6D68F.jpg,sub_type=0,url=https://multimedia.nt.qq.com.cn/download?appid=1407&fileid=EhTmLKkp...,file_size=215759]'
03-01 00:04:27 [INFO] nonebot | Event will be handled by Matcher(type='message', module=zhenxun.builtin_plugins.chat_history.chat_message, lineno=39)
03-01 00:04:27 [INFO] nonebot | Matcher(type='message', module=zhenxun.builtin_plugins.chat_history.chat_message, lineno=39) running complete
03-01 00:04:28 [SUCCESS] nonebot | OneBot V11 3042447114 | [message.group.normal]: Message 1241246785 from 1280558709@[群:645741432] '梅林大成'
03-01 00:04:28 [INFO] nonebot | Event will be handled by Matcher(type='message', module=zhenxun.builtin_plugins.chat_history.chat_message, lineno=39)
03-01 00:04:28 [INFO] nonebot | Matcher(type='message', module=zhenxun.builtin_plugins.chat_history.chat_message, lineno=39) running complete
03-01 00:04:53 [SUCCESS] nonebot | OneBot V11 3042447114 | [message.group.normal]: Message 1398124193 from 365103469@[群:645741432] '其实你能卡的住对面前排 丽泽能剑雨解决对面这群'
03-01 00:04:53 [INFO] nonebot | Event will be handled by Matcher(type='message', module=zhenxun.builtin_plugins.chat_history.chat_message, lineno=39)
03-01 00:04:53 [INFO] nonebot | Matcher(type='message', module=zhenxun.builtin_plugins.chat_history.chat_message, lineno=39) running complete
03-01 00:05:10 [SUCCESS] nonebot | OneBot V11 3042447114 | [message.group.normal]: Message 1755704245 from 1973539608@[群:645741432] '[at:qq=1280558709] 牛逼啊'
03-01 00:05:10 [INFO] nonebot | Event will be handled by Matcher(type='message', module=zhenxun.builtin_plugins.chat_history.chat_message, lineno=39)
03-01 00:05:10 [INFO] nonebot | Matcher(type='message', module=zhenxun.builtin_plugins.chat_history.chat_message, lineno=39) running complete
03-01 00:05:17 [SUCCESS] nonebot | OneBot V11 3042447114 | [message.group.normal]: Message 1620376872 from 1446197706@[群:645741432] '那疯批位置换一下伊迪斯对秋 疯批饿狼枪看能捅到啥程度'
03-01 00:05:17 [INFO] nonebot | Event will be handled by Matcher(type='message', module=zhenxun.builtin_plugins.chat_history.chat_message, lineno=39)
03-01 00:05:17 [INFO] nonebot | Matcher(type='message', module=zhenxun.builtin_plugins.chat_history.chat_message, lineno=39) running complete
03-01 00:05:30 [SUCCESS] nonebot | OneBot V11 3042447114 | [message.group.normal]: Message 1969617478 from 2542848206@[群:392644938] '晚好'
03-01 00:05:30 [INFO] nonebot | Event will be handled by Matcher(type='message', module=zhenxun.builtin_plugins.chat_history.chat_message, lineno=39)
03-01 00:05:30 [INFO] nonebot | Matcher(type='message', module=zhenxun.builtin_plugins.chat_history.chat_message, lineno=39) running complete
03-01 00:05:30 [SUCCESS] nonebot | OneBot V11 3042447114 | [message.group.normal]: Message 1677433696 from 3056330295@[群:475899384] '[image:summary=,file=4225E0C7B760CF5247FDD997048136F2.jpg,sub_type=0,url=https://multimedia.nt.qq.com.cn/download?appid=1407&fileid=EhQQ7iLS...,file_size=5346]'
03-01 00:05:30 [INFO] nonebot | Event will be handled by Matcher(type='message', module=zhenxun.builtin_plugins.chat_history.chat_message, lineno=39)
03-01 00:05:30 [INFO] nonebot | Matcher(type='message', module=zhenxun.builtin_plugins.chat_history.chat_message, lineno=39) running complete
03-01 00:05:36 [SUCCESS] nonebot | OneBot V11 3042447114 | [message.group.normal]: Message 171329141 from 1433290406@[群:475899384] '【“我在鳞渊境开海前，你对我说的最后一句话是什么？”  “......”  “答对了，记性不错”万敌缓缓打出一个？】 https://www.bilibili.com/video/BV1iLPjerEn5/?share_source=copy_web&vd_source=f91fe70fe2439860fca1c607505c7e18'
03-01 00:05:36 [INFO] nonebot | Event will be handled by Matcher(type='message', module=zhenxun.builtin_plugins.chat_history.chat_message, lineno=39)
03-01 00:05:36 [INFO] nonebot | Matcher(type='message', module=zhenxun.builtin_plugins.chat_history.chat_message, lineno=39) running complete
03-01 00:05:37 [SUCCESS] nonebot | OneBot V11 3042447114 | [message.group.normal]: Message 1342537436 from 365103469@[群:645741432] '对面又没嘲讽的 位置好剑雨直接收了'
03-01 00:05:37 [INFO] nonebot | Event will be handled by Matcher(type='message', module=zhenxun.builtin_plugins.chat_history.chat_message, lineno=39)
03-01 00:05:37 [INFO] nonebot | Matcher(type='message', module=zhenxun.builtin_plugins.chat_history.chat_message, lineno=39) running complete
03-01 00:05:49 [SUCCESS] nonebot | OneBot V11 3042447114 | [message.group.normal]: Message 1625540396 from 485516179@[群:308422658] '[at:qq=1183921197] 人家头像背景是透明的，你有白底'
03-01 00:05:49 [INFO] nonebot | Event will be handled by Matcher(type='message', module=zhenxun.builtin_plugins.chat_history.chat_message, lineno=39)
03-01 00:05:49 [INFO] nonebot | Matcher(type='message', module=zhenxun.builtin_plugins.chat_history.chat_message, lineno=39) running complete
03-01 00:05:49 [SUCCESS] nonebot | OneBot V11 3042447114 | [message.group.normal]: Message 961768673 from 2223092771@[群:645741432] '对面技能太快了'
03-01 00:05:49 [INFO] nonebot | Event will be handled by Matcher(type='message', module=zhenxun.builtin_plugins.chat_history.chat_message, lineno=39)
03-01 00:05:49 [INFO] nonebot | Matcher(type='message', module=zhenxun.builtin_plugins.chat_history.chat_message, lineno=39) running complete
03-01 00:05:51 [SUCCESS] nonebot | OneBot V11 3042447114 | [message.group.normal]: Message 391812370 from 1280558709@[群:645741432] '梅林确实只能算个辅c'
03-01 00:05:51 [INFO] nonebot | Event will be handled by Matcher(type='message', module=zhenxun.builtin_plugins.chat_history.chat_message, lineno=39)
03-01 00:05:51 [INFO] nonebot | Matcher(type='message', module=zhenxun.builtin_plugins.chat_history.chat_message, lineno=39) running complete
03-01 00:05:55 [SUCCESS] nonebot | OneBot V11 3042447114 | [message.group.normal]: Message 927177454 from 3575451613@[群:864523321] '[image:summary=[动画表情],file=7B6B53E524E39761E2FDE94953C3DF60.jpg,sub_type=1,url=https://multimedia.nt.qq.com.cn/download?appid=1407&fileid=EhRIt9B3...,file_size=90146]'
03-01 00:05:55 [INFO] nonebot | Event will be handled by Matcher(type='message', module=zhenxun.builtin_plugins.chat_history.chat_message, lineno=39)
03-01 00:05:55 [INFO] nonebot | Matcher(type='message', module=zhenxun.builtin_plugins.chat_history.chat_message, lineno=39) running complete
03-01 00:06:01 [SUCCESS] nonebot | OneBot V11 3042447114 | [message.group.normal]: Message 1462793135 from 2223092771@[群:645741432] '两个输出飞我后排'
03-01 00:06:01 [INFO] nonebot | Event will be handled by Matcher(type='message', module=zhenxun.builtin_plugins.chat_history.chat_message, lineno=39)
03-01 00:06:01 [INFO] nonebot | Matcher(type='message', module=zhenxun.builtin_plugins.chat_history.chat_message, lineno=39) running complete
03-01 00:06:15 [SUCCESS] nonebot | OneBot V11 3042447114 | [message.group.normal]: Message 742824912 from 365103469@[群:645741432] '也没太快吧'
03-01 00:06:15 [INFO] nonebot | Event will be handled by Matcher(type='message', module=zhenxun.builtin_plugins.chat_history.chat_message, lineno=39)
03-01 00:06:15 [INFO] nonebot | Matcher(type='message', module=zhenxun.builtin_plugins.chat_history.chat_message, lineno=39) running complete
03-01 00:06:15 [SUCCESS] nonebot | OneBot V11 3042447114 | [message.group.normal]: Message 172153424 from 1446197706@[群:645741432] '[reply:id=29630489][at:qq=365103469] 灵芝的法阵扣蓝'
03-01 00:06:15 [INFO] nonebot | Event will be handled by Matcher(type='message', module=zhenxun.builtin_plugins.chat_history.chat_message, lineno=39)
03-01 00:06:15 [INFO] nonebot | Matcher(type='message', module=zhenxun.builtin_plugins.chat_history.chat_message, lineno=39) running complete
03-01 00:06:18 [SUCCESS] nonebot | OneBot V11 3042447114 | [message.group.normal]: Message 1096485868 from 1446197706@[群:645741432] '能拖秋'
03-01 00:06:18 [INFO] nonebot | Event will be handled by Matcher(type='message', module=zhenxun.builtin_plugins.chat_history.chat_message, lineno=39)
03-01 00:06:18 [INFO] nonebot | Matcher(type='message', module=zhenxun.builtin_plugins.chat_history.chat_message, lineno=39) running complete
03-01 00:06:21 [SUCCESS] nonebot | OneBot V11 3042447114 | [message.group.normal]: Message 604263359 from 1183921197@[群:308422658] '不点开没人知道[at:qq=485516179]'
03-01 00:06:21 [INFO] nonebot | Event will be handled by Matcher(type='message', module=zhenxun.builtin_plugins.chat_history.chat_message, lineno=39)
03-01 00:06:21 [INFO] nonebot | Matcher(type='message', module=zhenxun.builtin_plugins.chat_history.chat_message, lineno=39) running complete
03-01 00:06:26 [SUCCESS] nonebot | OneBot V11 3042447114 | [message.group.normal]: Message 1302368883 from 365103469@[群:645741432] '如果快那你上红兰'
03-01 00:06:26 [INFO] nonebot | Event will be handled by Matcher(type='message', module=zhenxun.builtin_plugins.chat_history.chat_message, lineno=39)
03-01 00:06:26 [INFO] nonebot | Matcher(type='message', module=zhenxun.builtin_plugins.chat_history.chat_message, lineno=39) running complete
03-01 00:06:35 [SUCCESS] nonebot | OneBot V11 3042447114 | [message.group.normal]: Message 1992111472 from 365103469@[群:645741432] '包你能拖住的'
03-01 00:06:35 [INFO] nonebot | Event will be handled by Matcher(type='message', module=zhenxun.builtin_plugins.chat_history.chat_message, lineno=39)
03-01 00:06:35 [INFO] nonebot | Matcher(type='message', module=zhenxun.builtin_plugins.chat_history.chat_message, lineno=39) running complete
03-01 00:06:36 [SUCCESS] nonebot | OneBot V11 3042447114 | [message.group.normal]: Message 2010385981 from 485516179@[群:308422658] '[image:summary=,file=8D984801E639A074FA2FCA23EF9C5366.jpg,sub_type=0,url=https://multimedia.nt.qq.com.cn/download?appid=1407&fileid=EhR2adcj...,file_size=172753]'
03-01 00:06:36 [INFO] nonebot | Event will be handled by Matcher(type='message', module=zhenxun.builtin_plugins.chat_history.chat_message, lineno=39)
03-01 00:06:36 [INFO] nonebot | Matcher(type='message', module=zhenxun.builtin_plugins.chat_history.chat_message, lineno=39) running complete
03-01 00:06:37 [SUCCESS] nonebot | OneBot V11 3042447114 | [message.group.normal]: Message 3861241 from 1280558709@[群:645741432] '伤害没有凯伊高😂'
03-01 00:06:38 [INFO] nonebot | Event will be handled by Matcher(type='message', module=zhenxun.builtin_plugins.chat_history.chat_message, lineno=39)
03-01 00:06:38 [INFO] nonebot | Matcher(type='message', module=zhenxun.builtin_plugins.chat_history.chat_message, lineno=39) running complete
03-01 00:06:40 [SUCCESS] nonebot | OneBot V11 3042447114 | [message.group.normal]: Message 2110516817 from 485516179@[群:308422658] '我这边看的挺清楚的'
03-01 00:06:40 [INFO] nonebot | Event will be handled by Matcher(type='message', module=zhenxun.builtin_plugins.chat_history.chat_message, lineno=39)
03-01 00:06:40 [INFO] nonebot | Matcher(type='message', module=zhenxun.builtin_plugins.chat_history.chat_message, lineno=39) running complete
03-01 00:06:46 [SUCCESS] nonebot | OneBot V11 3042447114 | [message.group.normal]: Message 1735249491 from 1280558709@[群:645741432] '更不用说鲁亚了'
03-01 00:06:46 [INFO] nonebot | Event will be handled by Matcher(type='message', module=zhenxun.builtin_plugins.chat_history.chat_message, lineno=39)
03-01 00:06:46 [INFO] nonebot | Matcher(type='message', module=zhenxun.builtin_plugins.chat_history.chat_message, lineno=39) running complete
03-01 00:07:04 [SUCCESS] nonebot | OneBot V11 3042447114 | [message.group.normal]: Message 849555774 from 2223092771@[群:645741432] '我试试'
03-01 00:07:04 [INFO] nonebot | Event will be handled by Matcher(type='message', module=zhenxun.builtin_plugins.chat_history.chat_message, lineno=39)
03-01 00:07:04 [INFO] nonebot | Matcher(type='message', module=zhenxun.builtin_plugins.chat_history.chat_message, lineno=39) running complete
03-01 00:07:08 [SUCCESS] nonebot | OneBot V11 3042447114 | [message.group.normal]: Message 1044653212 from 1183921197@[群:308422658] '你背景太花里胡哨了'
03-01 00:07:08 [INFO] nonebot | Event will be handled by Matcher(type='message', module=zhenxun.builtin_plugins.chat_history.chat_message, lineno=39)
03-01 00:07:08 [INFO] nonebot | Matcher(type='message', module=zhenxun.builtin_plugins.chat_history.chat_message, lineno=39) running complete
03-01 00:07:12 [SUCCESS] nonebot | OneBot V11 3042447114 | [message.group.normal]: Message 2110265666 from 1355363221@[群:308422658] '[image:summary=,file=71441BD01327C4A8672EDCC0210F04BA.jpg,sub_type=0,url=https://multimedia.nt.qq.com.cn/download?appid=1407&fileid=EhSRjSC6...,file_size=108352]'
03-01 00:07:12 [INFO] nonebot | Event will be handled by Matcher(type='message', module=zhenxun.builtin_plugins.chat_history.chat_message, lineno=39)
03-01 00:07:12 [INFO] nonebot | Matcher(type='message', module=zhenxun.builtin_plugins.chat_history.chat_message, lineno=39) running complete
03-01 00:07:18 [SUCCESS] nonebot | OneBot V11 3042447114 | [message.group.normal]: Message 817091079 from 1355363221@[群:308422658] '我默认也看的清楚'
03-01 00:07:18 [INFO] nonebot | Event will be handled by Matcher(type='message', module=zhenxun.builtin_plugins.chat_history.chat_message, lineno=39)
03-01 00:07:18 [INFO] nonebot | Matcher(type='message', module=zhenxun.builtin_plugins.chat_history.chat_message, lineno=39) running complete
03-01 00:07:20 [SUCCESS] nonebot | OneBot V11 3042447114 | [message.group.normal]: Message 1662384118 from 1355363221@[群:308422658] '[image:summary=[动画表情],file=524A92D44BAAA7A5181ED970173A8013.jpg,sub_type=1,url=https://multimedia.nt.qq.com.cn/download?appid=1407&fileid=EhQbc3pk...,file_size=793]'
03-01 00:07:20 [INFO] nonebot | Event will be handled by Matcher(type='message', module=zhenxun.builtin_plugins.chat_history.chat_message, lineno=39)
03-01 00:07:20 [INFO] nonebot | Matcher(type='message', module=zhenxun.builtin_plugins.chat_history.chat_message, lineno=39) running complete
03-01 00:07:30 [SUCCESS] nonebot | OneBot V11 3042447114 | [notice.group_recall]: {'time': 1740758850, 'self_id': 3042447114, 'post_type': 'notice', 'notice_type': 'group_recall', 'user_id': 574201959, 'group_id': 1032235226, 'operator_id': 1060999175, 'message_id': 608863449}
03-01 00:07:30 [INFO] nonebot | Event will be handled by Matcher(type='notice', module=zhenxun.plugins.zhenxun_plugin_draw_painting, lineno=61)
03-01 00:07:30 [INFO] nonebot | Event will be handled by Matcher(type='notice', module=zhenxun.plugins.zhenxun_plugin_draw_painting, lineno=62)
03-01 00:07:30 [INFO] nonebot | Event will be handled by Matcher(type='notice', module=zhenxun.plugins.monitor, lineno=18)
03-01 00:07:30 [INFO] nonebot | Event will be handled by Matcher(type='notice', module=zhenxun.plugins.monitor, lineno=19)
03-01 00:07:30 [INFO] nonebot | Event will be handled by Matcher(type='notice', module=zhenxun.plugins.monitor, lineno=20)
03-01 00:07:30 [INFO] nonebot | Matcher(type='notice', module=zhenxun.plugins.monitor, lineno=18) running complete
03-01 00:07:30 [INFO] nonebot | Matcher(type='notice', module=zhenxun.plugins.zhenxun_plugin_draw_painting, lineno=62) running complete
03-01 00:07:30 [INFO] nonebot | Matcher(type='notice', module=zhenxun.plugins.zhenxun_plugin_draw_painting, lineno=61) running complete
03-01 00:07:30 [INFO] nonebot | Matcher(type='notice', module=zhenxun.plugins.monitor, lineno=20) running complete
03-01 00:07:30 [INFO] nonebot | Matcher(type='notice', module=zhenxun.plugins.monitor, lineno=19) running complete
03-01 00:07:30 [SUCCESS] nonebot | OneBot V11 3042447114 | [notice.group_recall]: {'time': 1740758850, 'self_id': 3042447114, 'post_type': 'notice', 'notice_type': 'group_recall', 'user_id': 3631036719, 'group_id': 1032235226, 'operator_id': 1060999175, 'message_id': 1229683277}
03-01 00:07:30 [INFO] nonebot | Event will be handled by Matcher(type='notice', module=zhenxun.plugins.zhenxun_plugin_draw_painting, lineno=61)
03-01 00:07:30 [INFO] nonebot | Event will be handled by Matcher(type='notice', module=zhenxun.plugins.zhenxun_plugin_draw_painting, lineno=62)
03-01 00:07:30 [INFO] nonebot | Event will be handled by Matcher(type='notice', module=zhenxun.plugins.monitor, lineno=18)
03-01 00:07:30 [INFO] nonebot | Event will be handled by Matcher(type='notice', module=zhenxun.plugins.monitor, lineno=19)
03-01 00:07:30 [INFO] nonebot | Event will be handled by Matcher(type='notice', module=zhenxun.plugins.monitor, lineno=20)
03-01 00:07:30 [INFO] nonebot | Matcher(type='notice', module=zhenxun.plugins.monitor, lineno=18) running complete
03-01 00:07:30 [INFO] nonebot | Matcher(type='notice', module=zhenxun.plugins.monitor, lineno=20) running complete
03-01 00:07:30 [INFO] nonebot | Matcher(type='notice', module=zhenxun.plugins.zhenxun_plugin_draw_painting, lineno=61) running complete
03-01 00:07:30 [INFO] nonebot | Matcher(type='notice', module=zhenxun.plugins.zhenxun_plugin_draw_painting, lineno=62) running complete
03-01 00:07:30 [INFO] nonebot | Matcher(type='notice', module=zhenxun.plugins.monitor, lineno=19) running complete
03-01 00:07:31 [SUCCESS] nonebot | OneBot V11 3042447114 | [notice.group_recall]: {'time': 1740758851, 'self_id': 3042447114, 'post_type': 'notice', 'notice_type': 'group_recall', 'user_id': 1296371529, 'group_id': 1032235226, 'operator_id': 1060999175, 'message_id': 1184821811}
03-01 00:07:31 [INFO] nonebot | Event will be handled by Matcher(type='notice', module=zhenxun.plugins.zhenxun_plugin_draw_painting, lineno=61)
03-01 00:07:31 [INFO] nonebot | Event will be handled by Matcher(type='notice', module=zhenxun.plugins.zhenxun_plugin_draw_painting, lineno=62)
03-01 00:07:31 [INFO] nonebot | Event will be handled by Matcher(type='notice', module=zhenxun.plugins.monitor, lineno=18)
03-01 00:07:31 [INFO] nonebot | Event will be handled by Matcher(type='notice', module=zhenxun.plugins.monitor, lineno=19)
03-01 00:07:31 [INFO] nonebot | Event will be handled by Matcher(type='notice', module=zhenxun.plugins.monitor, lineno=20)
03-01 00:07:31 [INFO] nonebot | Matcher(type='notice', module=zhenxun.plugins.monitor, lineno=18) running complete
03-01 00:07:31 [INFO] nonebot | Matcher(type='notice', module=zhenxun.plugins.monitor, lineno=19) running complete
03-01 00:07:31 [INFO] nonebot | Matcher(type='notice', module=zhenxun.plugins.monitor, lineno=20) running complete
03-01 00:07:31 [INFO] nonebot | Matcher(type='notice', module=zhenxun.plugins.zhenxun_plugin_draw_painting, lineno=62) running complete
03-01 00:07:31 [INFO] nonebot | Matcher(type='notice', module=zhenxun.plugins.zhenxun_plugin_draw_painting, lineno=61) running complete
03-01 00:07:33 [SUCCESS] nonebot | OneBot V11 3042447114 | [notice.group_recall]: {'time': 1740758853, 'self_id': 3042447114, 'post_type': 'notice', 'notice_type': 'group_recall', 'user_id': 2516167259, 'group_id': 1032235226, 'operator_id': 1060999175, 'message_id': 931765747}
03-01 00:07:33 [INFO] nonebot | Event will be handled by Matcher(type='notice', module=zhenxun.plugins.zhenxun_plugin_draw_painting, lineno=61)
03-01 00:07:33 [INFO] nonebot | Event will be handled by Matcher(type='notice', module=zhenxun.plugins.zhenxun_plugin_draw_painting, lineno=62)
03-01 00:07:33 [INFO] nonebot | Event will be handled by Matcher(type='notice', module=zhenxun.plugins.monitor, lineno=18)
03-01 00:07:33 [INFO] nonebot | Event will be handled by Matcher(type='notice', module=zhenxun.plugins.monitor, lineno=19)
03-01 00:07:33 [INFO] nonebot | Event will be handled by Matcher(type='notice', module=zhenxun.plugins.monitor, lineno=20)
03-01 00:07:33 [INFO] nonebot | Matcher(type='notice', module=zhenxun.plugins.zhenxun_plugin_draw_painting, lineno=61) running complete
03-01 00:07:33 [INFO] nonebot | Matcher(type='notice', module=zhenxun.plugins.monitor, lineno=19) running complete
03-01 00:07:33 [INFO] nonebot | Matcher(type='notice', module=zhenxun.plugins.zhenxun_plugin_draw_painting, lineno=62) running complete
03-01 00:07:33 [INFO] nonebot | Matcher(type='notice', module=zhenxun.plugins.monitor, lineno=20) running complete
03-01 00:07:33 [INFO] nonebot | Matcher(type='notice', module=zhenxun.plugins.monitor, lineno=18) running complete
03-01 00:07:34 [SUCCESS] nonebot | OneBot V11 3042447114 | [message.group.normal]: Message 666819079 from 1183921197@[群:308422658] '你没看大群一堆人看不出来'
03-01 00:07:34 [INFO] nonebot | Event will be handled by Matcher(type='message', module=zhenxun.builtin_plugins.chat_history.chat_message, lineno=39)
03-01 00:07:34 [INFO] nonebot | Matcher(type='message', module=zhenxun.builtin_plugins.chat_history.chat_message, lineno=39) running complete
03-01 00:07:38 [SUCCESS] nonebot | OneBot V11 3042447114 | [message.group.normal]: Message 776813429 from 1973539608@[群:645741432] '[at:qq=1280558709] 看技能倍率就知道了'
03-01 00:07:38 [INFO] nonebot | Event will be handled by Matcher(type='message', module=zhenxun.builtin_plugins.chat_history.chat_message, lineno=39)
03-01 00:07:38 [INFO] nonebot | Matcher(type='message', module=zhenxun.builtin_plugins.chat_history.chat_message, lineno=39) running complete
03-01 00:07:43 [SUCCESS] nonebot | OneBot V11 3042447114 | [message.group.normal]: Message 1624058684 from 1280558709@[群:645741432] '嗯'
03-01 00:07:43 [INFO] nonebot | Event will be handled by Matcher(type='message', module=zhenxun.builtin_plugins.chat_history.chat_message, lineno=39)
03-01 00:07:43 [INFO] nonebot | Matcher(type='message', module=zhenxun.builtin_plugins.chat_history.chat_message, lineno=39) running complete
03-01 00:07:44 [SUCCESS] nonebot | OneBot V11 3042447114 | [message.group.normal]: Message 505455569 from 1183921197@[群:308422658] '你看出来了是因为有比对'
03-01 00:07:44 [INFO] nonebot | Event will be handled by Matcher(type='message', module=zhenxun.builtin_plugins.chat_history.chat_message, lineno=39)
03-01 00:07:44 [INFO] nonebot | Matcher(type='message', module=zhenxun.builtin_plugins.chat_history.chat_message, lineno=39) running complete
03-01 00:07:47 [SUCCESS] nonebot | OneBot V11 3042447114 | [message.group.normal]: Message 411084143 from 1973539608@[群:645741432] '5破基本就行了'
03-01 00:07:47 [INFO] nonebot | Event will be handled by Matcher(type='message', module=zhenxun.builtin_plugins.chat_history.chat_message, lineno=39)
03-01 00:07:47 [INFO] nonebot | Matcher(type='message', module=zhenxun.builtin_plugins.chat_history.chat_message, lineno=39) running complete
03-01 00:07:48 [SUCCESS] nonebot | OneBot V11 3042447114 | [message.group.normal]: Message 211436145 from 2406530264@[群:475899384] '他在乎他超爱'
03-01 00:07:48 [INFO] nonebot | Event will be handled by Matcher(type='message', module=zhenxun.builtin_plugins.chat_history.chat_message, lineno=39)
03-01 00:07:48 [INFO] nonebot | Matcher(type='message', module=zhenxun.builtin_plugins.chat_history.chat_message, lineno=39) running complete
03-01 00:07:57 [SUCCESS] nonebot | OneBot V11 3042447114 | [message.group.normal]: Message 1713276264 from 1973539608@[群:645741432] '不过我还差一只才5破'
03-01 00:07:57 [INFO] nonebot | Event will be handled by Matcher(type='message', module=zhenxun.builtin_plugins.chat_history.chat_message, lineno=39)
03-01 00:07:57 [INFO] nonebot | Matcher(type='message', module=zhenxun.builtin_plugins.chat_history.chat_message, lineno=39) running complete
03-01 00:08:01 [SUCCESS] nonebot | OneBot V11 3042447114 | [message.group.normal]: Message 629853185 from 1973539608@[群:645741432] "[face:id=349,raw={'faceIndex': 349, 'faceText': '/坚强', 'faceType': 2, 'packId': None...]难受"
03-01 00:08:01 [INFO] nonebot | Event will be handled by Matcher(type='message', module=zhenxun.builtin_plugins.chat_history.chat_message, lineno=39)
03-01 00:08:01 [INFO] nonebot | Matcher(type='message', module=zhenxun.builtin_plugins.chat_history.chat_message, lineno=39) running complete
03-01 00:08:06 [SUCCESS] nonebot | OneBot V11 3042447114 | [message.group.normal]: Message 908401677 from 1183921197@[群:308422658] '[image:summary=[动画表情],file=6C0C1BF1DF2A366D86DFBF9C2BD9927D.jpg,sub_type=1,url=https://multimedia.nt.qq.com.cn/download?appid=1407&fileid=EhTOo7pR...,file_size=35276]'
03-01 00:08:07 [INFO] nonebot | Event will be handled by Matcher(type='message', module=zhenxun.builtin_plugins.chat_history.chat_message, lineno=39)
03-01 00:08:07 [INFO] nonebot | Matcher(type='message', module=zhenxun.builtin_plugins.chat_history.chat_message, lineno=39) running complete
03-01 00:08:08 [SUCCESS] nonebot | OneBot V11 3042447114 | [notice.group_recall]: {'time': 1740758888, 'self_id': 3042447114, 'post_type': 'notice', 'notice_type': 'group_recall', 'user_id': 574201959, 'group_id': 1032235226, 'operator_id': 1060999175, 'message_id': 1817407972}
03-01 00:08:08 [INFO] nonebot | Event will be handled by Matcher(type='notice', module=zhenxun.plugins.zhenxun_plugin_draw_painting, lineno=61)
03-01 00:08:08 [INFO] nonebot | Event will be handled by Matcher(type='notice', module=zhenxun.plugins.zhenxun_plugin_draw_painting, lineno=62)
03-01 00:08:08 [INFO] nonebot | Event will be handled by Matcher(type='notice', module=zhenxun.plugins.monitor, lineno=18)
03-01 00:08:08 [INFO] nonebot | Event will be handled by Matcher(type='notice', module=zhenxun.plugins.monitor, lineno=19)
03-01 00:08:08 [INFO] nonebot | Event will be handled by Matcher(type='notice', module=zhenxun.plugins.monitor, lineno=20)
03-01 00:08:08 [INFO] nonebot | Matcher(type='notice', module=zhenxun.plugins.monitor, lineno=19) running complete
03-01 00:08:08 [INFO] nonebot | Matcher(type='notice', module=zhenxun.plugins.zhenxun_plugin_draw_painting, lineno=61) running complete
03-01 00:08:08 [INFO] nonebot | Matcher(type='notice', module=zhenxun.plugins.monitor, lineno=18) running complete
03-01 00:08:08 [INFO] nonebot | Matcher(type='notice', module=zhenxun.plugins.zhenxun_plugin_draw_painting, lineno=62) running complete
03-01 00:08:08 [INFO] nonebot | Matcher(type='notice', module=zhenxun.plugins.monitor, lineno=20) running complete
03-01 00:08:09 [SUCCESS] nonebot | OneBot V11 3042447114 | [notice.group_recall]: {'time': 1740758889, 'self_id': 3042447114, 'post_type': 'notice', 'notice_type': 'group_recall', 'user_id': 2783438601, 'group_id': 1032235226, 'operator_id': 1060999175, 'message_id': 49157465}
03-01 00:08:09 [INFO] nonebot | Event will be handled by Matcher(type='notice', module=zhenxun.plugins.zhenxun_plugin_draw_painting, lineno=61)
03-01 00:08:09 [INFO] nonebot | Event will be handled by Matcher(type='notice', module=zhenxun.plugins.zhenxun_plugin_draw_painting, lineno=62)
03-01 00:08:09 [INFO] nonebot | Event will be handled by Matcher(type='notice', module=zhenxun.plugins.monitor, lineno=18)
03-01 00:08:09 [INFO] nonebot | Event will be handled by Matcher(type='notice', module=zhenxun.plugins.monitor, lineno=19)
03-01 00:08:09 [INFO] nonebot | Event will be handled by Matcher(type='notice', module=zhenxun.plugins.monitor, lineno=20)
03-01 00:08:09 [INFO] nonebot | Matcher(type='notice', module=zhenxun.plugins.monitor, lineno=18) running complete
03-01 00:08:09 [INFO] nonebot | Matcher(type='notice', module=zhenxun.plugins.monitor, lineno=19) running complete
03-01 00:08:09 [INFO] nonebot | Matcher(type='notice', module=zhenxun.plugins.zhenxun_plugin_draw_painting, lineno=62) running complete
03-01 00:08:09 [INFO] nonebot | Matcher(type='notice', module=zhenxun.plugins.monitor, lineno=20) running complete
03-01 00:08:09 [INFO] nonebot | Matcher(type='notice', module=zhenxun.plugins.zhenxun_plugin_draw_painting, lineno=61) running complete
03-01 00:08:10 [SUCCESS] nonebot | OneBot V11 3042447114 | [notice.group_recall]: {'time': 1740758890, 'self_id': 3042447114, 'post_type': 'notice', 'notice_type': 'group_recall', 'user_id': 2251077522, 'group_id': 1032235226, 'operator_id': 1060999175, 'message_id': 1554958791}
03-01 00:08:10 [INFO] nonebot | Event will be handled by Matcher(type='notice', module=zhenxun.plugins.zhenxun_plugin_draw_painting, lineno=61)
03-01 00:08:10 [INFO] nonebot | Event will be handled by Matcher(type='notice', module=zhenxun.plugins.zhenxun_plugin_draw_painting, lineno=62)
03-01 00:08:10 [INFO] nonebot | Event will be handled by Matcher(type='notice', module=zhenxun.plugins.monitor, lineno=18)
03-01 00:08:10 [INFO] nonebot | Event will be handled by Matcher(type='notice', module=zhenxun.plugins.monitor, lineno=19)
03-01 00:08:10 [INFO] nonebot | Event will be handled by Matcher(type='notice', module=zhenxun.plugins.monitor, lineno=20)
03-01 00:08:10 [SUCCESS] nonebot | OneBot V11 3042447114 | [message.group.normal]: Message 90095764 from 1355363221@[群:308422658] '不，是你在冒火'
03-01 00:08:10 [INFO] nonebot | Matcher(type='notice', module=zhenxun.plugins.zhenxun_plugin_draw_painting, lineno=61) running is cancelled
03-01 00:08:10 [INFO] nonebot | Matcher(type='notice', module=zhenxun.plugins.monitor, lineno=18) running is cancelled
03-01 00:08:10 [INFO] nonebot | Matcher(type='notice', module=zhenxun.plugins.monitor, lineno=19) running is cancelled
03-01 00:08:10 [INFO] nonebot | Matcher(type='notice', module=zhenxun.plugins.monitor, lineno=20) running is cancelled
03-01 00:08:10 [INFO] nonebot | Matcher(type='notice', module=zhenxun.plugins.zhenxun_plugin_draw_painting, lineno=62) running is cancelled
03-01 00:08:10 [INFO] nonebot | Event will be handled by Matcher(type='message', module=zhenxun.builtin_plugins.chat_history.chat_message, lineno=39)
03-01 00:08:10 [INFO] nonebot | Matcher(type='message', module=zhenxun.builtin_plugins.chat_history.chat_message, lineno=39) running complete
03-01 00:08:10 [SUCCESS] nonebot | OneBot V11 3042447114 | [notice.group_recall]: {'time': 1740758890, 'self_id': 3042447114, 'post_type': 'notice', 'notice_type': 'group_recall', 'user_id': 2045515324, 'group_id': 1032235226, 'operator_id': 1060999175, 'message_id': 1117039027}
03-01 00:08:10 [INFO] nonebot | Event will be handled by Matcher(type='notice', module=zhenxun.plugins.zhenxun_plugin_draw_painting, lineno=61)
03-01 00:08:10 [INFO] nonebot | Event will be handled by Matcher(type='notice', module=zhenxun.plugins.zhenxun_plugin_draw_painting, lineno=62)
03-01 00:08:10 [INFO] nonebot | Event will be handled by Matcher(type='notice', module=zhenxun.plugins.monitor, lineno=18)
03-01 00:08:10 [INFO] nonebot | Event will be handled by Matcher(type='notice', module=zhenxun.plugins.monitor, lineno=19)
03-01 00:08:10 [INFO] nonebot | Event will be handled by Matcher(type='notice', module=zhenxun.plugins.monitor, lineno=20)
03-01 00:08:10 [INFO] nonebot | Matcher(type='notice', module=zhenxun.plugins.monitor, lineno=19) running complete
03-01 00:08:10 [INFO] nonebot | Matcher(type='notice', module=zhenxun.plugins.monitor, lineno=18) running complete
03-01 00:08:10 [INFO] nonebot | Matcher(type='notice', module=zhenxun.plugins.zhenxun_plugin_draw_painting, lineno=62) running complete
03-01 00:08:10 [INFO] nonebot | Matcher(type='notice', module=zhenxun.plugins.zhenxun_plugin_draw_painting, lineno=61) running complete
03-01 00:08:10 [INFO] nonebot | Matcher(type='notice', module=zhenxun.plugins.monitor, lineno=20) running complete
03-01 00:08:11 [SUCCESS] nonebot | OneBot V11 3042447114 | [notice.group_recall]: {'time': 1740758891, 'self_id': 3042447114, 'post_type': 'notice', 'notice_type': 'group_recall', 'user_id': 2516167259, 'group_id': 1032235226, 'operator_id': 1060999175, 'message_id': 403003877}
03-01 00:08:11 [INFO] nonebot | Event will be handled by Matcher(type='notice', module=zhenxun.plugins.zhenxun_plugin_draw_painting, lineno=61)
03-01 00:08:11 [INFO] nonebot | Event will be handled by Matcher(type='notice', module=zhenxun.plugins.zhenxun_plugin_draw_painting, lineno=62)
03-01 00:08:11 [INFO] nonebot | Event will be handled by Matcher(type='notice', module=zhenxun.plugins.monitor, lineno=18)
03-01 00:08:11 [INFO] nonebot | Event will be handled by Matcher(type='notice', module=zhenxun.plugins.monitor, lineno=19)
03-01 00:08:11 [INFO] nonebot | Event will be handled by Matcher(type='notice', module=zhenxun.plugins.monitor, lineno=20)
03-01 00:08:11 [INFO] nonebot | Matcher(type='notice', module=zhenxun.plugins.monitor, lineno=19) running complete
03-01 00:08:11 [INFO] nonebot | Matcher(type='notice', module=zhenxun.plugins.zhenxun_plugin_draw_painting, lineno=61) running complete
03-01 00:08:11 [INFO] nonebot | Matcher(type='notice', module=zhenxun.plugins.monitor, lineno=18) running complete
03-01 00:08:11 [INFO] nonebot | Matcher(type='notice', module=zhenxun.plugins.zhenxun_plugin_draw_painting, lineno=62) running complete
03-01 00:08:11 [INFO] nonebot | Matcher(type='notice', module=zhenxun.plugins.monitor, lineno=20) running complete
03-01 00:08:11 [SUCCESS] nonebot | OneBot V11 3042447114 | [message.group.normal]: Message 535192673 from 1355363221@[群:308422658] '[image:summary=[动画表情],file=DC169C40D528E91799293140A335525C.jpg,sub_type=1,url=https://multimedia.nt.qq.com.cn/download?appid=1407&fileid=EhROh9Eb...,file_size=31887]'
03-01 00:08:11 [INFO] nonebot | Event will be handled by Matcher(type='message', module=zhenxun.builtin_plugins.chat_history.chat_message, lineno=39)
03-01 00:08:11 [INFO] nonebot | Matcher(type='message', module=zhenxun.builtin_plugins.chat_history.chat_message, lineno=39) running complete
03-01 00:08:15 [SUCCESS] nonebot | OneBot V11 3042447114 | [notice.group_recall]: {'time': 1740758895, 'self_id': 3042447114, 'post_type': 'notice', 'notice_type': 'group_recall', 'user_id': 3631036719, 'group_id': 1032235226, 'operator_id': 1060999175, 'message_id': 957354493}
03-01 00:08:15 [INFO] nonebot | Event will be handled by Matcher(type='notice', module=zhenxun.plugins.zhenxun_plugin_draw_painting, lineno=61)
03-01 00:08:15 [INFO] nonebot | Event will be handled by Matcher(type='notice', module=zhenxun.plugins.zhenxun_plugin_draw_painting, lineno=62)
03-01 00:08:15 [INFO] nonebot | Event will be handled by Matcher(type='notice', module=zhenxun.plugins.monitor, lineno=18)
03-01 00:08:15 [INFO] nonebot | Event will be handled by Matcher(type='notice', module=zhenxun.plugins.monitor, lineno=19)
03-01 00:08:15 [INFO] nonebot | Event will be handled by Matcher(type='notice', module=zhenxun.plugins.monitor, lineno=20)
03-01 00:08:15 [INFO] nonebot | Matcher(type='notice', module=zhenxun.plugins.zhenxun_plugin_draw_painting, lineno=61) running complete
03-01 00:08:15 [INFO] nonebot | Matcher(type='notice', module=zhenxun.plugins.zhenxun_plugin_draw_painting, lineno=62) running complete
03-01 00:08:15 [INFO] nonebot | Matcher(type='notice', module=zhenxun.plugins.monitor, lineno=19) running complete
03-01 00:08:15 [INFO] nonebot | Matcher(type='notice', module=zhenxun.plugins.monitor, lineno=18) running complete
03-01 00:08:15 [INFO] nonebot | Matcher(type='notice', module=zhenxun.plugins.monitor, lineno=20) running complete
03-01 00:08:15 [SUCCESS] nonebot | OneBot V11 3042447114 | [notice.group_recall]: {'time': 1740758895, 'self_id': 3042447114, 'post_type': 'notice', 'notice_type': 'group_recall', 'user_id': 3049339412, 'group_id': 1032235226, 'operator_id': 1060999175, 'message_id': 1041606729}
03-01 00:08:15 [INFO] nonebot | Event will be handled by Matcher(type='notice', module=zhenxun.plugins.zhenxun_plugin_draw_painting, lineno=61)
03-01 00:08:15 [INFO] nonebot | Event will be handled by Matcher(type='notice', module=zhenxun.plugins.zhenxun_plugin_draw_painting, lineno=62)
03-01 00:08:15 [INFO] nonebot | Event will be handled by Matcher(type='notice', module=zhenxun.plugins.monitor, lineno=18)
03-01 00:08:15 [INFO] nonebot | Event will be handled by Matcher(type='notice', module=zhenxun.plugins.monitor, lineno=19)
03-01 00:08:15 [INFO] nonebot | Event will be handled by Matcher(type='notice', module=zhenxun.plugins.monitor, lineno=20)
03-01 00:08:15 [INFO] nonebot | Matcher(type='notice', module=zhenxun.plugins.monitor, lineno=18) running complete
03-01 00:08:15 [INFO] nonebot | Matcher(type='notice', module=zhenxun.plugins.monitor, lineno=19) running complete
03-01 00:08:15 [INFO] nonebot | Matcher(type='notice', module=zhenxun.plugins.zhenxun_plugin_draw_painting, lineno=62) running complete
03-01 00:08:15 [INFO] nonebot | Matcher(type='notice', module=zhenxun.plugins.monitor, lineno=20) running complete
03-01 00:08:15 [INFO] nonebot | Matcher(type='notice', module=zhenxun.plugins.zhenxun_plugin_draw_painting, lineno=61) running complete
03-01 00:08:16 [SUCCESS] nonebot | OneBot V11 3042447114 | [message.group.normal]: Message 386564273 from 2806722954@[群:245810894] '[at:qq=3205414709] 老登你的作业这么给力[image:summary=,file=53F06D23B25D63ACD757733E999EA8E0.jpg,sub_type=0,url=https://multimedia.nt.qq.com.cn/download?appid=1407&fileid=EhTtFMQE...,file_size=72962]'
03-01 00:08:16 [INFO] nonebot | Event will be handled by Matcher(type='message', module=zhenxun.builtin_plugins.chat_history.chat_message, lineno=39)
03-01 00:08:16 [INFO] nonebot | Matcher(type='message', module=zhenxun.builtin_plugins.chat_history.chat_message, lineno=39) running complete
03-01 00:08:19 [SUCCESS] nonebot | OneBot V11 3042447114 | [message.group.normal]: Message 1637679930 from 1983202542@[群:392644938] '晚好'
03-01 00:08:19 [INFO] nonebot | Event will be handled by Matcher(type='message', module=zhenxun.builtin_plugins.chat_history.chat_message, lineno=39)
03-01 00:08:19 [INFO] nonebot | Matcher(type='message', module=zhenxun.builtin_plugins.chat_history.chat_message, lineno=39) running complete
03-01 00:08:25 [SUCCESS] nonebot | OneBot V11 3042447114 | [message.group.normal]: Message 645037052 from 2425490754@[群:645741432] '梅林5破15暴击'
03-01 00:08:25 [INFO] nonebot | Event will be handled by Matcher(type='message', module=zhenxun.builtin_plugins.chat_history.chat_message, lineno=39)
03-01 00:08:25 [INFO] nonebot | Matcher(type='message', module=zhenxun.builtin_plugins.chat_history.chat_message, lineno=39) running complete
03-01 00:08:28 [SUCCESS] nonebot | OneBot V11 3042447114 | [message.group.normal]: Message 576477285 from 2425490754@[群:645741432] '还能减防'
03-01 00:08:28 [INFO] nonebot | Event will be handled by Matcher(type='message', module=zhenxun.builtin_plugins.chat_history.chat_message, lineno=39)
03-01 00:08:28 [INFO] nonebot | Matcher(type='message', module=zhenxun.builtin_plugins.chat_history.chat_message, lineno=39) running complete
03-01 00:08:35 [SUCCESS] nonebot | OneBot V11 3042447114 | [message.group.normal]: Message 1423886660 from 2425490754@[群:645741432] '究极辅c'
03-01 00:08:35 [INFO] nonebot | Event will be handled by Matcher(type='message', module=zhenxun.builtin_plugins.chat_history.chat_message, lineno=39)
03-01 00:08:35 [INFO] nonebot | Matcher(type='message', module=zhenxun.builtin_plugins.chat_history.chat_message, lineno=39) running complete
03-01 00:08:45 [SUCCESS] nonebot | OneBot V11 3042447114 | [message.group.normal]: Message 1697991520 from 1280558709@[群:645741432] '我后面不管抽谁都出梅林'
03-01 00:08:45 [INFO] nonebot | Event will be handled by Matcher(type='message', module=zhenxun.builtin_plugins.chat_history.chat_message, lineno=39)
03-01 00:08:45 [INFO] nonebot | Matcher(type='message', module=zhenxun.builtin_plugins.chat_history.chat_message, lineno=39) running complete
03-01 00:08:47 [SUCCESS] nonebot | OneBot V11 3042447114 | [message.group.normal]: Message 707241497 from 1183921197@[群:308422658] '[image:summary=[动画表情],file=51D43FAF33EF368830EA2196EC0B48F8.jpg,sub_type=1,url=https://multimedia.nt.qq.com.cn/download?appid=1407&fileid=EhRmKjHU...,file_size=146508]'
03-01 00:08:47 [INFO] nonebot | Event will be handled by Matcher(type='message', module=zhenxun.builtin_plugins.chat_history.chat_message, lineno=39)
03-01 00:08:47 [INFO] nonebot | Matcher(type='message', module=zhenxun.builtin_plugins.chat_history.chat_message, lineno=39) running complete
03-01 00:08:52 [SUCCESS] nonebot | OneBot V11 3042447114 | [message.group.normal]: Message 1509183049 from 1280558709@[群:645741432] '被附体了'
03-01 00:08:52 [INFO] nonebot | Event will be handled by Matcher(type='message', module=zhenxun.builtin_plugins.chat_history.chat_message, lineno=39)
03-01 00:08:52 [INFO] nonebot | Matcher(type='message', module=zhenxun.builtin_plugins.chat_history.chat_message, lineno=39) running complete
03-01 00:08:58 [SUCCESS] nonebot | OneBot V11 3042447114 | [message.group.normal]: Message 301583237 from 1973539608@[群:645741432] '真🐶啊'
03-01 00:08:58 [INFO] nonebot | Event will be handled by Matcher(type='message', module=zhenxun.builtin_plugins.chat_history.chat_message, lineno=39)
03-01 00:08:58 [INFO] nonebot | Matcher(type='message', module=zhenxun.builtin_plugins.chat_history.chat_message, lineno=39) running complete
03-01 00:09:00 [SUCCESS] nonebot | OneBot V11 3042447114 | [message.group.normal]: Message 1329175076 from 2425490754@[群:645741432] '至今0破梅林'
03-01 00:09:00 [INFO] nonebot | Event will be handled by Matcher(type='message', module=zhenxun.builtin_plugins.chat_history.chat_message, lineno=39)
03-01 00:09:00 [INFO] nonebot | Matcher(type='message', module=zhenxun.builtin_plugins.chat_history.chat_message, lineno=39) running complete
03-01 00:09:04 [SUCCESS] nonebot | OneBot V11 3042447114 | [message.group.normal]: Message 1677501403 from 2425490754@[群:645741432] '[image:summary=[动画表情],file=09DBD932511B6FA299B26D5A81907D27.jpg,sub_type=1,url=https://multimedia.nt.qq.com.cn/download?appid=1407&fileid=EhRuypCz...,file_size=11733]'
03-01 00:09:04 [INFO] nonebot | Event will be handled by Matcher(type='message', module=zhenxun.builtin_plugins.chat_history.chat_message, lineno=39)
03-01 00:09:04 [INFO] nonebot | Matcher(type='message', module=zhenxun.builtin_plugins.chat_history.chat_message, lineno=39) running complete
03-01 00:09:11 [SUCCESS] nonebot | OneBot V11 3042447114 | [message.group.normal]: Message 1230228351 from 1973539608@[群:645741432] '[at:qq=1280558709] 你莉莎多少破了'
03-01 00:09:11 [INFO] nonebot | Event will be handled by Matcher(type='message', module=zhenxun.builtin_plugins.chat_history.chat_message, lineno=39)
03-01 00:09:11 [INFO] nonebot | Matcher(type='message', module=zhenxun.builtin_plugins.chat_history.chat_message, lineno=39) running complete
03-01 00:09:17 [SUCCESS] nonebot | OneBot V11 3042447114 | [message.group.normal]: Message 1687241645 from 1280558709@[群:645741432] "没抽[face:id=277,raw={'faceIndex': 277, 'faceText': '/汪汪', 'faceType': 2, 'packId': None...]"
03-01 00:09:17 [INFO] nonebot | Event will be handled by Matcher(type='message', module=zhenxun.builtin_plugins.chat_history.chat_message, lineno=39)
03-01 00:09:17 [INFO] nonebot | Matcher(type='message', module=zhenxun.builtin_plugins.chat_history.chat_message, lineno=39) running complete
03-01 00:09:25 [SUCCESS] nonebot | OneBot V11 3042447114 | [message.group.normal]: Message 99393120 from 1280558709@[群:645741432] '屯了四万钻'
03-01 00:09:25 [INFO] nonebot | Event will be handled by Matcher(type='message', module=zhenxun.builtin_plugins.chat_history.chat_message, lineno=39)
03-01 00:09:25 [INFO] nonebot | Matcher(type='message', module=zhenxun.builtin_plugins.chat_history.chat_message, lineno=39) running complete
03-01 00:09:28 [SUCCESS] nonebot | OneBot V11 3042447114 | [message.group.normal]: Message 2047033314 from 2425490754@[群:645741432] '今晚40抽就两只宠物'
03-01 00:09:28 [INFO] nonebot | Event will be handled by Matcher(type='message', module=zhenxun.builtin_plugins.chat_history.chat_message, lineno=39)
03-01 00:09:28 [INFO] nonebot | Matcher(type='message', module=zhenxun.builtin_plugins.chat_history.chat_message, lineno=39) running complete
03-01 00:09:30 [SUCCESS] nonebot | OneBot V11 3042447114 | [message.group.normal]: Message 271727301 from 1973539608@[群:645741432] '6'
03-01 00:09:30 [INFO] nonebot | Event will be handled by Matcher(type='message', module=zhenxun.builtin_plugins.chat_history.chat_message, lineno=39)
03-01 00:09:30 [INFO] nonebot | Matcher(type='message', module=zhenxun.builtin_plugins.chat_history.chat_message, lineno=39) running complete
03-01 00:09:35 [SUCCESS] nonebot | OneBot V11 3042447114 | [message.group.normal]: Message 943144450 from 2011652818@[群:308422658] '不，是你在冒火'
03-01 00:09:35 [INFO] nonebot | Event will be handled by Matcher(type='message', module=zhenxun.builtin_plugins.chat_history.chat_message, lineno=39)
03-01 00:09:36 [INFO] nonebot | Matcher(type='message', module=zhenxun.builtin_plugins.chat_history.chat_message, lineno=39) running complete
03-01 00:09:44 [SUCCESS] nonebot | OneBot V11 3042447114 | [message.group.normal]: Message 1154744975 from 1973539608@[群:645741432] '[at:qq=2425490754] md出金就不错了'
03-01 00:09:44 [INFO] nonebot | Event will be handled by Matcher(type='message', module=zhenxun.builtin_plugins.chat_history.chat_message, lineno=39)
03-01 00:09:44 [INFO] nonebot | Matcher(type='message', module=zhenxun.builtin_plugins.chat_history.chat_message, lineno=39) running complete
03-01 00:09:45 [SUCCESS] nonebot | OneBot V11 3042447114 | [message.group.normal]: Message 731287469 from 1280558709@[群:645741432] '没位置主要，虽然我知道她数值很高'
03-01 00:09:45 [INFO] nonebot | Event will be handled by Matcher(type='message', module=zhenxun.builtin_plugins.chat_history.chat_message, lineno=39)
03-01 00:09:45 [INFO] nonebot | Matcher(type='message', module=zhenxun.builtin_plugins.chat_history.chat_message, lineno=39) running complete
03-01 00:09:48 [SUCCESS] nonebot | OneBot V11 3042447114 | [message.group.normal]: Message 1058496580 from 2560753362@[群:756230132] '跟哥哥一起睡'
03-01 00:09:48 [INFO] nonebot | Event will be handled by Matcher(type='message', module=zhenxun.builtin_plugins.chat_history.chat_message, lineno=39)
03-01 00:09:48 [INFO] nonebot | Matcher(type='message', module=zhenxun.builtin_plugins.chat_history.chat_message, lineno=39) running complete
03-01 00:09:51 [SUCCESS] nonebot | OneBot V11 3042447114 | [message.group.normal]: Message 727338154 from 1973539608@[群:645741432] '我都保底了'
03-01 00:09:51 [INFO] nonebot | Event will be handled by Matcher(type='message', module=zhenxun.builtin_plugins.chat_history.chat_message, lineno=39)
03-01 00:09:51 [INFO] nonebot | Matcher(type='message', module=zhenxun.builtin_plugins.chat_history.chat_message, lineno=39) running complete
03-01 00:09:54 [SUCCESS] nonebot | OneBot V11 3042447114 | [message.group.normal]: Message 296630209 from 1280558709@[群:645741432] '我就一只，还是没用的'
03-01 00:09:54 [INFO] nonebot | Event will be handled by Matcher(type='message', module=zhenxun.builtin_plugins.chat_history.chat_message, lineno=39)
03-01 00:09:54 [INFO] nonebot | Matcher(type='message', module=zhenxun.builtin_plugins.chat_history.chat_message, lineno=39) running complete
03-01 00:09:55 [SUCCESS] nonebot | OneBot V11 3042447114 | [message.group.normal]: Message 109532766 from 1106716289@[群:392644938] '[image:summary=,file=DF0FC576743DA4C65A492C949BA3D8F3.jpg,sub_type=0,url=https://multimedia.nt.qq.com.cn/download?appid=1407&fileid=EhRlWSBr...,file_size=291390]'
03-01 00:09:55 [INFO] nonebot | Event will be handled by Matcher(type='message', module=zhenxun.builtin_plugins.chat_history.chat_message, lineno=39)
03-01 00:09:55 [INFO] nonebot | Matcher(type='message', module=zhenxun.builtin_plugins.chat_history.chat_message, lineno=39) running complete
03-01 00:10:00 [SUCCESS] nonebot | OneBot V11 3042447114 | [message.group.normal]: Message 806624140 from 1106716289@[群:392644938] '隔壁群出的bug'
03-01 00:10:00 [INFO] nonebot | Event will be handled by Matcher(type='message', module=zhenxun.builtin_plugins.chat_history.chat_message, lineno=39)
03-01 00:10:00 [INFO] nonebot | Matcher(type='message', module=zhenxun.builtin_plugins.chat_history.chat_message, lineno=39) running complete
03-01 00:10:01 [SUCCESS] nonebot | OneBot V11 3042447114 | [message.group.normal]: Message 702397894 from 1106716289@[群:392644938] '笑死'
03-01 00:10:01 [INFO] nonebot | Event will be handled by Matcher(type='message', module=zhenxun.builtin_plugins.chat_history.chat_message, lineno=39)
03-01 00:10:01 [INFO] nonebot | Matcher(type='message', module=zhenxun.builtin_plugins.chat_history.chat_message, lineno=39) running complete
03-01 00:10:08 [SUCCESS] nonebot | OneBot V11 3042447114 | [message.group.normal]: Message 632016135 from 1280558709@[群:645741432] '但是普池卷又出了梅林正好满'
03-01 00:10:08 [INFO] nonebot | Event will be handled by Matcher(type='message', module=zhenxun.builtin_plugins.chat_history.chat_message, lineno=39)
03-01 00:10:08 [INFO] nonebot | Matcher(type='message', module=zhenxun.builtin_plugins.chat_history.chat_message, lineno=39) running complete
03-01 00:10:10 [SUCCESS] nonebot | OneBot V11 3042447114 | [message.group.normal]: Message 1787908760 from 2832968970@[群:1032235226] '赞我'
03-01 00:10:10 [INFO] nonebot | Event will be handled by Matcher(type='message', module=zhenxun.builtin_plugins.chat_history.chat_message, lineno=39)
03-01 00:10:10 [INFO] nonebot | Matcher(type='message', module=zhenxun.builtin_plugins.chat_history.chat_message, lineno=39) running complete
03-01 00:10:11 [SUCCESS] nonebot | OneBot V11 3042447114 | [message.group.normal]: Message 445276250 from 1296371529@[群:1032235226] '已经给你点了50个赞！如果失败可以添加好友再试！'
03-01 00:10:11 [INFO] nonebot | Event will be handled by Matcher(type='message', module=zhenxun.builtin_plugins.chat_history.chat_message, lineno=39)
03-01 00:10:11 [INFO] nonebot | Matcher(type='message', module=zhenxun.builtin_plugins.chat_history.chat_message, lineno=39) running complete
03-01 00:10:11 [SUCCESS] nonebot | OneBot V11 3042447114 | [message.group.normal]: Message 556608175 from 2783438601@[群:1032235226] '[reply:id=1787908760]给你点满了捏，记得回我qwq\n没成功的话加好友再试试~'
03-01 00:10:11 [INFO] nonebot | Event will be handled by Matcher(type='message', module=zhenxun.builtin_plugins.chat_history.chat_message, lineno=39)
03-01 00:10:11 [INFO] nonebot | Matcher(type='message', module=zhenxun.builtin_plugins.chat_history.chat_message, lineno=39) running complete
03-01 00:10:11 [SUCCESS] nonebot | OneBot V11 3042447114 | [message.group.normal]: Message 1095990679 from 2251077522@[群:1032235226] '已经给你点了50个赞！如果失败可以添加好友再试！ 喵❤️~'
03-01 00:10:11 [INFO] nonebot | Event will be handled by Matcher(type='message', module=zhenxun.builtin_plugins.chat_history.chat_message, lineno=39)
03-01 00:10:11 [INFO] nonebot | Matcher(type='message', module=zhenxun.builtin_plugins.chat_history.chat_message, lineno=39) running complete
03-01 00:10:11 [SUCCESS] nonebot | OneBot V11 3042447114 | [message.group.normal]: Message 492405719 from 2045515324@[群:1032235226] '[reply:id=1787908760]已赞你，成功次数: 3，尝试次数: 3'
03-01 00:10:11 [INFO] nonebot | Event will be handled by Matcher(type='message', module=zhenxun.builtin_plugins.chat_history.chat_message, lineno=39)
03-01 00:10:11 [INFO] nonebot | Matcher(type='message', module=zhenxun.builtin_plugins.chat_history.chat_message, lineno=39) running complete
03-01 00:10:15 [SUCCESS] nonebot | OneBot V11 3042447114 | [message.group.normal]: Message 1245603646 from 2516167259@[群:1032235226] '[at:qq=2832968970]\n给你点满了啦~\n(没成功的话加好友再试试~)'
03-01 00:10:15 [INFO] nonebot | Event will be handled by Matcher(type='message', module=zhenxun.builtin_plugins.chat_history.chat_message, lineno=39)
03-01 00:10:15 [INFO] nonebot | Matcher(type='message', module=zhenxun.builtin_plugins.chat_history.chat_message, lineno=39) running complete
03-01 00:10:16 [SUCCESS] nonebot | OneBot V11 3042447114 | [message.group.normal]: Message 986286989 from 3049339412@[群:1032235226] '已点赞'
03-01 00:10:16 [INFO] nonebot | Event will be handled by Matcher(type='message', module=zhenxun.builtin_plugins.chat_history.chat_message, lineno=39)
03-01 00:10:16 [INFO] nonebot | Matcher(type='message', module=zhenxun.builtin_plugins.chat_history.chat_message, lineno=39) running complete
03-01 00:10:16 [SUCCESS] nonebot | OneBot V11 3042447114 | [message.group.normal]: Message 1414264626 from 3631036719@[群:1032235226] '已点赞'
03-01 00:10:16 [INFO] nonebot | Event will be handled by Matcher(type='message', module=zhenxun.builtin_plugins.chat_history.chat_message, lineno=39)
03-01 00:10:16 [INFO] nonebot | Matcher(type='message', module=zhenxun.builtin_plugins.chat_history.chat_message, lineno=39) running complete
03-01 00:10:17 [SUCCESS] nonebot | OneBot V11 3042447114 | [message.group.normal]: Message 1602186913 from 2425490754@[群:645741432] '梅林加她站中排不是刚刚好'
03-01 00:10:17 [INFO] nonebot | Event will be handled by Matcher(type='message', module=zhenxun.builtin_plugins.chat_history.chat_message, lineno=39)
03-01 00:10:17 [INFO] nonebot | Matcher(type='message', module=zhenxun.builtin_plugins.chat_history.chat_message, lineno=39) running complete
03-01 00:10:18 [SUCCESS] nonebot | OneBot V11 3042447114 | [message.group.normal]: Message 9759801 from 235286661@[群:1032235226] '[reply:id=1787908760][at:qq=2832968970]给你赞了50下哦，记得回我~[image:summary=,file=0f2acbbca2bcec01e3abc4adde721dca.jpg,sub_type=0,url=https://gchat.qpic.cn/gchatpic_new/0/0-0-0F2ACBBCA2BCEC01E3ABC4ADDE...,file_size=266932]'
03-01 00:10:18 [INFO] nonebot | Event will be handled by Matcher(type='message', module=zhenxun.builtin_plugins.chat_history.chat_message, lineno=39)
03-01 00:10:18 [INFO] nonebot | Matcher(type='message', module=zhenxun.builtin_plugins.chat_history.chat_message, lineno=39) running complete
03-01 00:10:22 [SUCCESS] nonebot | OneBot V11 3042447114 | [notice.notify.poke]: {'time': 1740759022, 'self_id': 3042447114, 'post_type': 'notice', 'notice_type': 'notify', 'sub_type': 'poke', 'user_id': 1141538825, 'group_id': 1032235226, 'target_id': 821923589, 'raw_info': [{'col': '1', 'nm': '', 'type': 'qq', 'uid': 'u_2LjntGleBV8hm4b4d6BxYQ'}, {'jp': 'https://zb.vip.qq.com/v2/pages/nudgeMall?_wv=2&actionId=0&effectId=5', 'src': 'http://tianquan.gtimg.cn/nudgeeffect/item/5/client.gif', 'type': 'img'}, {'col': '1', 'nm': '', 'tp': '0', 'type': 'qq', 'uid': 'u_KUBatnDLxoRdcQ25e0Inkg'}, {'txt': '的脸', 'type': 'nor'}]}
03-01 00:10:22 [INFO] nonebot | Event will be handled by Matcher(type='notice', module=zhenxun.plugins.zhenxun_plugin_draw_painting, lineno=61)
03-01 00:10:22 [INFO] nonebot | Event will be handled by Matcher(type='notice', module=zhenxun.plugins.zhenxun_plugin_draw_painting, lineno=62)
03-01 00:10:22 [INFO] nonebot | Event will be handled by Matcher(type='notice', module=zhenxun.plugins.monitor, lineno=18)
03-01 00:10:22 [INFO] nonebot | Event will be handled by Matcher(type='notice', module=zhenxun.plugins.monitor, lineno=19)
03-01 00:10:22 [INFO] nonebot | Event will be handled by Matcher(type='notice', module=zhenxun.plugins.monitor, lineno=20)
03-01 00:10:22 [INFO] nonebot | Matcher(type='notice', module=zhenxun.plugins.monitor, lineno=20) running complete
03-01 00:10:22 [INFO] nonebot | Matcher(type='notice', module=zhenxun.plugins.monitor, lineno=18) running complete
03-01 00:10:22 [INFO] nonebot | Matcher(type='notice', module=zhenxun.plugins.monitor, lineno=19) running complete
03-01 00:10:22 [INFO] nonebot | Matcher(type='notice', module=zhenxun.plugins.zhenxun_plugin_draw_painting, lineno=61) running complete
03-01 00:10:22 [INFO] nonebot | Matcher(type='notice', module=zhenxun.plugins.zhenxun_plugin_draw_painting, lineno=62) running complete
03-01 00:10:28 [SUCCESS] nonebot | OneBot V11 3042447114 | [message.group.normal]: Message 1855377072 from 1973539608@[群:645741432] '我普池出的傻B梅妃'
03-01 00:10:28 [INFO] nonebot | Event will be handled by Matcher(type='message', module=zhenxun.builtin_plugins.chat_history.chat_message, lineno=39)
03-01 00:10:28 [INFO] nonebot | Matcher(type='message', module=zhenxun.builtin_plugins.chat_history.chat_message, lineno=39) running complete
03-01 00:10:32 [SUCCESS] nonebot | OneBot V11 3042447114 | [message.group.normal]: Message 819334647 from 1433290406@[群:475899384] '3月了'
03-01 00:10:32 [INFO] nonebot | Event will be handled by Matcher(type='message', module=zhenxun.builtin_plugins.chat_history.chat_message, lineno=39)
03-01 00:10:32 [INFO] nonebot | Matcher(type='message', module=zhenxun.builtin_plugins.chat_history.chat_message, lineno=39) running complete
03-01 00:10:39 [SUCCESS] nonebot | OneBot V11 3042447114 | [message.group.normal]: Message 135560769 from 3420224707@[群:475899384] '3月了'
03-01 00:10:39 [INFO] nonebot | Event will be handled by Matcher(type='message', module=zhenxun.builtin_plugins.chat_history.chat_message, lineno=39)
03-01 00:10:39 [INFO] nonebot | Matcher(type='message', module=zhenxun.builtin_plugins.chat_history.chat_message, lineno=39) running complete
03-01 00:10:40 [SUCCESS] nonebot | OneBot V11 3042447114 | [message.group.normal]: Message 1556343753 from 1280558709@[群:645741432] '我要是用冰队不就没位置了吗'
03-01 00:10:40 [INFO] nonebot | Event will be handled by Matcher(type='message', module=zhenxun.builtin_plugins.chat_history.chat_message, lineno=39)
03-01 00:10:40 [INFO] nonebot | Matcher(type='message', module=zhenxun.builtin_plugins.chat_history.chat_message, lineno=39) running complete
03-01 00:10:43 [SUCCESS] nonebot | OneBot V11 3042447114 | [message.group.normal]: Message 1045160339 from 2425490754@[群:645741432] '我也刚出'
03-01 00:10:43 [INFO] nonebot | Event will be handled by Matcher(type='message', module=zhenxun.builtin_plugins.chat_history.chat_message, lineno=39)
03-01 00:10:43 [INFO] nonebot | Matcher(type='message', module=zhenxun.builtin_plugins.chat_history.chat_message, lineno=39) running complete
03-01 00:10:50 [SUCCESS] nonebot | OneBot V11 3042447114 | [message.group.normal]: Message 1756054238 from 1810737938@[群:392644938] '白虎叛逃'
03-01 00:10:50 [INFO] nonebot | Event will be handled by Matcher(type='message', module=zhenxun.builtin_plugins.chat_history.chat_message, lineno=39)
03-01 00:10:50 [INFO] nonebot | Matcher(type='message', module=zhenxun.builtin_plugins.chat_history.chat_message, lineno=39) running complete
03-01 00:10:53 [SUCCESS] nonebot | OneBot V11 3042447114 | [message.group.normal]: Message 531115360 from 1810737938@[群:392644938] '[image:summary=[动画表情],file=0931F36F422A3C82A9D022B347F89458.png,sub_type=1,url=https://multimedia.nt.qq.com.cn/download?appid=1407&fileid=EhRwq6Ho...,file_size=1324644]'
03-01 00:10:53 [INFO] nonebot | Event will be handled by Matcher(type='message', module=zhenxun.builtin_plugins.chat_history.chat_message, lineno=39)
03-01 00:10:53 [INFO] nonebot | Matcher(type='message', module=zhenxun.builtin_plugins.chat_history.chat_message, lineno=39) running complete
03-01 00:10:53 [SUCCESS] nonebot | OneBot V11 3042447114 | [message.group.normal]: Message 1180544125 from 2425490754@[群:645741432] '冰法还不配跟她比'
03-01 00:10:53 [INFO] nonebot | Event will be handled by Matcher(type='message', module=zhenxun.builtin_plugins.chat_history.chat_message, lineno=39)
03-01 00:10:53 [INFO] nonebot | Matcher(type='message', module=zhenxun.builtin_plugins.chat_history.chat_message, lineno=39) running complete
03-01 00:10:54 [SUCCESS] nonebot | OneBot V11 3042447114 | [message.group.normal]: Message 752925914 from 1141538825@[群:1032235226] '[image:summary=[睡觉],file=ae-ae8dcac9e7c74c49eec42d88a348470b.gif,url=https://gxh.vip.qq.com/club/item/parcel/item/ae/ae8dcac9e7c74c49eec...,key=d1fe556f464057cb,emoji_id=ae8dcac9e7c74c49eec42d88a348470b,emoji_package_id=234163]'
03-01 00:10:54 [INFO] nonebot | Event will be handled by Matcher(type='message', module=zhenxun.builtin_plugins.chat_history.chat_message, lineno=39)
03-01 00:10:54 [INFO] nonebot | Matcher(type='message', module=zhenxun.builtin_plugins.chat_history.chat_message, lineno=39) running complete
03-01 00:10:56 [SUCCESS] nonebot | OneBot V11 3042447114 | [message.group.normal]: Message 2019584211 from 1280558709@[群:645741432] '再观望下'
03-01 00:10:56 [INFO] nonebot | Event will be handled by Matcher(type='message', module=zhenxun.builtin_plugins.chat_history.chat_message, lineno=39)
03-01 00:10:56 [INFO] nonebot | Matcher(type='message', module=zhenxun.builtin_plugins.chat_history.chat_message, lineno=39) running complete
03-01 00:11:04 [SUCCESS] nonebot | OneBot V11 3042447114 | [message.group.normal]: Message 786937817 from 1973539608@[群:645741432] '周四出的应该没啥叼用'
03-01 00:11:04 [INFO] nonebot | Event will be handled by Matcher(type='message', module=zhenxun.builtin_plugins.chat_history.chat_message, lineno=39)
03-01 00:11:04 [INFO] nonebot | Matcher(type='message', module=zhenxun.builtin_plugins.chat_history.chat_message, lineno=39) running complete
03-01 00:11:05 [SUCCESS] nonebot | OneBot V11 3042447114 | [message.group.normal]: Message 135815848 from 1280558709@[群:645741432] '主要看冰剑'
03-01 00:11:05 [INFO] nonebot | Event will be handled by Matcher(type='message', module=zhenxun.builtin_plugins.chat_history.chat_message, lineno=39)
03-01 00:11:05 [INFO] nonebot | Matcher(type='message', module=zhenxun.builtin_plugins.chat_history.chat_message, lineno=39) running complete
03-01 00:11:14 [SUCCESS] nonebot | OneBot V11 3042447114 | [message.group.normal]: Message 486456012 from 1973539608@[群:645741432] '也可能很有叼用'
03-01 00:11:14 [INFO] nonebot | Event will be handled by Matcher(type='message', module=zhenxun.builtin_plugins.chat_history.chat_message, lineno=39)
03-01 00:11:14 [INFO] nonebot | Matcher(type='message', module=zhenxun.builtin_plugins.chat_history.chat_message, lineno=39) running complete
03-01 00:11:14 [SUCCESS] nonebot | OneBot V11 3042447114 | [message.group.normal]: Message 1336647278 from 3420224707@[群:475899384] '九九天'
03-01 00:11:14 [INFO] nonebot | Event will be handled by Matcher(type='message', module=zhenxun.builtin_plugins.chat_history.chat_message, lineno=39)
03-01 00:11:14 [INFO] nonebot | Matcher(type='message', module=zhenxun.builtin_plugins.chat_history.chat_message, lineno=39) running complete
03-01 00:11:17 [SUCCESS] nonebot | OneBot V11 3042447114 | [message.group.normal]: Message 841021537 from 1973539608@[群:645741432] '反正不抽'
03-01 00:11:17 [INFO] nonebot | Event will be handled by Matcher(type='message', module=zhenxun.builtin_plugins.chat_history.chat_message, lineno=39)
03-01 00:11:17 [INFO] nonebot | Matcher(type='message', module=zhenxun.builtin_plugins.chat_history.chat_message, lineno=39) running complete
03-01 00:11:23 [SUCCESS] nonebot | OneBot V11 3042447114 | [message.group.normal]: Message 1690218590 from 2425490754@[群:645741432] '冰剑肯定是前排'
03-01 00:11:23 [INFO] nonebot | Event will be handled by Matcher(type='message', module=zhenxun.builtin_plugins.chat_history.chat_message, lineno=39)
03-01 00:11:23 [INFO] nonebot | Matcher(type='message', module=zhenxun.builtin_plugins.chat_history.chat_message, lineno=39) running complete
03-01 00:11:31 [SUCCESS] nonebot | OneBot V11 3042447114 | [message.group.normal]: Message 28301354 from 1280558709@[群:645741432] '主要暗弓没体系只有数值'
03-01 00:11:31 [INFO] nonebot | Event will be handled by Matcher(type='message', module=zhenxun.builtin_plugins.chat_history.chat_message, lineno=39)
03-01 00:11:31 [INFO] nonebot | Matcher(type='message', module=zhenxun.builtin_plugins.chat_history.chat_message, lineno=39) running complete
03-01 00:11:36 [SUCCESS] nonebot | OneBot V11 3042447114 | [message.group.normal]: Message 469639486 from 1280558709@[群:645741432] '我现在基本也够用了'
03-01 00:11:36 [INFO] nonebot | Event will be handled by Matcher(type='message', module=zhenxun.builtin_plugins.chat_history.chat_message, lineno=39)
03-01 00:11:36 [INFO] nonebot | Matcher(type='message', module=zhenxun.builtin_plugins.chat_history.chat_message, lineno=39) running complete
03-01 00:11:45 [SUCCESS] nonebot | OneBot V11 3042447114 | [message.group.normal]: Message 1805901029 from 2425490754@[群:645741432] '估计以后前排就是盾加冰剑'
03-01 00:11:45 [INFO] nonebot | Event will be handled by Matcher(type='message', module=zhenxun.builtin_plugins.chat_history.chat_message, lineno=39)
03-01 00:11:45 [INFO] nonebot | Matcher(type='message', module=zhenxun.builtin_plugins.chat_history.chat_message, lineno=39) running complete
03-01 00:11:56 [SUCCESS] nonebot | OneBot V11 3042447114 | [message.group.normal]: Message 1039008495 from 2425490754@[群:645741432] '数值之力'
03-01 00:11:56 [INFO] nonebot | Event will be handled by Matcher(type='message', module=zhenxun.builtin_plugins.chat_history.chat_message, lineno=39)
03-01 00:11:56 [INFO] nonebot | Matcher(type='message', module=zhenxun.builtin_plugins.chat_history.chat_message, lineno=39) running complete
03-01 00:12:03 [SUCCESS] nonebot | OneBot V11 3042447114 | [message.group.normal]: Message 1098232874 from 2425490754@[群:645741432] '打群快'
03-01 00:12:03 [INFO] nonebot | Event will be handled by Matcher(type='message', module=zhenxun.builtin_plugins.chat_history.chat_message, lineno=39)
03-01 00:12:03 [INFO] nonebot | Matcher(type='message', module=zhenxun.builtin_plugins.chat_history.chat_message, lineno=39) running complete
03-01 00:12:21 [SUCCESS] nonebot | OneBot V11 3042447114 | [message.group.normal]: Message 126420291 from 1433290406@[群:475899384] '[image:summary=,file=8D4BD4750266067EBEF949767947BF76.png,sub_type=0,url=https://multimedia.nt.qq.com.cn/download?appid=1407&fileid=EhS3_FFt...,file_size=2209929]'
03-01 00:12:21 [INFO] nonebot | Event will be handled by Matcher(type='message', module=zhenxun.builtin_plugins.chat_history.chat_message, lineno=39)
03-01 00:12:21 [INFO] nonebot | Matcher(type='message', module=zhenxun.builtin_plugins.chat_history.chat_message, lineno=39) running complete
03-01 00:12:46 [SUCCESS] nonebot | OneBot V11 3042447114 | [message.group.normal]: Message 1375466857 from 1973539608@[群:645741432] '[reply:id=28301354][at:qq=1280558709] 啥体系'
03-01 00:12:46 [INFO] nonebot | Event will be handled by Matcher(type='message', module=zhenxun.builtin_plugins.chat_history.chat_message, lineno=39)
03-01 00:12:46 [INFO] nonebot | Matcher(type='message', module=zhenxun.builtin_plugins.chat_history.chat_message, lineno=39) running complete
03-01 00:12:55 [SUCCESS] nonebot | OneBot V11 3042447114 | [message.group.normal]: Message 1627307832 from 1973539608@[群:645741432] '加触电这些？'
03-01 00:12:55 [INFO] nonebot | Event will be handled by Matcher(type='message', module=zhenxun.builtin_plugins.chat_history.chat_message, lineno=39)
03-01 00:12:55 [INFO] nonebot | Matcher(type='message', module=zhenxun.builtin_plugins.chat_history.chat_message, lineno=39) running complete
03-01 00:13:05 [SUCCESS] nonebot | OneBot V11 3042447114 | [message.group.normal]: Message 477350476 from 1973539608@[群:645741432] "数值美不好咩[face:id=277,raw={'faceIndex': 277, 'faceText': '/汪汪', 'faceType': 2, 'packId': None...]"
03-01 00:13:05 [INFO] nonebot | Event will be handled by Matcher(type='message', module=zhenxun.builtin_plugins.chat_history.chat_message, lineno=39)
03-01 00:13:05 [INFO] nonebot | Matcher(type='message', module=zhenxun.builtin_plugins.chat_history.chat_message, lineno=39) running complete
03-01 00:13:26 [SUCCESS] nonebot | OneBot V11 3042447114 | [message.group.normal]: Message 1778888239 from 1973539608@[群:645741432] '要是boss全免疫你不就炸了咩'
03-01 00:13:26 [INFO] nonebot | Event will be handled by Matcher(type='message', module=zhenxun.builtin_plugins.chat_history.chat_message, lineno=39)
03-01 00:13:26 [INFO] nonebot | Matcher(type='message', module=zhenxun.builtin_plugins.chat_history.chat_message, lineno=39) running complete
03-01 00:13:31 [SUCCESS] nonebot | OneBot V11 3042447114 | [message.group.normal]: Message 259387413 from 1280558709@[群:645741432] "现在数值够用就行啊，以后体系内的再有数值不是更好[face:id=277,raw={'faceIndex': 277, 'faceText': '/汪汪', 'faceType': 2, 'packId': None...]"
03-01 00:13:31 [INFO] nonebot | Event will be handled by Matcher(type='message', module=zhenxun.builtin_plugins.chat_history.chat_message, lineno=39)
03-01 00:13:31 [INFO] nonebot | Matcher(type='message', module=zhenxun.builtin_plugins.chat_history.chat_message, lineno=39) running complete
03-01 00:13:39 [SUCCESS] nonebot | OneBot V11 3042447114 | [message.group.normal]: Message 307657718 from 1280558709@[群:645741432] '全免疫都来了是吧'
03-01 00:13:39 [INFO] nonebot | Event will be handled by Matcher(type='message', module=zhenxun.builtin_plugins.chat_history.chat_message, lineno=39)
03-01 00:13:39 [INFO] nonebot | Matcher(type='message', module=zhenxun.builtin_plugins.chat_history.chat_message, lineno=39) running complete
03-01 00:13:45 [SUCCESS] nonebot | OneBot V11 3042447114 | [message.group.normal]: Message 1494193717 from 1280558709@[群:645741432] "直接无敌吧！[face:id=277,raw={'faceIndex': 277, 'faceText': '/汪汪', 'faceType': 2, 'packId': None...]"
03-01 00:13:45 [INFO] nonebot | Event will be handled by Matcher(type='message', module=zhenxun.builtin_plugins.chat_history.chat_message, lineno=39)
03-01 00:13:45 [INFO] nonebot | Matcher(type='message', module=zhenxun.builtin_plugins.chat_history.chat_message, lineno=39) running complete
03-01 00:13:53 [SUCCESS] nonebot | OneBot V11 3042447114 | [message.group.normal]: Message 908206135 from 1973539608@[群:645741432] "[face:id=277,raw={'faceIndex': 277, 'faceText': '/汪汪', 'faceType': 2, 'packId': None...]我觉得应该会有"
03-01 00:13:53 [INFO] nonebot | Event will be handled by Matcher(type='message', module=zhenxun.builtin_plugins.chat_history.chat_message, lineno=39)
03-01 00:13:53 [INFO] nonebot | Matcher(type='message', module=zhenxun.builtin_plugins.chat_history.chat_message, lineno=39) running complete
03-01 00:13:54 [SUCCESS] nonebot | OneBot V11 3042447114 | [message.group.normal]: Message 802051098 from 673771021@[群:475899384] '[reply:id=126420291][at:qq=1433290406] 看看报告怎么样了'
03-01 00:13:54 [INFO] nonebot | Event will be handled by Matcher(type='message', module=zhenxun.builtin_plugins.chat_history.chat_message, lineno=39)
03-01 00:13:54 [INFO] nonebot | Matcher(type='message', module=zhenxun.builtin_plugins.chat_history.chat_message, lineno=39) running complete
03-01 00:14:00 [SUCCESS] nonebot | OneBot V11 3042447114 | [message.group.normal]: Message 1494057962 from 673771021@[群:475899384] '会不会大改内容'
03-01 00:14:00 [INFO] nonebot | Event will be handled by Matcher(type='message', module=zhenxun.builtin_plugins.chat_history.chat_message, lineno=39)
03-01 00:14:00 [INFO] nonebot | Matcher(type='message', module=zhenxun.builtin_plugins.chat_history.chat_message, lineno=39) running complete
03-01 00:14:05 [SUCCESS] nonebot | OneBot V11 3042447114 | [message.group.normal]: Message 1441711906 from 673771021@[群:475899384] '这一侧真的一坨'
03-01 00:14:05 [INFO] nonebot | Event will be handled by Matcher(type='message', module=zhenxun.builtin_plugins.chat_history.chat_message, lineno=39)
03-01 00:14:05 [INFO] nonebot | Matcher(type='message', module=zhenxun.builtin_plugins.chat_history.chat_message, lineno=39) running complete
03-01 00:14:07 [SUCCESS] nonebot | OneBot V11 3042447114 | [message.group.normal]: Message 2051892290 from 1973539608@[群:645741432] '就无法受到负面效果'
03-01 00:14:07 [INFO] nonebot | Event will be handled by Matcher(type='message', module=zhenxun.builtin_plugins.chat_history.chat_message, lineno=39)
03-01 00:14:07 [INFO] nonebot | Matcher(type='message', module=zhenxun.builtin_plugins.chat_history.chat_message, lineno=39) running complete
03-01 00:14:30 [SUCCESS] nonebot | OneBot V11 3042447114 | [message.group.normal]: Message 1296655162 from 1305263714@[群:245810894] '大佬，菜菜，帮帮'
03-01 00:14:30 [INFO] nonebot | Event will be handled by Matcher(type='message', module=zhenxun.builtin_plugins.chat_history.chat_message, lineno=39)
03-01 00:14:30 [INFO] nonebot | Matcher(type='message', module=zhenxun.builtin_plugins.chat_history.chat_message, lineno=39) running complete
03-01 00:14:34 [SUCCESS] nonebot | OneBot V11 3042447114 | [message.group.normal]: Message 612633408 from 1580289363@[群:475899384] '[image:summary=[动画表情],file=208B6F2D30FCDC10CDB9ACF0BAA3B9EA.jpg,sub_type=1,url=https://multimedia.nt.qq.com.cn/download?appid=1407&fileid=EhScfTAH...,file_size=629235]'
03-01 00:14:34 [INFO] nonebot | Event will be handled by Matcher(type='message', module=zhenxun.builtin_plugins.chat_history.chat_message, lineno=39)
03-01 00:14:34 [INFO] nonebot | Matcher(type='message', module=zhenxun.builtin_plugins.chat_history.chat_message, lineno=39) running complete
03-01 00:14:35 [SUCCESS] nonebot | OneBot V11 3042447114 | [message.group.normal]: Message 418326890 from 1280558709@[群:645741432] '那时候就全上神圣'
03-01 00:14:35 [INFO] nonebot | Event will be handled by Matcher(type='message', module=zhenxun.builtin_plugins.chat_history.chat_message, lineno=39)
03-01 00:14:35 [INFO] nonebot | Matcher(type='message', module=zhenxun.builtin_plugins.chat_history.chat_message, lineno=39) running complete
03-01 00:14:39 [SUCCESS] nonebot | OneBot V11 3042447114 | [message.group.normal]: Message 1223133410 from 1280558709@[群:645741432] '纯粹的数值'
03-01 00:14:39 [INFO] nonebot | Event will be handled by Matcher(type='message', module=zhenxun.builtin_plugins.chat_history.chat_message, lineno=39)
03-01 00:14:39 [INFO] nonebot | Matcher(type='message', module=zhenxun.builtin_plugins.chat_history.chat_message, lineno=39) running complete
03-01 00:14:42 [SUCCESS] nonebot | OneBot V11 3042447114 | [message.group.normal]: Message 2097300388 from 1280558709@[群:645741432] "[face:id=277,raw={'faceIndex': 277, 'faceText': '/汪汪', 'faceType': 2, 'packId': None...]"
03-01 00:14:42 [INFO] nonebot | Event will be handled by Matcher(type='message', module=zhenxun.builtin_plugins.chat_history.chat_message, lineno=39)
03-01 00:14:42 [INFO] nonebot | Matcher(type='message', module=zhenxun.builtin_plugins.chat_history.chat_message, lineno=39) running complete
03-01 00:14:45 [SUCCESS] nonebot | OneBot V11 3042447114 | [message.group.normal]: Message 631012804 from 534652970@[群:475899384] '[image:summary=,file=7486C802A9BE37B5080BE9C16F511E0C.jpg,sub_type=0,url=https://multimedia.nt.qq.com.cn/download?appid=1407&fileid=EhQ9wodW...,file_size=133076]'
03-01 00:14:45 [INFO] nonebot | Event will be handled by Matcher(type='message', module=zhenxun.builtin_plugins.chat_history.chat_message, lineno=39)
03-01 00:14:45 [INFO] nonebot | Matcher(type='message', module=zhenxun.builtin_plugins.chat_history.chat_message, lineno=39) running complete
03-01 00:14:55 [SUCCESS] nonebot | OneBot V11 3042447114 | [message.group.normal]: Message 406389642 from 2302403345@[群:308422658] '达芙妮187？'
03-01 00:14:55 [INFO] nonebot | Event will be handled by Matcher(type='message', module=zhenxun.builtin_plugins.chat_history.chat_message, lineno=39)
03-01 00:14:55 [INFO] nonebot | Matcher(type='message', module=zhenxun.builtin_plugins.chat_history.chat_message, lineno=39) running complete
03-01 00:14:56 [SUCCESS] nonebot | OneBot V11 3042447114 | [message.group.normal]: Message 886154020 from 2806722954@[群:245810894] '抄他作业的'
03-01 00:14:56 [INFO] nonebot | Event will be handled by Matcher(type='message', module=zhenxun.builtin_plugins.chat_history.chat_message, lineno=39)
03-01 00:14:56 [INFO] nonebot | Matcher(type='message', module=zhenxun.builtin_plugins.chat_history.chat_message, lineno=39) running complete
03-01 00:14:57 [SUCCESS] nonebot | OneBot V11 3042447114 | [message.group.normal]: Message 534237287 from 2806722954@[群:245810894] '[image:summary=[动画表情],file=B07DBB3B35C148E1E1F25402077FA549.jpg,sub_type=1,url=https://multimedia.nt.qq.com.cn/download?appid=1407&fileid=EhRGM0RN...,file_size=1410791]'
03-01 00:14:57 [INFO] nonebot | Event will be handled by Matcher(type='message', module=zhenxun.builtin_plugins.chat_history.chat_message, lineno=39)
03-01 00:14:57 [INFO] nonebot | Matcher(type='message', module=zhenxun.builtin_plugins.chat_history.chat_message, lineno=39) running complete
03-01 00:15:11 [SUCCESS] nonebot | OneBot V11 3042447114 | [notice.group_recall]: {'time': 1740759311, 'self_id': 3042447114, 'post_type': 'notice', 'notice_type': 'group_recall', 'user_id': 1296371529, 'group_id': 1032235226, 'operator_id': 1060999175, 'message_id': 445276250}
03-01 00:15:11 [INFO] nonebot | Event will be handled by Matcher(type='notice', module=zhenxun.plugins.zhenxun_plugin_draw_painting, lineno=61)
03-01 00:15:11 [INFO] nonebot | Event will be handled by Matcher(type='notice', module=zhenxun.plugins.zhenxun_plugin_draw_painting, lineno=62)
03-01 00:15:11 [INFO] nonebot | Event will be handled by Matcher(type='notice', module=zhenxun.plugins.monitor, lineno=18)
03-01 00:15:11 [INFO] nonebot | Event will be handled by Matcher(type='notice', module=zhenxun.plugins.monitor, lineno=19)
03-01 00:15:11 [INFO] nonebot | Event will be handled by Matcher(type='notice', module=zhenxun.plugins.monitor, lineno=20)
03-01 00:15:11 [INFO] nonebot | Matcher(type='notice', module=zhenxun.plugins.zhenxun_plugin_draw_painting, lineno=61) running complete
03-01 00:15:11 [INFO] nonebot | Matcher(type='notice', module=zhenxun.plugins.monitor, lineno=18) running complete
03-01 00:15:11 [INFO] nonebot | Matcher(type='notice', module=zhenxun.plugins.zhenxun_plugin_draw_painting, lineno=62) running complete
03-01 00:15:11 [INFO] nonebot | Matcher(type='notice', module=zhenxun.plugins.monitor, lineno=20) running complete
03-01 00:15:11 [INFO] nonebot | Matcher(type='notice', module=zhenxun.plugins.monitor, lineno=19) running complete
03-01 00:15:11 [SUCCESS] nonebot | OneBot V11 3042447114 | [notice.group_recall]: {'time': 1740759311, 'self_id': 3042447114, 'post_type': 'notice', 'notice_type': 'group_recall', 'user_id': 2783438601, 'group_id': 1032235226, 'operator_id': 1060999175, 'message_id': 556608175}
03-01 00:15:11 [INFO] nonebot | Event will be handled by Matcher(type='notice', module=zhenxun.plugins.zhenxun_plugin_draw_painting, lineno=61)
03-01 00:15:11 [INFO] nonebot | Event will be handled by Matcher(type='notice', module=zhenxun.plugins.zhenxun_plugin_draw_painting, lineno=62)
03-01 00:15:11 [INFO] nonebot | Event will be handled by Matcher(type='notice', module=zhenxun.plugins.monitor, lineno=18)
03-01 00:15:11 [INFO] nonebot | Event will be handled by Matcher(type='notice', module=zhenxun.plugins.monitor, lineno=19)
03-01 00:15:11 [INFO] nonebot | Event will be handled by Matcher(type='notice', module=zhenxun.plugins.monitor, lineno=20)
03-01 00:15:11 [INFO] nonebot | Matcher(type='notice', module=zhenxun.plugins.monitor, lineno=19) running complete
03-01 00:15:11 [INFO] nonebot | Matcher(type='notice', module=zhenxun.plugins.zhenxun_plugin_draw_painting, lineno=61) running complete
03-01 00:15:11 [INFO] nonebot | Matcher(type='notice', module=zhenxun.plugins.monitor, lineno=18) running complete
03-01 00:15:11 [INFO] nonebot | Matcher(type='notice', module=zhenxun.plugins.monitor, lineno=20) running complete
03-01 00:15:11 [INFO] nonebot | Matcher(type='notice', module=zhenxun.plugins.zhenxun_plugin_draw_painting, lineno=62) running complete
03-01 00:15:11 [SUCCESS] nonebot | OneBot V11 3042447114 | [notice.group_recall]: {'time': 1740759311, 'self_id': 3042447114, 'post_type': 'notice', 'notice_type': 'group_recall', 'user_id': 2251077522, 'group_id': 1032235226, 'operator_id': 1060999175, 'message_id': 1095990679}
03-01 00:15:11 [INFO] nonebot | Event will be handled by Matcher(type='notice', module=zhenxun.plugins.zhenxun_plugin_draw_painting, lineno=61)
03-01 00:15:11 [INFO] nonebot | Event will be handled by Matcher(type='notice', module=zhenxun.plugins.zhenxun_plugin_draw_painting, lineno=62)
03-01 00:15:11 [INFO] nonebot | Event will be handled by Matcher(type='notice', module=zhenxun.plugins.monitor, lineno=18)
03-01 00:15:11 [INFO] nonebot | Event will be handled by Matcher(type='notice', module=zhenxun.plugins.monitor, lineno=19)
03-01 00:15:11 [INFO] nonebot | Event will be handled by Matcher(type='notice', module=zhenxun.plugins.monitor, lineno=20)
03-01 00:15:11 [INFO] nonebot | Matcher(type='notice', module=zhenxun.plugins.monitor, lineno=19) running is cancelled
03-01 00:15:11 [INFO] nonebot | Matcher(type='notice', module=zhenxun.plugins.zhenxun_plugin_draw_painting, lineno=61) running is cancelled
03-01 00:15:11 [INFO] nonebot | Matcher(type='notice', module=zhenxun.plugins.monitor, lineno=18) running is cancelled
03-01 00:15:11 [INFO] nonebot | Matcher(type='notice', module=zhenxun.plugins.zhenxun_plugin_draw_painting, lineno=62) running is cancelled
03-01 00:15:11 [INFO] nonebot | Matcher(type='notice', module=zhenxun.plugins.monitor, lineno=20) running is cancelled
03-01 00:15:12 [SUCCESS] nonebot | OneBot V11 3042447114 | [notice.group_recall]: {'time': 1740759312, 'self_id': 3042447114, 'post_type': 'notice', 'notice_type': 'group_recall', 'user_id': 2045515324, 'group_id': 1032235226, 'operator_id': 1060999175, 'message_id': 492405719}
03-01 00:15:12 [INFO] nonebot | Event will be handled by Matcher(type='notice', module=zhenxun.plugins.zhenxun_plugin_draw_painting, lineno=61)
03-01 00:15:12 [INFO] nonebot | Event will be handled by Matcher(type='notice', module=zhenxun.plugins.zhenxun_plugin_draw_painting, lineno=62)
03-01 00:15:12 [INFO] nonebot | Event will be handled by Matcher(type='notice', module=zhenxun.plugins.monitor, lineno=18)
03-01 00:15:12 [INFO] nonebot | Event will be handled by Matcher(type='notice', module=zhenxun.plugins.monitor, lineno=19)
03-01 00:15:12 [INFO] nonebot | Event will be handled by Matcher(type='notice', module=zhenxun.plugins.monitor, lineno=20)
03-01 00:15:12 [INFO] nonebot | Matcher(type='notice', module=zhenxun.plugins.monitor, lineno=18) running complete
03-01 00:15:12 [INFO] nonebot | Matcher(type='notice', module=zhenxun.plugins.monitor, lineno=20) running complete
03-01 00:15:12 [INFO] nonebot | Matcher(type='notice', module=zhenxun.plugins.zhenxun_plugin_draw_painting, lineno=61) running complete
03-01 00:15:12 [INFO] nonebot | Matcher(type='notice', module=zhenxun.plugins.zhenxun_plugin_draw_painting, lineno=62) running complete
03-01 00:15:12 [INFO] nonebot | Matcher(type='notice', module=zhenxun.plugins.monitor, lineno=19) running complete
03-01 00:15:13 [SUCCESS] nonebot | OneBot V11 3042447114 | [message.group.normal]: Message 1489379731 from 1973539608@[群:645741432] "[face:id=277,raw={'faceIndex': 277, 'faceText': '/汪汪', 'faceType': 2, 'packId': None...]兰恩没触电数值个蛋"
03-01 00:15:13 [INFO] nonebot | Event will be handled by Matcher(type='message', module=zhenxun.builtin_plugins.chat_history.chat_message, lineno=39)
03-01 00:15:13 [INFO] nonebot | Matcher(type='message', module=zhenxun.builtin_plugins.chat_history.chat_message, lineno=39) running complete
03-01 00:15:15 [SUCCESS] nonebot | OneBot V11 3042447114 | [notice.group_recall]: {'time': 1740759315, 'self_id': 3042447114, 'post_type': 'notice', 'notice_type': 'group_recall', 'user_id': 2516167259, 'group_id': 1032235226, 'operator_id': 1060999175, 'message_id': 1245603646}
03-01 00:15:15 [INFO] nonebot | Event will be handled by Matcher(type='notice', module=zhenxun.plugins.zhenxun_plugin_draw_painting, lineno=61)
03-01 00:15:15 [INFO] nonebot | Event will be handled by Matcher(type='notice', module=zhenxun.plugins.zhenxun_plugin_draw_painting, lineno=62)
03-01 00:15:15 [INFO] nonebot | Event will be handled by Matcher(type='notice', module=zhenxun.plugins.monitor, lineno=18)
03-01 00:15:15 [INFO] nonebot | Event will be handled by Matcher(type='notice', module=zhenxun.plugins.monitor, lineno=19)
03-01 00:15:15 [INFO] nonebot | Event will be handled by Matcher(type='notice', module=zhenxun.plugins.monitor, lineno=20)
03-01 00:15:15 [INFO] nonebot | Matcher(type='notice', module=zhenxun.plugins.monitor, lineno=18) running complete
03-01 00:15:15 [INFO] nonebot | Matcher(type='notice', module=zhenxun.plugins.zhenxun_plugin_draw_painting, lineno=62) running complete
03-01 00:15:15 [INFO] nonebot | Matcher(type='notice', module=zhenxun.plugins.monitor, lineno=19) running complete
03-01 00:15:15 [INFO] nonebot | Matcher(type='notice', module=zhenxun.plugins.monitor, lineno=20) running complete
03-01 00:15:15 [INFO] nonebot | Matcher(type='notice', module=zhenxun.plugins.zhenxun_plugin_draw_painting, lineno=61) running complete
03-01 00:15:16 [SUCCESS] nonebot | OneBot V11 3042447114 | [notice.group_recall]: {'time': 1740759316, 'self_id': 3042447114, 'post_type': 'notice', 'notice_type': 'group_recall', 'user_id': 3049339412, 'group_id': 1032235226, 'operator_id': 1060999175, 'message_id': 986286989}
03-01 00:15:16 [INFO] nonebot | Event will be handled by Matcher(type='notice', module=zhenxun.plugins.zhenxun_plugin_draw_painting, lineno=61)
03-01 00:15:16 [INFO] nonebot | Event will be handled by Matcher(type='notice', module=zhenxun.plugins.zhenxun_plugin_draw_painting, lineno=62)
03-01 00:15:16 [INFO] nonebot | Event will be handled by Matcher(type='notice', module=zhenxun.plugins.monitor, lineno=18)
03-01 00:15:16 [INFO] nonebot | Event will be handled by Matcher(type='notice', module=zhenxun.plugins.monitor, lineno=19)
03-01 00:15:16 [INFO] nonebot | Event will be handled by Matcher(type='notice', module=zhenxun.plugins.monitor, lineno=20)
03-01 00:15:16 [INFO] nonebot | Matcher(type='notice', module=zhenxun.plugins.monitor, lineno=18) running complete
03-01 00:15:16 [INFO] nonebot | Matcher(type='notice', module=zhenxun.plugins.zhenxun_plugin_draw_painting, lineno=62) running complete
03-01 00:15:16 [INFO] nonebot | Matcher(type='notice', module=zhenxun.plugins.monitor, lineno=19) running complete
03-01 00:15:16 [INFO] nonebot | Matcher(type='notice', module=zhenxun.plugins.zhenxun_plugin_draw_painting, lineno=61) running complete
03-01 00:15:16 [INFO] nonebot | Matcher(type='notice', module=zhenxun.plugins.monitor, lineno=20) running complete
03-01 00:15:16 [SUCCESS] nonebot | OneBot V11 3042447114 | [notice.group_recall]: {'time': 1740759316, 'self_id': 3042447114, 'post_type': 'notice', 'notice_type': 'group_recall', 'user_id': 3631036719, 'group_id': 1032235226, 'operator_id': 1060999175, 'message_id': 1414264626}
03-01 00:15:16 [INFO] nonebot | Event will be handled by Matcher(type='notice', module=zhenxun.plugins.zhenxun_plugin_draw_painting, lineno=61)
03-01 00:15:16 [INFO] nonebot | Event will be handled by Matcher(type='notice', module=zhenxun.plugins.zhenxun_plugin_draw_painting, lineno=62)
03-01 00:15:16 [INFO] nonebot | Event will be handled by Matcher(type='notice', module=zhenxun.plugins.monitor, lineno=18)
03-01 00:15:16 [INFO] nonebot | Event will be handled by Matcher(type='notice', module=zhenxun.plugins.monitor, lineno=19)
03-01 00:15:16 [INFO] nonebot | Event will be handled by Matcher(type='notice', module=zhenxun.plugins.monitor, lineno=20)
03-01 00:15:16 [INFO] nonebot | Matcher(type='notice', module=zhenxun.plugins.zhenxun_plugin_draw_painting, lineno=61) running complete
03-01 00:15:16 [INFO] nonebot | Matcher(type='notice', module=zhenxun.plugins.monitor, lineno=18) running complete
03-01 00:15:16 [INFO] nonebot | Matcher(type='notice', module=zhenxun.plugins.zhenxun_plugin_draw_painting, lineno=62) running complete
03-01 00:15:16 [INFO] nonebot | Matcher(type='notice', module=zhenxun.plugins.monitor, lineno=19) running complete
03-01 00:15:16 [INFO] nonebot | Matcher(type='notice', module=zhenxun.plugins.monitor, lineno=20) running complete
03-01 00:15:20 [SUCCESS] nonebot | OneBot V11 3042447114 | [message.group.normal]: Message 944374568 from 1305263714@[群:245810894] '我就打了40e'
03-01 00:15:20 [INFO] nonebot | Event will be handled by Matcher(type='message', module=zhenxun.builtin_plugins.chat_history.chat_message, lineno=39)
03-01 00:15:20 [INFO] nonebot | Matcher(type='message', module=zhenxun.builtin_plugins.chat_history.chat_message, lineno=39) running complete
03-01 00:15:23 [SUCCESS] nonebot | OneBot V11 3042447114 | [message.group.normal]: Message 1920359523 from 1973539608@[群:645741432] '所以还是得搭配着来'
03-01 00:15:23 [INFO] nonebot | Event will be handled by Matcher(type='message', module=zhenxun.builtin_plugins.chat_history.chat_message, lineno=39)
03-01 00:15:23 [INFO] nonebot | Matcher(type='message', module=zhenxun.builtin_plugins.chat_history.chat_message, lineno=39) running complete
03-01 00:15:30 [SUCCESS] nonebot | OneBot V11 3042447114 | [message.group.normal]: Message 308646735 from 1433290406@[群:475899384] '也是刷到了中专厂妹江暖'
03-01 00:15:30 [INFO] nonebot | Event will be handled by Matcher(type='message', module=zhenxun.builtin_plugins.chat_history.chat_message, lineno=39)
03-01 00:15:30 [INFO] nonebot | Matcher(type='message', module=zhenxun.builtin_plugins.chat_history.chat_message, lineno=39) running complete
03-01 00:15:32 [SUCCESS] nonebot | OneBot V11 3042447114 | [message.group.normal]: Message 747997549 from 1433290406@[群:475899384] '[image:summary=,file=9E68D98CEE4CF8BF96055E4221E4E1DB.jpg,sub_type=0,url=https://multimedia.nt.qq.com.cn/download?appid=1407&fileid=EhRXXTMt...,file_size=66107]'
03-01 00:15:32 [INFO] nonebot | Event will be handled by Matcher(type='message', module=zhenxun.builtin_plugins.chat_history.chat_message, lineno=39)
03-01 00:15:32 [INFO] nonebot | Matcher(type='message', module=zhenxun.builtin_plugins.chat_history.chat_message, lineno=39) running complete
03-01 00:15:36 [SUCCESS] nonebot | OneBot V11 3042447114 | [message.group.normal]: Message 1975285804 from 3189541612@[群:645741432] '暗弓有纯粹的数值'
03-01 00:15:36 [INFO] nonebot | Event will be handled by Matcher(type='message', module=zhenxun.builtin_plugins.chat_history.chat_message, lineno=39)
03-01 00:15:36 [INFO] nonebot | Matcher(type='message', module=zhenxun.builtin_plugins.chat_history.chat_message, lineno=39) running complete
03-01 00:16:00 [SUCCESS] nonebot | OneBot V11 3042447114 | [message.group.normal]: Message 863948123 from 1305263714@[群:245810894] '[image:summary=[动画表情],file=E84E11D0208F5A897567006A07C7E26A.jpg,sub_type=1,url=https://multimedia.nt.qq.com.cn/download?appid=1407&fileid=EhQ6MFZl...,file_size=182462]'
03-01 00:16:00 [INFO] nonebot | Event will be handled by Matcher(type='message', module=zhenxun.builtin_plugins.chat_history.chat_message, lineno=39)
03-01 00:16:00 [INFO] nonebot | Matcher(type='message', module=zhenxun.builtin_plugins.chat_history.chat_message, lineno=39) running complete
03-01 00:16:04 [SUCCESS] nonebot | OneBot V11 3042447114 | [message.group.normal]: Message 719381521 from 2425490754@[群:645741432] '西格利特吊吗'
03-01 00:16:04 [INFO] nonebot | Event will be handled by Matcher(type='message', module=zhenxun.builtin_plugins.chat_history.chat_message, lineno=39)
03-01 00:16:04 [INFO] nonebot | Matcher(type='message', module=zhenxun.builtin_plugins.chat_history.chat_message, lineno=39) running complete
03-01 00:16:10 [SUCCESS] nonebot | OneBot V11 3042447114 | [message.group.normal]: Message 1497092659 from 1433290406@[群:475899384] '原来是个转生流'
03-01 00:16:10 [INFO] nonebot | Event will be handled by Matcher(type='message', module=zhenxun.builtin_plugins.chat_history.chat_message, lineno=39)
03-01 00:16:10 [INFO] nonebot | Matcher(type='message', module=zhenxun.builtin_plugins.chat_history.chat_message, lineno=39) running complete
03-01 00:16:15 [SUCCESS] nonebot | OneBot V11 3042447114 | [message.group.normal]: Message 333580789 from 2806722954@[群:245810894] '抄的是林老婆的作业嘛[image:summary=,file=7AA8946B772274EBEE3F25CEAABB4896.jpg,sub_type=0,url=https://multimedia.nt.qq.com.cn/download?appid=1407&fileid=EhRu-SwX...,file_size=217036]'
03-01 00:16:15 [INFO] nonebot | Event will be handled by Matcher(type='message', module=zhenxun.builtin_plugins.chat_history.chat_message, lineno=39)
03-01 00:16:15 [INFO] nonebot | Matcher(type='message', module=zhenxun.builtin_plugins.chat_history.chat_message, lineno=39) running complete
03-01 00:16:19 [SUCCESS] nonebot | OneBot V11 3042447114 | [message.group.normal]: Message 614157706 from 824130258@[群:308422658] '对的'
03-01 00:16:19 [INFO] nonebot | Event will be handled by Matcher(type='message', module=zhenxun.builtin_plugins.chat_history.chat_message, lineno=39)
03-01 00:16:19 [INFO] nonebot | Matcher(type='message', module=zhenxun.builtin_plugins.chat_history.chat_message, lineno=39) running complete
03-01 00:16:25 [SUCCESS] nonebot | OneBot V11 3042447114 | [message.group.normal]: Message 359094593 from 1305263714@[群:245810894] '是的啊'
03-01 00:16:25 [INFO] nonebot | Event will be handled by Matcher(type='message', module=zhenxun.builtin_plugins.chat_history.chat_message, lineno=39)
03-01 00:16:25 [INFO] nonebot | Matcher(type='message', module=zhenxun.builtin_plugins.chat_history.chat_message, lineno=39) running complete
03-01 00:16:28 [SUCCESS] nonebot | OneBot V11 3042447114 | [message.group.normal]: Message 1995854135 from 824130258@[群:308422658] '一屁股能把你的骨盆坐碎'
03-01 00:16:28 [INFO] nonebot | Event will be handled by Matcher(type='message', module=zhenxun.builtin_plugins.chat_history.chat_message, lineno=39)
03-01 00:16:28 [INFO] nonebot | Matcher(type='message', module=zhenxun.builtin_plugins.chat_history.chat_message, lineno=39) running complete
03-01 00:16:31 [SUCCESS] nonebot | OneBot V11 3042447114 | [message.group.normal]: Message 2105712523 from 2806722954@[群:245810894] '嗯？'
03-01 00:16:31 [INFO] nonebot | Event will be handled by Matcher(type='message', module=zhenxun.builtin_plugins.chat_history.chat_message, lineno=39)
03-01 00:16:31 [INFO] nonebot | Matcher(type='message', module=zhenxun.builtin_plugins.chat_history.chat_message, lineno=39) running complete
03-01 00:16:41 [SUCCESS] nonebot | OneBot V11 3042447114 | [message.group.normal]: Message 1687647056 from 350640529@[群:645741432] '打佩特拉好用'
03-01 00:16:41 [INFO] nonebot | Event will be handled by Matcher(type='message', module=zhenxun.builtin_plugins.chat_history.chat_message, lineno=39)
03-01 00:16:41 [INFO] nonebot | Matcher(type='message', module=zhenxun.builtin_plugins.chat_history.chat_message, lineno=39) running complete
03-01 00:16:48 [SUCCESS] nonebot | OneBot V11 3042447114 | [message.group.normal]: Message 985353044 from 3189541612@[群:645741432] '挺猛的'
03-01 00:16:48 [INFO] nonebot | Event will be handled by Matcher(type='message', module=zhenxun.builtin_plugins.chat_history.chat_message, lineno=39)
03-01 00:16:49 [INFO] nonebot | Matcher(type='message', module=zhenxun.builtin_plugins.chat_history.chat_message, lineno=39) running complete
03-01 00:16:53 [SUCCESS] nonebot | OneBot V11 3042447114 | [message.group.normal]: Message 1229054018 from 1305263714@[群:245810894] '问题出在哪了呢'
03-01 00:16:53 [INFO] nonebot | Event will be handled by Matcher(type='message', module=zhenxun.builtin_plugins.chat_history.chat_message, lineno=39)
03-01 00:16:53 [INFO] nonebot | Matcher(type='message', module=zhenxun.builtin_plugins.chat_history.chat_message, lineno=39) running complete
03-01 00:16:53 [SUCCESS] nonebot | OneBot V11 3042447114 | [message.group.normal]: Message 354518712 from 3034109192@[群:864523321] '[reply:id=834445407][at:qq=837087169] 魔女服务器厂商跑路了'
03-01 00:16:53 [INFO] nonebot | Event will be handled by Matcher(type='message', module=zhenxun.builtin_plugins.chat_history.chat_message, lineno=39)
03-01 00:16:53 [INFO] nonebot | Matcher(type='message', module=zhenxun.builtin_plugins.chat_history.chat_message, lineno=39) running complete
03-01 00:16:56 [SUCCESS] nonebot | OneBot V11 3042447114 | [message.group.normal]: Message 1914461866 from 2302403345@[群:308422658] '真坦克'
03-01 00:16:56 [INFO] nonebot | Event will be handled by Matcher(type='message', module=zhenxun.builtin_plugins.chat_history.chat_message, lineno=39)
03-01 00:16:56 [INFO] nonebot | Matcher(type='message', module=zhenxun.builtin_plugins.chat_history.chat_message, lineno=39) running complete
03-01 00:16:56 [SUCCESS] nonebot | OneBot V11 3042447114 | [message.group.normal]: Message 450442447 from 3034109192@[群:864523321] '[image:summary=[动画表情],file=0614D8897C4C06A606AC5B975CB15D8D.jpg,sub_type=1,url=https://multimedia.nt.qq.com.cn/download?appid=1407&fileid=EhRj2xsP...,file_size=54718]'
03-01 00:16:56 [INFO] nonebot | Event will be handled by Matcher(type='message', module=zhenxun.builtin_plugins.chat_history.chat_message, lineno=39)
03-01 00:16:56 [INFO] nonebot | Matcher(type='message', module=zhenxun.builtin_plugins.chat_history.chat_message, lineno=39) running complete
03-01 00:16:59 [SUCCESS] nonebot | OneBot V11 3042447114 | [message.group.normal]: Message 1951041406 from 2425490754@[群:645741432] '我已经养了伊迪斯了还养秋吗'
03-01 00:16:59 [INFO] nonebot | Event will be handled by Matcher(type='message', module=zhenxun.builtin_plugins.chat_history.chat_message, lineno=39)
03-01 00:16:59 [INFO] nonebot | Matcher(type='message', module=zhenxun.builtin_plugins.chat_history.chat_message, lineno=39) running complete
03-01 00:17:08 [SUCCESS] nonebot | OneBot V11 3042447114 | [message.group.normal]: Message 913091380 from 3189541612@[群:645741432] '兰恩占着前排不拉屎'
03-01 00:17:08 [INFO] nonebot | Event will be handled by Matcher(type='message', module=zhenxun.builtin_plugins.chat_history.chat_message, lineno=39)
03-01 00:17:08 [INFO] nonebot | Matcher(type='message', module=zhenxun.builtin_plugins.chat_history.chat_message, lineno=39) running complete
03-01 00:17:09 [SUCCESS] nonebot | OneBot V11 3042447114 | [message.group.normal]: Message 1558810159 from 3346158984@[群:864523321] '这不老太婆吗'
03-01 00:17:09 [INFO] nonebot | Event will be handled by Matcher(type='message', module=zhenxun.builtin_plugins.chat_history.chat_message, lineno=39)
03-01 00:17:09 [INFO] nonebot | Matcher(type='message', module=zhenxun.builtin_plugins.chat_history.chat_message, lineno=39) running complete
03-01 00:17:11 [SUCCESS] nonebot | OneBot V11 3042447114 | [message.group.normal]: Message 1306859764 from 1280558709@[群:645741432] '暗弓确实'
03-01 00:17:11 [INFO] nonebot | Event will be handled by Matcher(type='message', module=zhenxun.builtin_plugins.chat_history.chat_message, lineno=39)
03-01 00:17:11 [INFO] nonebot | Matcher(type='message', module=zhenxun.builtin_plugins.chat_history.chat_message, lineno=39) running complete
03-01 00:17:15 [SUCCESS] nonebot | OneBot V11 3042447114 | [message.group.normal]: Message 389313314 from 350640529@[群:645741432] '你看哪个C能朽再说吧'
03-01 00:17:15 [INFO] nonebot | Event will be handled by Matcher(type='message', module=zhenxun.builtin_plugins.chat_history.chat_message, lineno=39)
03-01 00:17:15 [INFO] nonebot | Matcher(type='message', module=zhenxun.builtin_plugins.chat_history.chat_message, lineno=39) running complete
03-01 00:17:15 [SUCCESS] nonebot | OneBot V11 3042447114 | [message.group.normal]: Message 449386102 from 1280558709@[群:645741432] '纯粹的数值'
03-01 00:17:15 [INFO] nonebot | Event will be handled by Matcher(type='message', module=zhenxun.builtin_plugins.chat_history.chat_message, lineno=39)
03-01 00:17:15 [INFO] nonebot | Matcher(type='message', module=zhenxun.builtin_plugins.chat_history.chat_message, lineno=39) running complete
03-01 00:17:29 [SUCCESS] nonebot | OneBot V11 3042447114 | [message.group.normal]: Message 552791379 from 350640529@[群:645741432] '第二个C要养也是能朽的'
03-01 00:17:29 [INFO] nonebot | Event will be handled by Matcher(type='message', module=zhenxun.builtin_plugins.chat_history.chat_message, lineno=39)
03-01 00:17:29 [INFO] nonebot | Matcher(type='message', module=zhenxun.builtin_plugins.chat_history.chat_message, lineno=39) running complete
03-01 00:17:31 [SUCCESS] nonebot | OneBot V11 3042447114 | [message.group.normal]: Message 1271398078 from 1280558709@[群:645741432] '兰恩现在高压没法出场'
03-01 00:17:31 [INFO] nonebot | Event will be handled by Matcher(type='message', module=zhenxun.builtin_plugins.chat_history.chat_message, lineno=39)
03-01 00:17:31 [INFO] nonebot | Matcher(type='message', module=zhenxun.builtin_plugins.chat_history.chat_message, lineno=39) running complete
03-01 00:17:32 [SUCCESS] nonebot | OneBot V11 3042447114 | [message.group.normal]: Message 98832654 from 1433290406@[群:475899384] '【二重螺旋？九转大肠！“原”汁“原”味的缝合怪！狩夜测试深度测评】 https://www.bilibili.com/video/BV1vc9MYXE8F/?share_source=copy_web&vd_source=f91fe70fe2439860fca1c607505c7e18'
03-01 00:17:32 [INFO] nonebot | Event will be handled by Matcher(type='message', module=zhenxun.builtin_plugins.chat_history.chat_message, lineno=39)
03-01 00:17:32 [INFO] nonebot | Matcher(type='message', module=zhenxun.builtin_plugins.chat_history.chat_message, lineno=39) running complete
03-01 00:17:34 [SUCCESS] nonebot | OneBot V11 3042447114 | [message.group.normal]: Message 909039872 from 3034109192@[群:864523321] '这不老太婆吗'
03-01 00:17:34 [INFO] nonebot | Event will be handled by Matcher(type='message', module=zhenxun.builtin_plugins.chat_history.chat_message, lineno=39)
03-01 00:17:34 [INFO] nonebot | Matcher(type='message', module=zhenxun.builtin_plugins.chat_history.chat_message, lineno=39) running complete
03-01 00:17:36 [SUCCESS] nonebot | OneBot V11 3042447114 | [message.group.normal]: Message 86678471 from 2425490754@[群:645741432] '有没有每个种族必养的卡'
03-01 00:17:36 [INFO] nonebot | Event will be handled by Matcher(type='message', module=zhenxun.builtin_plugins.chat_history.chat_message, lineno=39)
03-01 00:17:36 [INFO] nonebot | Matcher(type='message', module=zhenxun.builtin_plugins.chat_history.chat_message, lineno=39) running complete
03-01 00:17:39 [SUCCESS] nonebot | OneBot V11 3042447114 | [message.group.normal]: Message 1965664091 from 837087169@[群:864523321] '[image:summary=[动画表情],file=6DBF748C4B134114F7CA2F5314F0685A.jpg,sub_type=1,url=https://multimedia.nt.qq.com.cn/download?appid=1407&fileid=EhTDpKxu...,file_size=615148]'
03-01 00:17:39 [INFO] nonebot | Event will be handled by Matcher(type='message', module=zhenxun.builtin_plugins.chat_history.chat_message, lineno=39)
03-01 00:17:39 [INFO] nonebot | Matcher(type='message', module=zhenxun.builtin_plugins.chat_history.chat_message, lineno=39) running complete
03-01 00:17:44 [SUCCESS] nonebot | OneBot V11 3042447114 | [message.group.normal]: Message 1961904290 from 1280558709@[群:645741432] '主要她和鲁亚都不好抗'
03-01 00:17:44 [INFO] nonebot | Event will be handled by Matcher(type='message', module=zhenxun.builtin_plugins.chat_history.chat_message, lineno=39)
03-01 00:17:44 [INFO] nonebot | Matcher(type='message', module=zhenxun.builtin_plugins.chat_history.chat_message, lineno=39) running complete
03-01 00:17:47 [SUCCESS] nonebot | OneBot V11 3042447114 | [message.group.normal]: Message 832048188 from 2425490754@[群:645741432] '主要狗粮不多'
03-01 00:17:47 [INFO] nonebot | Event will be handled by Matcher(type='message', module=zhenxun.builtin_plugins.chat_history.chat_message, lineno=39)
03-01 00:17:47 [INFO] nonebot | Matcher(type='message', module=zhenxun.builtin_plugins.chat_history.chat_message, lineno=39) running complete
03-01 00:17:57 [SUCCESS] nonebot | OneBot V11 3042447114 | [message.group.normal]: Message 772621846 from 2425490754@[群:645741432] '第二个c我感觉是新红兰'
03-01 00:17:57 [INFO] nonebot | Event will be handled by Matcher(type='message', module=zhenxun.builtin_plugins.chat_history.chat_message, lineno=39)
03-01 00:17:57 [INFO] nonebot | Matcher(type='message', module=zhenxun.builtin_plugins.chat_history.chat_message, lineno=39) running complete
03-01 00:18:02 [SUCCESS] nonebot | OneBot V11 3042447114 | [message.group.normal]: Message 134778692 from 2425490754@[群:645741432] '[image:summary=[动画表情],file=F682AD7E0B681531667F9F74190B1AAC.jpg,sub_type=1,url=https://multimedia.nt.qq.com.cn/download?appid=1407&fileid=EhReIWyE...,file_size=17402]'
03-01 00:18:02 [INFO] nonebot | Event will be handled by Matcher(type='message', module=zhenxun.builtin_plugins.chat_history.chat_message, lineno=39)
03-01 00:18:02 [INFO] nonebot | Matcher(type='message', module=zhenxun.builtin_plugins.chat_history.chat_message, lineno=39) running complete
03-01 00:18:13 [SUCCESS] nonebot | OneBot V11 3042447114 | [message.group.normal]: Message 531885621 from 837087169@[群:864523321] '说得好，舰桥雅座一位'
03-01 00:18:13 [INFO] nonebot | Event will be handled by Matcher(type='message', module=zhenxun.builtin_plugins.chat_history.chat_message, lineno=39)
03-01 00:18:13 [INFO] nonebot | Matcher(type='message', module=zhenxun.builtin_plugins.chat_history.chat_message, lineno=39) running complete
03-01 00:18:16 [SUCCESS] nonebot | OneBot V11 3042447114 | [message.group.normal]: Message 1642595876 from 1433290406@[群:475899384] '能得到丸子负面评价的游戏，基本上有了'
03-01 00:18:16 [INFO] nonebot | Event will be handled by Matcher(type='message', module=zhenxun.builtin_plugins.chat_history.chat_message, lineno=39)
03-01 00:18:16 [INFO] nonebot | Matcher(type='message', module=zhenxun.builtin_plugins.chat_history.chat_message, lineno=39) running complete
03-01 00:18:16 [SUCCESS] nonebot | OneBot V11 3042447114 | [message.group.normal]: Message 1222583057 from 350640529@[群:645741432] '看看是不是输出T再说'
03-01 00:18:16 [INFO] nonebot | Event will be handled by Matcher(type='message', module=zhenxun.builtin_plugins.chat_history.chat_message, lineno=39)
03-01 00:18:16 [INFO] nonebot | Matcher(type='message', module=zhenxun.builtin_plugins.chat_history.chat_message, lineno=39) running complete
03-01 00:18:34 [SUCCESS] nonebot | OneBot V11 3042447114 | [message.group.normal]: Message 1104363059 from 350640529@[群:645741432] '过几天就知道技能了'
03-01 00:18:34 [INFO] nonebot | Event will be handled by Matcher(type='message', module=zhenxun.builtin_plugins.chat_history.chat_message, lineno=39)
03-01 00:18:34 [INFO] nonebot | Matcher(type='message', module=zhenxun.builtin_plugins.chat_history.chat_message, lineno=39) running complete
03-01 00:18:38 [SUCCESS] nonebot | OneBot V11 3042447114 | [message.group.normal]: Message 147103875 from 2806722954@[群:245810894] '我前面开的自动，终极是梅妃-拉利玛-威里，被威赫之后自动关了避免暗琳放主动被监禁，其他正常放然后梅妃破盾暗琳再打一波'
03-01 00:18:38 [INFO] nonebot | Event will be handled by Matcher(type='message', module=zhenxun.builtin_plugins.chat_history.chat_message, lineno=39)
03-01 00:18:38 [INFO] nonebot | Matcher(type='message', module=zhenxun.builtin_plugins.chat_history.chat_message, lineno=39) running complete
03-01 00:18:41 [SUCCESS] nonebot | OneBot V11 3042447114 | [message.group.normal]: Message 1472523849 from 3189541612@[群:645741432] '兰恩只能等专拐了'
03-01 00:18:41 [INFO] nonebot | Event will be handled by Matcher(type='message', module=zhenxun.builtin_plugins.chat_history.chat_message, lineno=39)
03-01 00:18:41 [INFO] nonebot | Matcher(type='message', module=zhenxun.builtin_plugins.chat_history.chat_message, lineno=39) running complete
03-01 00:18:45 [SUCCESS] nonebot | OneBot V11 3042447114 | [message.group.normal]: Message 436759131 from 3346158984@[群:864523321] '[image:summary=[动画表情],file=ED279A34A3D3B083C3D6D9DDBE3427B9.jpg,sub_type=1,url=https://multimedia.nt.qq.com.cn/download?appid=1407&fileid=EhQLO2eM...,file_size=50976]'
03-01 00:18:45 [INFO] nonebot | Event will be handled by Matcher(type='message', module=zhenxun.builtin_plugins.chat_history.chat_message, lineno=39)
03-01 00:18:45 [INFO] nonebot | Matcher(type='message', module=zhenxun.builtin_plugins.chat_history.chat_message, lineno=39) running complete
03-01 00:18:46 [SUCCESS] nonebot | OneBot V11 3042447114 | [message.group.normal]: Message 241179095 from 2425490754@[群:645741432] '他是啥系的'
03-01 00:18:46 [INFO] nonebot | Event will be handled by Matcher(type='message', module=zhenxun.builtin_plugins.chat_history.chat_message, lineno=39)
03-01 00:18:46 [INFO] nonebot | Matcher(type='message', module=zhenxun.builtin_plugins.chat_history.chat_message, lineno=39) running complete
03-01 00:18:52 [SUCCESS] nonebot | OneBot V11 3042447114 | [message.group.normal]: Message 1675107507 from 350640529@[群:645741432] '兽'
03-01 00:18:52 [INFO] nonebot | Event will be handled by Matcher(type='message', module=zhenxun.builtin_plugins.chat_history.chat_message, lineno=39)
03-01 00:18:52 [INFO] nonebot | Matcher(type='message', module=zhenxun.builtin_plugins.chat_history.chat_message, lineno=39) running complete
03-01 00:19:02 [SUCCESS] nonebot | OneBot V11 3042447114 | [message.group.normal]: Message 834213810 from 2806722954@[群:245810894] '打了第一波破盾就没了'
03-01 00:19:02 [INFO] nonebot | Event will be handled by Matcher(type='message', module=zhenxun.builtin_plugins.chat_history.chat_message, lineno=39)
03-01 00:19:02 [INFO] nonebot | Matcher(type='message', module=zhenxun.builtin_plugins.chat_history.chat_message, lineno=39) running complete
03-01 00:19:05 [SUCCESS] nonebot | OneBot V11 3042447114 | [message.group.normal]: Message 1108910005 from 2491044038@[群:475899384] "[face:id=182,raw={'faceIndex': 182, 'faceText': None, 'faceType': 1, 'packId': None,...]"
03-01 00:19:05 [INFO] nonebot | Event will be handled by Matcher(type='message', module=zhenxun.builtin_plugins.chat_history.chat_message, lineno=39)
03-01 00:19:05 [INFO] nonebot | Matcher(type='message', module=zhenxun.builtin_plugins.chat_history.chat_message, lineno=39) running complete
03-01 00:19:13 [SUCCESS] nonebot | OneBot V11 3042447114 | [message.group.normal]: Message 172446935 from 2797411757@[群:864523321] '[reply:id=354518712][at:qq=3034109192] 不要不要😭'
03-01 00:19:13 [INFO] nonebot | Event will be handled by Matcher(type='message', module=zhenxun.builtin_plugins.chat_history.chat_message, lineno=39)
03-01 00:19:13 [INFO] nonebot | Matcher(type='message', module=zhenxun.builtin_plugins.chat_history.chat_message, lineno=39) running complete
03-01 00:19:20 [SUCCESS] nonebot | OneBot V11 3042447114 | [message.group.normal]: Message 972866226 from 2797411757@[群:864523321] '骨灰盒也没了'
03-01 00:19:20 [INFO] nonebot | Event will be handled by Matcher(type='message', module=zhenxun.builtin_plugins.chat_history.chat_message, lineno=39)
03-01 00:19:20 [INFO] nonebot | Matcher(type='message', module=zhenxun.builtin_plugins.chat_history.chat_message, lineno=39) running complete
03-01 00:19:23 [SUCCESS] nonebot | OneBot V11 3042447114 | [message.group.normal]: Message 148928834 from 1280558709@[群:645741432] '兰恩不是拐不拐的问题'
03-01 00:19:23 [INFO] nonebot | Event will be handled by Matcher(type='message', module=zhenxun.builtin_plugins.chat_history.chat_message, lineno=39)
03-01 00:19:23 [INFO] nonebot | Matcher(type='message', module=zhenxun.builtin_plugins.chat_history.chat_message, lineno=39) running complete
03-01 00:19:27 [SUCCESS] nonebot | OneBot V11 3042447114 | [message.group.normal]: Message 252363389 from 1280558709@[群:645741432] '生存'
03-01 00:19:27 [INFO] nonebot | Event will be handled by Matcher(type='message', module=zhenxun.builtin_plugins.chat_history.chat_message, lineno=39)
03-01 00:19:27 [INFO] nonebot | Matcher(type='message', module=zhenxun.builtin_plugins.chat_history.chat_message, lineno=39) running complete
03-01 00:19:27 [SUCCESS] nonebot | OneBot V11 3042447114 | [message.group.normal]: Message 1238358928 from 350640529@[群:645741432] '要养的话也是每个种族挑一个能朽的养，先凑五个朽先'
03-01 00:19:27 [INFO] nonebot | Event will be handled by Matcher(type='message', module=zhenxun.builtin_plugins.chat_history.chat_message, lineno=39)
03-01 00:19:27 [INFO] nonebot | Matcher(type='message', module=zhenxun.builtin_plugins.chat_history.chat_message, lineno=39) running complete
03-01 00:19:33 [SUCCESS] nonebot | OneBot V11 3042447114 | [message.group.normal]: Message 150179634 from 1973539608@[群:645741432] '[at:qq=350640529] 已经有技能了'
03-01 00:19:33 [INFO] nonebot | Event will be handled by Matcher(type='message', module=zhenxun.builtin_plugins.chat_history.chat_message, lineno=39)
03-01 00:19:33 [INFO] nonebot | Matcher(type='message', module=zhenxun.builtin_plugins.chat_history.chat_message, lineno=39) running complete
03-01 00:19:39 [SUCCESS] nonebot | OneBot V11 3042447114 | [message.group.normal]: Message 172176706 from 1973539608@[群:645741432] '但数值不是很爆炸'
03-01 00:19:39 [INFO] nonebot | Event will be handled by Matcher(type='message', module=zhenxun.builtin_plugins.chat_history.chat_message, lineno=39)
03-01 00:19:39 [INFO] nonebot | Matcher(type='message', module=zhenxun.builtin_plugins.chat_history.chat_message, lineno=39) running complete
03-01 00:19:46 [SUCCESS] nonebot | OneBot V11 3042447114 | [message.group.normal]: Message 1620634844 from 3346158984@[群:864523321] '墓碑都没留下'
03-01 00:19:46 [INFO] nonebot | Event will be handled by Matcher(type='message', module=zhenxun.builtin_plugins.chat_history.chat_message, lineno=39)
03-01 00:19:46 [INFO] nonebot | Matcher(type='message', module=zhenxun.builtin_plugins.chat_history.chat_message, lineno=39) running complete
03-01 00:19:47 [SUCCESS] nonebot | OneBot V11 3042447114 | [message.group.normal]: Message 400541985 from 1433290406@[群:475899384] '[image:summary=,file=9C5B53DC0F5962B782D4AE4C28D2CAC9.png,sub_type=0,url=https://multimedia.nt.qq.com.cn/download?appid=1407&fileid=EhQlNsS4...,file_size=154577]'
03-01 00:19:47 [INFO] nonebot | Event will be handled by Matcher(type='message', module=zhenxun.builtin_plugins.chat_history.chat_message, lineno=39)
03-01 00:19:47 [INFO] nonebot | Matcher(type='message', module=zhenxun.builtin_plugins.chat_history.chat_message, lineno=39) running complete
03-01 00:19:50 [SUCCESS] nonebot | OneBot V11 3042447114 | [message.group.normal]: Message 1152467126 from 2425490754@[群:645741432] '克洛伊都快朽了'
03-01 00:19:50 [INFO] nonebot | Event will be handled by Matcher(type='message', module=zhenxun.builtin_plugins.chat_history.chat_message, lineno=39)
03-01 00:19:50 [INFO] nonebot | Matcher(type='message', module=zhenxun.builtin_plugins.chat_history.chat_message, lineno=39) running complete
03-01 00:19:53 [SUCCESS] nonebot | OneBot V11 3042447114 | [notice.notify.poke]: {'time': 1740759593, 'self_id': 3042447114, 'post_type': 'notice', 'notice_type': 'notify', 'sub_type': 'poke', 'user_id': 2290442077, 'group_id': 475899384, 'target_id': 1433290406, 'raw_info': [{'col': '1', 'nm': '', 'type': 'qq', 'uid': 'u_Pggi0TcOLekqwIuHG1IWRA'}, {'jp': 'https://zb.vip.qq.com/v2/pages/nudgeMall?_wv=2&actionId=3&effectId=15', 'src': 'http://tianquan.gtimg.cn/nudgeeffect/item/15/client.gif', 'type': 'img'}, {'col': '1', 'nm': '', 'tp': '0', 'type': 'qq', 'uid': 'u_5Mhg5BoIZT-MUNao6dXYcA'}, {'txt': '的脸红泡泡茶壶', 'type': 'nor'}]}
03-01 00:19:53 [INFO] nonebot | Event will be handled by Matcher(type='notice', module=zhenxun.plugins.zhenxun_plugin_draw_painting, lineno=61)
03-01 00:19:53 [INFO] nonebot | Event will be handled by Matcher(type='notice', module=zhenxun.plugins.zhenxun_plugin_draw_painting, lineno=62)
03-01 00:19:53 [INFO] nonebot | Event will be handled by Matcher(type='notice', module=zhenxun.plugins.monitor, lineno=18)
03-01 00:19:53 [INFO] nonebot | Event will be handled by Matcher(type='notice', module=zhenxun.plugins.monitor, lineno=19)
03-01 00:19:53 [INFO] nonebot | Event will be handled by Matcher(type='notice', module=zhenxun.plugins.monitor, lineno=20)
03-01 00:19:53 [INFO] nonebot | Matcher(type='notice', module=zhenxun.plugins.monitor, lineno=19) running complete
03-01 00:19:53 [INFO] nonebot | Matcher(type='notice', module=zhenxun.plugins.monitor, lineno=18) running complete
03-01 00:19:53 [INFO] nonebot | Matcher(type='notice', module=zhenxun.plugins.monitor, lineno=20) running complete
03-01 00:19:53 [INFO] nonebot | Matcher(type='notice', module=zhenxun.plugins.zhenxun_plugin_draw_painting, lineno=61) running complete
03-01 00:19:53 [INFO] nonebot | Matcher(type='notice', module=zhenxun.plugins.zhenxun_plugin_draw_painting, lineno=62) running is cancelled
03-01 00:19:53 [SUCCESS] nonebot | OneBot V11 3042447114 | [message.group.normal]: Message 1681054018 from 350640529@[群:645741432] '我转发的那个？'
03-01 00:19:53 [INFO] nonebot | Event will be handled by Matcher(type='message', module=zhenxun.builtin_plugins.chat_history.chat_message, lineno=39)
03-01 00:19:53 [INFO] nonebot | Matcher(type='message', module=zhenxun.builtin_plugins.chat_history.chat_message, lineno=39) running complete
03-01 00:19:54 [SUCCESS] nonebot | OneBot V11 3042447114 | [message.group.normal]: Message 465236258 from 1280558709@[群:645741432] '鲁亚基本都保触电了'
03-01 00:19:54 [INFO] nonebot | Event will be handled by Matcher(type='message', module=zhenxun.builtin_plugins.chat_history.chat_message, lineno=39)
03-01 00:19:54 [INFO] nonebot | Matcher(type='message', module=zhenxun.builtin_plugins.chat_history.chat_message, lineno=39) running complete
03-01 00:19:57 [SUCCESS] nonebot | OneBot V11 3042447114 | [message.group.normal]: Message 1706254143 from 2290442077@[群:475899384] '[image:summary=[动画表情],file=81913A4797069C8A98259DD3BCC4CE31.jpg,sub_type=1,url=https://multimedia.nt.qq.com.cn/download?appid=1407&fileid=EhSJc_Sm...,file_size=6825]'
03-01 00:19:57 [INFO] nonebot | Event will be handled by Matcher(type='message', module=zhenxun.builtin_plugins.chat_history.chat_message, lineno=39)
03-01 00:19:57 [INFO] nonebot | Matcher(type='message', module=zhenxun.builtin_plugins.chat_history.chat_message, lineno=39) running complete
03-01 00:20:02 [SUCCESS] nonebot | OneBot V11 3042447114 | [message.group.normal]: Message 2109583121 from 350640529@[群:645741432] '那个又不保真'
03-01 00:20:02 [INFO] nonebot | Event will be handled by Matcher(type='message', module=zhenxun.builtin_plugins.chat_history.chat_message, lineno=39)
03-01 00:20:02 [INFO] nonebot | Matcher(type='message', module=zhenxun.builtin_plugins.chat_history.chat_message, lineno=39) running complete
03-01 00:20:04 [SUCCESS] nonebot | OneBot V11 3042447114 | [message.group.normal]: Message 1493607034 from 3189541612@[群:645741432] '卤鸭占了前排'
03-01 00:20:04 [INFO] nonebot | Event will be handled by Matcher(type='message', module=zhenxun.builtin_plugins.chat_history.chat_message, lineno=39)
03-01 00:20:04 [INFO] nonebot | Matcher(type='message', module=zhenxun.builtin_plugins.chat_history.chat_message, lineno=39) running complete
03-01 00:20:17 [SUCCESS] nonebot | OneBot V11 3042447114 | [message.group.normal]: Message 2085176476 from 1305263714@[群:245810894] '前面终极有就放吗'
03-01 00:20:17 [INFO] nonebot | Event will be handled by Matcher(type='message', module=zhenxun.builtin_plugins.chat_history.chat_message, lineno=39)
03-01 00:20:17 [INFO] nonebot | Matcher(type='message', module=zhenxun.builtin_plugins.chat_history.chat_message, lineno=39) running complete
03-01 00:20:22 [SUCCESS] nonebot | OneBot V11 3042447114 | [message.group.normal]: Message 682425194 from 2806722954@[群:245810894] '嗯'
03-01 00:20:22 [INFO] nonebot | Event will be handled by Matcher(type='message', module=zhenxun.builtin_plugins.chat_history.chat_message, lineno=39)
03-01 00:20:22 [INFO] nonebot | Matcher(type='message', module=zhenxun.builtin_plugins.chat_history.chat_message, lineno=39) running complete
03-01 00:20:22 [SUCCESS] nonebot | OneBot V11 3042447114 | [message.group.normal]: Message 543492969 from 2425490754@[群:645741432] '希望是超级无敌强'
03-01 00:20:22 [INFO] nonebot | Event will be handled by Matcher(type='message', module=zhenxun.builtin_plugins.chat_history.chat_message, lineno=39)
03-01 00:20:22 [INFO] nonebot | Matcher(type='message', module=zhenxun.builtin_plugins.chat_history.chat_message, lineno=39) running complete
03-01 00:20:23 [SUCCESS] nonebot | OneBot V11 3042447114 | [message.group.normal]: Message 2080409855 from 350640529@[群:645741432] '还是要等官方的技能出来看看'
03-01 00:20:23 [INFO] nonebot | Event will be handled by Matcher(type='message', module=zhenxun.builtin_plugins.chat_history.chat_message, lineno=39)
03-01 00:20:23 [INFO] nonebot | Matcher(type='message', module=zhenxun.builtin_plugins.chat_history.chat_message, lineno=39) running complete
03-01 00:20:27 [SUCCESS] nonebot | OneBot V11 3042447114 | [message.group.normal]: Message 402113924 from 2806722954@[群:245810894] '前三个自动就行'
03-01 00:20:27 [INFO] nonebot | Event will be handled by Matcher(type='message', module=zhenxun.builtin_plugins.chat_history.chat_message, lineno=39)
03-01 00:20:27 [INFO] nonebot | Matcher(type='message', module=zhenxun.builtin_plugins.chat_history.chat_message, lineno=39) running complete
03-01 00:20:35 [SUCCESS] nonebot | OneBot V11 3042447114 | [message.group.normal]: Message 318597536 from 3189541612@[群:645741432] '来个后排骑士触电拐'
03-01 00:20:35 [INFO] nonebot | Event will be handled by Matcher(type='message', module=zhenxun.builtin_plugins.chat_history.chat_message, lineno=39)
03-01 00:20:35 [INFO] nonebot | Matcher(type='message', module=zhenxun.builtin_plugins.chat_history.chat_message, lineno=39) running complete
03-01 00:20:37 [SUCCESS] nonebot | OneBot V11 3042447114 | [message.group.normal]: Message 1969112297 from 2806722954@[群:245810894] '破盾之后放暗琳的'
03-01 00:20:37 [INFO] nonebot | Event will be handled by Matcher(type='message', module=zhenxun.builtin_plugins.chat_history.chat_message, lineno=39)
03-01 00:20:37 [INFO] nonebot | Matcher(type='message', module=zhenxun.builtin_plugins.chat_history.chat_message, lineno=39) running complete
03-01 00:20:37 [SUCCESS] nonebot | OneBot V11 3042447114 | [message.group.normal]: Message 1629979463 from 1305263714@[群:245810894] '好'
03-01 00:20:37 [INFO] nonebot | Event will be handled by Matcher(type='message', module=zhenxun.builtin_plugins.chat_history.chat_message, lineno=39)
03-01 00:20:37 [INFO] nonebot | Matcher(type='message', module=zhenxun.builtin_plugins.chat_history.chat_message, lineno=39) running complete
03-01 00:20:51 [SUCCESS] nonebot | OneBot V11 3042447114 | [message.group.normal]: Message 1589079115 from 350640529@[群:645741432] '反正谁能朽狗粮就给谁'
03-01 00:20:51 [INFO] nonebot | Event will be handled by Matcher(type='message', module=zhenxun.builtin_plugins.chat_history.chat_message, lineno=39)
03-01 00:20:51 [INFO] nonebot | Matcher(type='message', module=zhenxun.builtin_plugins.chat_history.chat_message, lineno=39) running complete
03-01 00:20:53 [SUCCESS] nonebot | OneBot V11 3042447114 | [message.group.normal]: Message 771986989 from 365103469@[群:645741432] '[image:summary=,file={1D4226C9-A986-BB22-20DA-99FAE86F2DCC}.png,sub_type=0,url=https://gchat.qpic.cn/gchatpic_new/0/0-0-1D4226C9A986BB2220DA99FAE8...,file_size=1492329]萝丝 真的不能和解控队伍打的'
03-01 00:20:53 [INFO] nonebot | Event will be handled by Matcher(type='message', module=zhenxun.builtin_plugins.chat_history.chat_message, lineno=39)
03-01 00:20:53 [INFO] nonebot | Matcher(type='message', module=zhenxun.builtin_plugins.chat_history.chat_message, lineno=39) running complete
03-01 00:20:56 [SUCCESS] nonebot | OneBot V11 3042447114 | [message.group.normal]: Message 200766358 from 1305263714@[群:245810894] '我又行了'
03-01 00:20:56 [INFO] nonebot | Event will be handled by Matcher(type='message', module=zhenxun.builtin_plugins.chat_history.chat_message, lineno=39)
03-01 00:20:56 [INFO] nonebot | Matcher(type='message', module=zhenxun.builtin_plugins.chat_history.chat_message, lineno=39) running complete
03-01 00:20:57 [SUCCESS] nonebot | OneBot V11 3042447114 | [message.group.normal]: Message 887243045 from 1280558709@[群:645741432] '现在的问题是他俩组合活不了'
03-01 00:20:57 [INFO] nonebot | Event will be handled by Matcher(type='message', module=zhenxun.builtin_plugins.chat_history.chat_message, lineno=39)
03-01 00:20:57 [INFO] nonebot | Matcher(type='message', module=zhenxun.builtin_plugins.chat_history.chat_message, lineno=39) running complete
03-01 00:21:00 [SUCCESS] nonebot | OneBot V11 3042447114 | [message.group.normal]: Message 2063640484 from 350640529@[群:645741432] '先凑五个朽再说'
03-01 00:21:00 [INFO] nonebot | Event will be handled by Matcher(type='message', module=zhenxun.builtin_plugins.chat_history.chat_message, lineno=39)
03-01 00:21:00 [INFO] nonebot | Matcher(type='message', module=zhenxun.builtin_plugins.chat_history.chat_message, lineno=39) running complete
03-01 00:21:01 [SUCCESS] nonebot | OneBot V11 3042447114 | [message.group.normal]: Message 1285892586 from 2806722954@[群:245810894] '尤利娅的放了感觉也没太大用了，后面根本活不下去'
03-01 00:21:01 [INFO] nonebot | Event will be handled by Matcher(type='message', module=zhenxun.builtin_plugins.chat_history.chat_message, lineno=39)
03-01 00:21:01 [INFO] nonebot | Matcher(type='message', module=zhenxun.builtin_plugins.chat_history.chat_message, lineno=39) running complete
03-01 00:21:06 [SUCCESS] nonebot | OneBot V11 3042447114 | [message.group.normal]: Message 1348953958 from 2806722954@[群:245810894] '[image:summary=[动画表情],file=08F216EF416922B972F8BC1E97A861F7.jpg,sub_type=1,url=https://multimedia.nt.qq.com.cn/download?appid=1407&fileid=EhRm9g0K...,file_size=54523]'
03-01 00:21:06 [INFO] nonebot | Event will be handled by Matcher(type='message', module=zhenxun.builtin_plugins.chat_history.chat_message, lineno=39)
03-01 00:21:06 [INFO] nonebot | Matcher(type='message', module=zhenxun.builtin_plugins.chat_history.chat_message, lineno=39) running complete
03-01 00:21:08 [SUCCESS] nonebot | OneBot V11 3042447114 | [message.group.normal]: Message 561515181 from 1973539608@[群:645741432] '[at:qq=365103469] 都这个点还在偷屁股'
03-01 00:21:08 [INFO] nonebot | Event will be handled by Matcher(type='message', module=zhenxun.builtin_plugins.chat_history.chat_message, lineno=39)
03-01 00:21:08 [INFO] nonebot | Matcher(type='message', module=zhenxun.builtin_plugins.chat_history.chat_message, lineno=39) running complete
03-01 00:21:17 [SUCCESS] nonebot | OneBot V11 3042447114 | [message.group.normal]: Message 1356251694 from 1280558709@[群:645741432] '你鲁亚兰恩被数值怪几刀就拍死了'
03-01 00:21:17 [INFO] nonebot | Event will be handled by Matcher(type='message', module=zhenxun.builtin_plugins.chat_history.chat_message, lineno=39)
03-01 00:21:17 [INFO] nonebot | Matcher(type='message', module=zhenxun.builtin_plugins.chat_history.chat_message, lineno=39) running complete
03-01 00:21:20 [SUCCESS] nonebot | OneBot V11 3042447114 | [message.group.normal]: Message 1891772159 from 365103469@[群:645741432] '是别人偷我 我看看录像'
03-01 00:21:20 [INFO] nonebot | Event will be handled by Matcher(type='message', module=zhenxun.builtin_plugins.chat_history.chat_message, lineno=39)
03-01 00:21:20 [INFO] nonebot | Matcher(type='message', module=zhenxun.builtin_plugins.chat_history.chat_message, lineno=39) running complete
03-01 00:21:24 [SUCCESS] nonebot | OneBot V11 3042447114 | [message.group.normal]: Message 1646741220 from 350640529@[群:645741432] '之前让留的自选箱也是为了凑五个朽用的'
03-01 00:21:24 [INFO] nonebot | Event will be handled by Matcher(type='message', module=zhenxun.builtin_plugins.chat_history.chat_message, lineno=39)
03-01 00:21:24 [INFO] nonebot | Matcher(type='message', module=zhenxun.builtin_plugins.chat_history.chat_message, lineno=39) running complete
03-01 00:21:34 [SUCCESS] nonebot | OneBot V11 3042447114 | [message.group.normal]: Message 2001347629 from 2425490754@[群:645741432] '路亚已经要爬了'
03-01 00:21:34 [INFO] nonebot | Event will be handled by Matcher(type='message', module=zhenxun.builtin_plugins.chat_history.chat_message, lineno=39)
03-01 00:21:34 [INFO] nonebot | Matcher(type='message', module=zhenxun.builtin_plugins.chat_history.chat_message, lineno=39) running complete
03-01 00:21:41 [SUCCESS] nonebot | OneBot V11 3042447114 | [message.group.normal]: Message 400058544 from 365103469@[群:645741432] '[image:summary=,file={9D676FE7-11BC-833E-5CC9-5CC18576DDA0}.png,sub_type=0,url=https://gchat.qpic.cn/gchatpic_new/0/0-0-9D676FE711BC833E5CC95CC185...,file_size=866844]看起来伤害不错 实则被丽泽当烤串'
03-01 00:21:41 [INFO] nonebot | Event will be handled by Matcher(type='message', module=zhenxun.builtin_plugins.chat_history.chat_message, lineno=39)
03-01 00:21:41 [INFO] nonebot | Matcher(type='message', module=zhenxun.builtin_plugins.chat_history.chat_message, lineno=39) running complete
03-01 00:21:42 [SUCCESS] nonebot | OneBot V11 3042447114 | [message.group.normal]: Message 917999573 from 2425490754@[群:645741432] '朽有那么重要吗'
03-01 00:21:42 [INFO] nonebot | Event will be handled by Matcher(type='message', module=zhenxun.builtin_plugins.chat_history.chat_message, lineno=39)
03-01 00:21:42 [INFO] nonebot | Matcher(type='message', module=zhenxun.builtin_plugins.chat_history.chat_message, lineno=39) running complete
03-01 00:21:44 [SUCCESS] nonebot | OneBot V11 3042447114 | [message.group.normal]: Message 765663086 from 3056330295@[群:475899384] '[image:summary=,file=C52C575011CA6C153833B2F553F11101.png,sub_type=0,url=https://multimedia.nt.qq.com.cn/download?appid=1407&fileid=EhQzxqxq...,file_size=92208]'
03-01 00:21:44 [INFO] nonebot | Event will be handled by Matcher(type='message', module=zhenxun.builtin_plugins.chat_history.chat_message, lineno=39)
03-01 00:21:44 [INFO] nonebot | Matcher(type='message', module=zhenxun.builtin_plugins.chat_history.chat_message, lineno=39) running complete
03-01 00:21:53 [SUCCESS] nonebot | OneBot V11 3042447114 | [notice.notify.poke]: {'time': 1740759713, 'self_id': 3042447114, 'post_type': 'notice', 'notice_type': 'notify', 'sub_type': 'poke', 'user_id': 875859812, 'group_id': 1032235226, 'target_id': 1141538825, 'raw_info': [{'col': '1', 'nm': '', 'type': 'qq', 'uid': 'u_3rrswgRixqHHPX2ymfbxTA'}, {'jp': 'https://zb.vip.qq.com/v2/pages/nudgeMall?_wv=2&actionId=0', 'src': 'http://tianquan.gtimg.cn/nudgeaction/item/0/expression.jpg', 'type': 'img'}, {'txt': '戳了戳', 'type': 'nor'}, {'col': '1', 'nm': '', 'tp': '0', 'type': 'qq', 'uid': 'u_2LjntGleBV8hm4b4d6BxYQ'}, {'txt': '的嫩啵啵白', 'type': 'nor'}]}
03-01 00:21:53 [INFO] nonebot | Event will be handled by Matcher(type='notice', module=zhenxun.plugins.zhenxun_plugin_draw_painting, lineno=61)
03-01 00:21:53 [INFO] nonebot | Event will be handled by Matcher(type='notice', module=zhenxun.plugins.zhenxun_plugin_draw_painting, lineno=62)
03-01 00:21:53 [INFO] nonebot | Event will be handled by Matcher(type='notice', module=zhenxun.plugins.monitor, lineno=18)
03-01 00:21:53 [INFO] nonebot | Event will be handled by Matcher(type='notice', module=zhenxun.plugins.monitor, lineno=19)
03-01 00:21:53 [INFO] nonebot | Event will be handled by Matcher(type='notice', module=zhenxun.plugins.monitor, lineno=20)
03-01 00:21:53 [INFO] nonebot | Matcher(type='notice', module=zhenxun.plugins.monitor, lineno=20) running complete
03-01 00:21:53 [INFO] nonebot | Matcher(type='notice', module=zhenxun.plugins.monitor, lineno=18) running complete
03-01 00:21:53 [INFO] nonebot | Matcher(type='notice', module=zhenxun.plugins.monitor, lineno=19) running complete
03-01 00:21:53 [INFO] nonebot | Matcher(type='notice', module=zhenxun.plugins.zhenxun_plugin_draw_painting, lineno=61) running complete
03-01 00:21:53 [INFO] nonebot | Matcher(type='notice', module=zhenxun.plugins.zhenxun_plugin_draw_painting, lineno=62) running complete
03-01 00:21:56 [SUCCESS] nonebot | OneBot V11 3042447114 | [notice.notify.poke]: {'time': 1740759716, 'self_id': 3042447114, 'post_type': 'notice', 'notice_type': 'notify', 'sub_type': 'poke', 'user_id': 875859812, 'group_id': 1032235226, 'target_id': 2832968970, 'raw_info': [{'col': '1', 'nm': '', 'type': 'qq', 'uid': 'u_3rrswgRixqHHPX2ymfbxTA'}, {'jp': 'https://zb.vip.qq.com/v2/pages/nudgeMall?_wv=2&actionId=1', 'src': 'http://tianquan.gtimg.cn/nudgeaction/item/1/expression.jpg', 'type': 'img'}, {'txt': '拍了拍', 'type': 'nor'}, {'col': '1', 'nm': '', 'tp': '0', 'type': 'qq', 'uid': 'u_JqlagqH8X0eWL0bnlHH_yA'}, {'txt': '的口袋掉了颗糖', 'type': 'nor'}]}
03-01 00:21:56 [INFO] nonebot | Event will be handled by Matcher(type='notice', module=zhenxun.plugins.zhenxun_plugin_draw_painting, lineno=61)
03-01 00:21:56 [INFO] nonebot | Event will be handled by Matcher(type='notice', module=zhenxun.plugins.zhenxun_plugin_draw_painting, lineno=62)
03-01 00:21:56 [INFO] nonebot | Event will be handled by Matcher(type='notice', module=zhenxun.plugins.monitor, lineno=18)
03-01 00:21:56 [INFO] nonebot | Event will be handled by Matcher(type='notice', module=zhenxun.plugins.monitor, lineno=19)
03-01 00:21:56 [INFO] nonebot | Event will be handled by Matcher(type='notice', module=zhenxun.plugins.monitor, lineno=20)
03-01 00:21:56 [INFO] nonebot | Matcher(type='notice', module=zhenxun.plugins.monitor, lineno=20) running complete
03-01 00:21:56 [INFO] nonebot | Matcher(type='notice', module=zhenxun.plugins.monitor, lineno=19) running complete
03-01 00:21:56 [INFO] nonebot | Matcher(type='notice', module=zhenxun.plugins.monitor, lineno=18) running complete
03-01 00:21:56 [INFO] nonebot | Matcher(type='notice', module=zhenxun.plugins.zhenxun_plugin_draw_painting, lineno=61) running is cancelled
03-01 00:21:56 [INFO] nonebot | Matcher(type='notice', module=zhenxun.plugins.zhenxun_plugin_draw_painting, lineno=62) running complete
03-01 00:22:06 [SUCCESS] nonebot | OneBot V11 3042447114 | [message.group.normal]: Message 1224992078 from 2246241738@[群:864523321] "[at:qq=837087169] 哦，原来是卡界面嘞[face:id=289,raw={'faceIndex': 289, 'faceText': '/睁眼', 'faceType': 2, 'packId': None...]"
03-01 00:22:06 [INFO] nonebot | Event will be handled by Matcher(type='message', module=zhenxun.builtin_plugins.chat_history.chat_message, lineno=39)
03-01 00:22:06 [INFO] nonebot | Matcher(type='message', module=zhenxun.builtin_plugins.chat_history.chat_message, lineno=39) running complete
03-01 00:22:09 [SUCCESS] nonebot | OneBot V11 3042447114 | [message.group.normal]: Message 62103069 from 2117851792@[群:475899384] '问个问题，你们最近有没有收到过尼日利亚IP的私信？'
03-01 00:22:09 [INFO] nonebot | Event will be handled by Matcher(type='message', module=zhenxun.builtin_plugins.chat_history.chat_message, lineno=39)
03-01 00:22:09 [INFO] nonebot | Matcher(type='message', module=zhenxun.builtin_plugins.chat_history.chat_message, lineno=39) running complete
03-01 00:22:15 [SUCCESS] nonebot | OneBot V11 3042447114 | [message.group.normal]: Message 2062104861 from 365103469@[群:645741432] '[image:summary=,file={45D3B455-0333-1268-D0BA-BA88524A4282}.png,sub_type=0,url=https://gchat.qpic.cn/gchatpic_new/0/0-0-45D3B45503331268D0BABA8852...,file_size=871689]这个菲姬死的更快'
03-01 00:22:15 [INFO] nonebot | Event will be handled by Matcher(type='message', module=zhenxun.builtin_plugins.chat_history.chat_message, lineno=39)
03-01 00:22:15 [INFO] nonebot | Matcher(type='message', module=zhenxun.builtin_plugins.chat_history.chat_message, lineno=39) running complete
03-01 00:22:25 [SUCCESS] nonebot | OneBot V11 3042447114 | [message.group.normal]: Message 4229531 from 2117851792@[群:475899384] '我连着三四天收到了'
03-01 00:22:25 [INFO] nonebot | Event will be handled by Matcher(type='message', module=zhenxun.builtin_plugins.chat_history.chat_message, lineno=39)
03-01 00:22:25 [INFO] nonebot | Matcher(type='message', module=zhenxun.builtin_plugins.chat_history.chat_message, lineno=39) running complete
03-01 00:22:36 [SUCCESS] nonebot | OneBot V11 3042447114 | [message.group.normal]: Message 676701074 from 350640529@[群:645741432] '拉五个均等同步等级201比较重要'
03-01 00:22:36 [INFO] nonebot | Event will be handled by Matcher(type='message', module=zhenxun.builtin_plugins.chat_history.chat_message, lineno=39)
03-01 00:22:36 [INFO] nonebot | Matcher(type='message', module=zhenxun.builtin_plugins.chat_history.chat_message, lineno=39) running complete
03-01 00:23:01 [SUCCESS] nonebot | OneBot V11 3042447114 | [message.group.normal]: Message 518720848 from 365103469@[群:645741432] '[reply:id=2126924153][at:qq=2223092771]  讲真的 你这个如果有练度不错的克莱尔 大姐直接秒了'
03-01 00:23:01 [INFO] nonebot | Event will be handled by Matcher(type='message', module=zhenxun.builtin_plugins.chat_history.chat_message, lineno=39)
03-01 00:23:01 [INFO] nonebot | Matcher(type='message', module=zhenxun.builtin_plugins.chat_history.chat_message, lineno=39) running complete
03-01 00:23:06 [SUCCESS] nonebot | OneBot V11 3042447114 | [message.group.normal]: Message 1361848402 from 1973539608@[群:645741432] '我只能说等周四把红蘭抽朽5'
03-01 00:23:06 [INFO] nonebot | Event will be handled by Matcher(type='message', module=zhenxun.builtin_plugins.chat_history.chat_message, lineno=39)
03-01 00:23:06 [INFO] nonebot | Matcher(type='message', module=zhenxun.builtin_plugins.chat_history.chat_message, lineno=39) running complete
03-01 00:23:15 [SUCCESS] nonebot | OneBot V11 3042447114 | [message.group.normal]: Message 721757152 from 2425490754@[群:645741432] '原来如此'
03-01 00:23:15 [INFO] nonebot | Event will be handled by Matcher(type='message', module=zhenxun.builtin_plugins.chat_history.chat_message, lineno=39)
03-01 00:23:15 [INFO] nonebot | Matcher(type='message', module=zhenxun.builtin_plugins.chat_history.chat_message, lineno=39) running complete
03-01 00:23:20 [SUCCESS] nonebot | OneBot V11 3042447114 | [message.group.normal]: Message 894574185 from 2246241738@[群:864523321] '我还没来得及多搞几张图呢'
03-01 00:23:20 [INFO] nonebot | Event will be handled by Matcher(type='message', module=zhenxun.builtin_plugins.chat_history.chat_message, lineno=39)
03-01 00:23:20 [INFO] nonebot | Matcher(type='message', module=zhenxun.builtin_plugins.chat_history.chat_message, lineno=39) running complete
03-01 00:23:30 [SUCCESS] nonebot | OneBot V11 3042447114 | [message.group.normal]: Message 1261793342 from 2246241738@[群:864523321] "没想到服务器都没了[face:id=35,raw={'faceIndex': 35, 'faceText': None, 'faceType': 1, 'packId': None, ...]"
03-01 00:23:30 [INFO] nonebot | Event will be handled by Matcher(type='message', module=zhenxun.builtin_plugins.chat_history.chat_message, lineno=39)
03-01 00:23:30 [INFO] nonebot | Matcher(type='message', module=zhenxun.builtin_plugins.chat_history.chat_message, lineno=39) running complete
03-01 00:23:36 [SUCCESS] nonebot | OneBot V11 3042447114 | [message.group.normal]: Message 766553479 from 365103469@[群:645741432] '你和对面打最吃亏的就是对面被分散 大姐没发挥性能'
03-01 00:23:36 [INFO] nonebot | Event will be handled by Matcher(type='message', module=zhenxun.builtin_plugins.chat_history.chat_message, lineno=39)
03-01 00:23:36 [INFO] nonebot | Matcher(type='message', module=zhenxun.builtin_plugins.chat_history.chat_message, lineno=39) running complete
03-01 00:23:36 [SUCCESS] nonebot | OneBot V11 3042447114 | [message.group.normal]: Message 1617349745 from 350640529@[群:645741432] '我反正推完图了，等三月底看看Q2前瞻再决定丑不丑'
03-01 00:23:36 [INFO] nonebot | Event will be handled by Matcher(type='message', module=zhenxun.builtin_plugins.chat_history.chat_message, lineno=39)
03-01 00:23:36 [INFO] nonebot | Matcher(type='message', module=zhenxun.builtin_plugins.chat_history.chat_message, lineno=39) running complete
03-01 00:23:39 [SUCCESS] nonebot | OneBot V11 3042447114 | [notice.group_recall]: {'time': 1740759819, 'self_id': 3042447114, 'post_type': 'notice', 'notice_type': 'group_recall', 'user_id': 350640529, 'group_id': 645741432, 'operator_id': 350640529, 'message_id': 1617349745}
03-01 00:23:39 [INFO] nonebot | Event will be handled by Matcher(type='notice', module=zhenxun.plugins.zhenxun_plugin_draw_painting, lineno=61)
03-01 00:23:39 [INFO] nonebot | Event will be handled by Matcher(type='notice', module=zhenxun.plugins.zhenxun_plugin_draw_painting, lineno=62)
03-01 00:23:39 [INFO] nonebot | Event will be handled by Matcher(type='notice', module=zhenxun.plugins.monitor, lineno=18)
03-01 00:23:39 [INFO] nonebot | Event will be handled by Matcher(type='notice', module=zhenxun.plugins.monitor, lineno=19)
03-01 00:23:39 [INFO] nonebot | Event will be handled by Matcher(type='notice', module=zhenxun.plugins.monitor, lineno=20)
03-01 00:23:39 [INFO] nonebot | Matcher(type='notice', module=zhenxun.plugins.monitor, lineno=19) running complete
03-01 00:23:39 [INFO] nonebot | Matcher(type='notice', module=zhenxun.plugins.zhenxun_plugin_draw_painting, lineno=61) running complete
03-01 00:23:39 [INFO] nonebot | Matcher(type='notice', module=zhenxun.plugins.monitor, lineno=20) running complete
03-01 00:23:39 [INFO] nonebot | Matcher(type='notice', module=zhenxun.plugins.zhenxun_plugin_draw_painting, lineno=62) running complete
03-01 00:23:39 [INFO] nonebot | Matcher(type='notice', module=zhenxun.plugins.monitor, lineno=18) running complete
03-01 00:23:39 [SUCCESS] nonebot | OneBot V11 3042447114 | [message.group.normal]: Message 1855393339 from 2425490754@[群:645741432] '那我还是种族抽精灵'
03-01 00:23:39 [INFO] nonebot | Event will be handled by Matcher(type='message', module=zhenxun.builtin_plugins.chat_history.chat_message, lineno=39)
03-01 00:23:39 [INFO] nonebot | Matcher(type='message', module=zhenxun.builtin_plugins.chat_history.chat_message, lineno=39) running complete
03-01 00:23:45 [SUCCESS] nonebot | OneBot V11 3042447114 | [message.group.normal]: Message 911493447 from 350640529@[群:645741432] '我反正推完图了，等三月底看看Q2前瞻再决定抽不抽'
03-01 00:23:45 [INFO] nonebot | Event will be handled by Matcher(type='message', module=zhenxun.builtin_plugins.chat_history.chat_message, lineno=39)
03-01 00:23:45 [INFO] nonebot | Matcher(type='message', module=zhenxun.builtin_plugins.chat_history.chat_message, lineno=39) running complete
03-01 00:23:45 [SUCCESS] nonebot | OneBot V11 3042447114 | [message.group.normal]: Message 69228830 from 2425490754@[群:645741432] '快朽了'
03-01 00:23:45 [INFO] nonebot | Event will be handled by Matcher(type='message', module=zhenxun.builtin_plugins.chat_history.chat_message, lineno=39)
03-01 00:23:45 [INFO] nonebot | Matcher(type='message', module=zhenxun.builtin_plugins.chat_history.chat_message, lineno=39) running complete
03-01 00:23:59 [SUCCESS] nonebot | OneBot V11 3042447114 | [message.group.normal]: Message 1749587320 from 156008544@[群:645741432] '[image:summary=,file={9B0AB6FB-26CC-1994-FBD5-5446F57002B4}.png,sub_type=1,url=https://gchat.qpic.cn/gchatpic_new/0/0-0-9B0AB6FB26CC1994FBD55446F5...,file_size=900561][image:summary=,file={AAED5E4C-0285-E788-AEB0-61FCA8C53DBD}.gif,sub_type=1,url=https://gchat.qpic.cn/gchatpic_new/0/0-0-AAED5E4C0285E788AEB061FCA8...,file_size=3595]兰恩？鲁亚？\n现在虐菜局才用的上了'
03-01 00:23:59 [INFO] nonebot | Event will be handled by Matcher(type='message', module=zhenxun.builtin_plugins.chat_history.chat_message, lineno=39)
03-01 00:23:59 [INFO] nonebot | Matcher(type='message', module=zhenxun.builtin_plugins.chat_history.chat_message, lineno=39) running complete
03-01 00:24:04 [SUCCESS] nonebot | OneBot V11 3042447114 | [message.group.normal]: Message 826449614 from 350640529@[群:645741432] '3.24前瞻，3.27结束，有时间反正'
03-01 00:24:04 [INFO] nonebot | Event will be handled by Matcher(type='message', module=zhenxun.builtin_plugins.chat_history.chat_message, lineno=39)
03-01 00:24:04 [INFO] nonebot | Matcher(type='message', module=zhenxun.builtin_plugins.chat_history.chat_message, lineno=39) running complete
03-01 00:24:42 [SUCCESS] nonebot | OneBot V11 3042447114 | [message.group.normal]: Message 1714761221 from 2223092771@[群:645741432] '[reply:id=518720848][at:qq=365103469] 秒不掉对面秋'
03-01 00:24:42 [INFO] nonebot | Event will be handled by Matcher(type='message', module=zhenxun.builtin_plugins.chat_history.chat_message, lineno=39)
03-01 00:24:42 [INFO] nonebot | Matcher(type='message', module=zhenxun.builtin_plugins.chat_history.chat_message, lineno=39) running complete
03-01 00:24:50 [SUCCESS] nonebot | OneBot V11 3042447114 | [message.group.normal]: Message 1995256641 from 365103469@[群:645741432] '克莱尔把对面聚在一起 一个极霸矛把对面秋和菲姬插死'
03-01 00:24:50 [INFO] nonebot | Event will be handled by Matcher(type='message', module=zhenxun.builtin_plugins.chat_history.chat_message, lineno=39)
03-01 00:24:50 [INFO] nonebot | Matcher(type='message', module=zhenxun.builtin_plugins.chat_history.chat_message, lineno=39) running complete
03-01 00:24:52 [SUCCESS] nonebot | OneBot V11 3042447114 | [message.group.normal]: Message 1841679989 from 963651748@[群:392644938] '笑死'
03-01 00:24:52 [INFO] nonebot | Event will be handled by Matcher(type='message', module=zhenxun.builtin_plugins.chat_history.chat_message, lineno=39)
03-01 00:24:52 [INFO] nonebot | Matcher(type='message', module=zhenxun.builtin_plugins.chat_history.chat_message, lineno=39) running complete
03-01 00:24:53 [SUCCESS] nonebot | OneBot V11 3042447114 | [message.group.normal]: Message 763038095 from 350640529@[群:645741432] '要是有林赛+新混沌的话那我就要等等了'
03-01 00:24:53 [INFO] nonebot | Event will be handled by Matcher(type='message', module=zhenxun.builtin_plugins.chat_history.chat_message, lineno=39)
03-01 00:24:53 [INFO] nonebot | Matcher(type='message', module=zhenxun.builtin_plugins.chat_history.chat_message, lineno=39) running complete
03-01 00:25:12 [SUCCESS] nonebot | OneBot V11 3042447114 | [message.group.normal]: Message 106816223 from 1433290406@[群:475899384] '[reply:id=765663086][at:qq=3056330295] 什么叫异群内鬼帐号'
03-01 00:25:12 [INFO] nonebot | Event will be handled by Matcher(type='message', module=zhenxun.builtin_plugins.chat_history.chat_message, lineno=39)
03-01 00:25:12 [INFO] nonebot | Matcher(type='message', module=zhenxun.builtin_plugins.chat_history.chat_message, lineno=39) running complete
03-01 00:25:28 [SUCCESS] nonebot | OneBot V11 3042447114 | [message.group.normal]: Message 1472606863 from 1973539608@[群:645741432] '在绝对的xp面前'
03-01 00:25:28 [INFO] nonebot | Event will be handled by Matcher(type='message', module=zhenxun.builtin_plugins.chat_history.chat_message, lineno=39)
03-01 00:25:28 [INFO] nonebot | Matcher(type='message', module=zhenxun.builtin_plugins.chat_history.chat_message, lineno=39) running complete
03-01 00:25:31 [SUCCESS] nonebot | OneBot V11 3042447114 | [message.group.normal]: Message 1746151596 from 415051556@[群:475899384] "[forward:id=7476506975809246361,content=[{'self_id': 3042447114, 'user_id': 1094950020, 'time': 1740535365,...]"
03-01 00:25:31 [INFO] nonebot | Event will be handled by Matcher(type='message', module=zhenxun.builtin_plugins.chat_history.chat_message, lineno=39)
03-01 00:25:31 [INFO] nonebot | Matcher(type='message', module=zhenxun.builtin_plugins.chat_history.chat_message, lineno=39) running complete
03-01 00:25:34 [SUCCESS] nonebot | OneBot V11 3042447114 | [message.group.normal]: Message 1729782639 from 1028112671@[群:392644938] '[video:file=7772845e1c609108a4402b04671ef2f5.mp4,url=/home/rikka/.config/QQ/nt_qq_41e6ee5d5db067dbe11569f11f55338c/nt_da...,file_size=48893719]'
03-01 00:25:34 [INFO] nonebot | Event will be handled by Matcher(type='message', module=zhenxun.builtin_plugins.chat_history.chat_message, lineno=39)
03-01 00:25:34 [INFO] nonebot | Matcher(type='message', module=zhenxun.builtin_plugins.chat_history.chat_message, lineno=39) running complete
03-01 00:25:43 [SUCCESS] nonebot | OneBot V11 3042447114 | [message.group.normal]: Message 186366446 from 350640529@[群:645741432] 'xp一只够用，只能说'
03-01 00:25:43 [INFO] nonebot | Event will be handled by Matcher(type='message', module=zhenxun.builtin_plugins.chat_history.chat_message, lineno=39)
03-01 00:25:43 [INFO] nonebot | Matcher(type='message', module=zhenxun.builtin_plugins.chat_history.chat_message, lineno=39) running complete
03-01 00:25:50 [SUCCESS] nonebot | OneBot V11 3042447114 | [message.group.normal]: Message 1093666386 from 1973539608@[群:645741432] '强度啥的都不要了，'
03-01 00:25:50 [INFO] nonebot | Event will be handled by Matcher(type='message', module=zhenxun.builtin_plugins.chat_history.chat_message, lineno=39)
03-01 00:25:50 [INFO] nonebot | Matcher(type='message', module=zhenxun.builtin_plugins.chat_history.chat_message, lineno=39) running complete
03-01 00:25:50 [SUCCESS] nonebot | OneBot V11 3042447114 | [message.group.normal]: Message 2001421148 from 2653128346@[群:550150804] '怎么想都是下个月半周年的东西'
03-01 00:25:50 [INFO] nonebot | Event will be handled by Matcher(type='message', module=zhenxun.builtin_plugins.chat_history.chat_message, lineno=39)
03-01 00:25:50 [INFO] nonebot | Matcher(type='message', module=zhenxun.builtin_plugins.chat_history.chat_message, lineno=39) running complete
03-01 00:25:56 [SUCCESS] nonebot | OneBot V11 3042447114 | [message.group.normal]: Message 319552567 from 2425490754@[群:645741432] '混沌比四色不朽要多几只'
03-01 00:25:56 [INFO] nonebot | Event will be handled by Matcher(type='message', module=zhenxun.builtin_plugins.chat_history.chat_message, lineno=39)
03-01 00:25:56 [INFO] nonebot | Matcher(type='message', module=zhenxun.builtin_plugins.chat_history.chat_message, lineno=39) running complete
03-01 00:26:01 [SUCCESS] nonebot | OneBot V11 3042447114 | [message.group.normal]: Message 2088149809 from 1973539608@[群:645741432] "[at:qq=350640529] 红蘭有两种[face:id=277,raw={'faceIndex': 277, 'faceText': '/汪汪', 'faceType': 2, 'packId': None...]"
03-01 00:26:01 [INFO] nonebot | Event will be handled by Matcher(type='message', module=zhenxun.builtin_plugins.chat_history.chat_message, lineno=39)
03-01 00:26:01 [INFO] nonebot | Matcher(type='message', module=zhenxun.builtin_plugins.chat_history.chat_message, lineno=39) running complete
03-01 00:26:01 [SUCCESS] nonebot | OneBot V11 3042447114 | [message.group.normal]: Message 181753866 from 1028112671@[群:392644938] '[at:qq=83812930]这不是你个臭屁王？'
03-01 00:26:01 [INFO] nonebot | Event will be handled by Matcher(type='message', module=zhenxun.builtin_plugins.chat_history.chat_message, lineno=39)
03-01 00:26:01 [INFO] nonebot | Matcher(type='message', module=zhenxun.builtin_plugins.chat_history.chat_message, lineno=39) running complete
03-01 00:26:04 [SUCCESS] nonebot | OneBot V11 3042447114 | [message.group.normal]: Message 1734161718 from 156008544@[群:645741432] '[image:summary=,file={EBB07782-FAED-C8A7-A727-C46C1DB02718}.png,sub_type=1,url=https://gchat.qpic.cn/gchatpic_new/0/0-0-EBB07782FAEDC8A7A727C46C1D...,file_size=1073900][image:summary=,file={AAED5E4C-0285-E788-AEB0-61FCA8C53DBD}.gif,sub_type=1,url=https://gchat.qpic.cn/gchatpic_new/0/0-0-AAED5E4C0285E788AEB061FCA8...,file_size=3595]自选还没用\n我要不要弄个凯伊 直接觉醒 还是弄个梅林'
03-01 00:26:04 [INFO] nonebot | Event will be handled by Matcher(type='message', module=zhenxun.builtin_plugins.chat_history.chat_message, lineno=39)
03-01 00:26:04 [INFO] nonebot | Matcher(type='message', module=zhenxun.builtin_plugins.chat_history.chat_message, lineno=39) running complete
03-01 00:26:06 [SUCCESS] nonebot | OneBot V11 3042447114 | [message.group.normal]: Message 1009351445 from 1973539608@[群:645741432] '都是xp'
03-01 00:26:06 [INFO] nonebot | Event will be handled by Matcher(type='message', module=zhenxun.builtin_plugins.chat_history.chat_message, lineno=39)
03-01 00:26:06 [INFO] nonebot | Matcher(type='message', module=zhenxun.builtin_plugins.chat_history.chat_message, lineno=39) running complete
03-01 00:26:19 [SUCCESS] nonebot | OneBot V11 3042447114 | [message.group.normal]: Message 1427080071 from 1973539608@[群:645741432] '[at:qq=156008544] 5破梅林加个暴击率'
03-01 00:26:19 [INFO] nonebot | Event will be handled by Matcher(type='message', module=zhenxun.builtin_plugins.chat_history.chat_message, lineno=39)
03-01 00:26:19 [INFO] nonebot | Matcher(type='message', module=zhenxun.builtin_plugins.chat_history.chat_message, lineno=39) running complete
03-01 00:26:25 [SUCCESS] nonebot | OneBot V11 3042447114 | [message.group.normal]: Message 118434506 from 1973539608@[群:645741432] "[face:id=178,raw={'faceIndex': 178, 'faceText': None, 'faceType': 1, 'packId': None,...]"
03-01 00:26:25 [INFO] nonebot | Event will be handled by Matcher(type='message', module=zhenxun.builtin_plugins.chat_history.chat_message, lineno=39)
03-01 00:26:25 [INFO] nonebot | Matcher(type='message', module=zhenxun.builtin_plugins.chat_history.chat_message, lineno=39) running complete
03-01 00:26:26 [SUCCESS] nonebot | OneBot V11 3042447114 | [message.group.normal]: Message 1292883314 from 350640529@[群:645741432] '多6只'
03-01 00:26:26 [INFO] nonebot | Event will be handled by Matcher(type='message', module=zhenxun.builtin_plugins.chat_history.chat_message, lineno=39)
03-01 00:26:26 [INFO] nonebot | Matcher(type='message', module=zhenxun.builtin_plugins.chat_history.chat_message, lineno=39) running complete
03-01 00:26:26 [SUCCESS] nonebot | OneBot V11 3042447114 | [message.group.normal]: Message 1872844766 from 2425490754@[群:645741432] '凯伊搞不好就要被淘汰了'
03-01 00:26:26 [INFO] nonebot | Event will be handled by Matcher(type='message', module=zhenxun.builtin_plugins.chat_history.chat_message, lineno=39)
03-01 00:26:26 [INFO] nonebot | Matcher(type='message', module=zhenxun.builtin_plugins.chat_history.chat_message, lineno=39) running complete
03-01 00:26:27 [SUCCESS] nonebot | OneBot V11 3042447114 | [message.group.normal]: Message 1449790904 from 83812930@[群:392644938] '我都打完冻峰了'
03-01 00:26:27 [INFO] nonebot | Event will be handled by Matcher(type='message', module=zhenxun.builtin_plugins.chat_history.chat_message, lineno=39)
03-01 00:26:27 [INFO] nonebot | Matcher(type='message', module=zhenxun.builtin_plugins.chat_history.chat_message, lineno=39) running complete
03-01 00:26:39 [SUCCESS] nonebot | OneBot V11 3042447114 | [message.group.normal]: Message 1263857881 from 1028112671@[群:392644938] '[image:summary=[动画表情],file=B629BB3B079593747C14814A981A79EC.png,sub_type=1,url=https://multimedia.nt.qq.com.cn/download?appid=1407&fileid=EhRiNmBs...,file_size=2858]'
03-01 00:26:39 [INFO] nonebot | Event will be handled by Matcher(type='message', module=zhenxun.builtin_plugins.chat_history.chat_message, lineno=39)
03-01 00:26:39 [INFO] nonebot | Matcher(type='message', module=zhenxun.builtin_plugins.chat_history.chat_message, lineno=39) running complete
03-01 00:26:41 [SUCCESS] nonebot | OneBot V11 3042447114 | [message.group.normal]: Message 1253055146 from 350640529@[群:645741432] '但是有三只可以靠觉醒商店换出来'
03-01 00:26:41 [INFO] nonebot | Event will be handled by Matcher(type='message', module=zhenxun.builtin_plugins.chat_history.chat_message, lineno=39)
03-01 00:26:41 [INFO] nonebot | Matcher(type='message', module=zhenxun.builtin_plugins.chat_history.chat_message, lineno=39) running complete
03-01 00:26:42 [SUCCESS] nonebot | OneBot V11 3042447114 | [message.group.normal]: Message 1668535020 from 2425490754@[群:645741432] '那这一井肯定不够啊'
03-01 00:26:42 [INFO] nonebot | Event will be handled by Matcher(type='message', module=zhenxun.builtin_plugins.chat_history.chat_message, lineno=39)
03-01 00:26:42 [INFO] nonebot | Matcher(type='message', module=zhenxun.builtin_plugins.chat_history.chat_message, lineno=39) running complete
03-01 00:26:45 [SUCCESS] nonebot | OneBot V11 3042447114 | [message.group.normal]: Message 1127671257 from 846186665@[群:645741432] '是氪佬！'
03-01 00:26:45 [INFO] nonebot | Event will be handled by Matcher(type='message', module=zhenxun.builtin_plugins.chat_history.chat_message, lineno=39)
03-01 00:26:45 [INFO] nonebot | Matcher(type='message', module=zhenxun.builtin_plugins.chat_history.chat_message, lineno=39) running complete
03-01 00:26:45 [SUCCESS] nonebot | OneBot V11 3042447114 | [message.group.normal]: Message 1358677507 from 3189541612@[群:645741432] '等new'
03-01 00:26:45 [INFO] nonebot | Event will be handled by Matcher(type='message', module=zhenxun.builtin_plugins.chat_history.chat_message, lineno=39)
03-01 00:26:45 [INFO] nonebot | Matcher(type='message', module=zhenxun.builtin_plugins.chat_history.chat_message, lineno=39) running complete
03-01 00:26:50 [SUCCESS] nonebot | OneBot V11 3042447114 | [message.group.normal]: Message 1392825589 from 846186665@[群:645741432] '我们没救了'
03-01 00:26:50 [INFO] nonebot | Event will be handled by Matcher(type='message', module=zhenxun.builtin_plugins.chat_history.chat_message, lineno=39)
03-01 00:26:50 [INFO] nonebot | Matcher(type='message', module=zhenxun.builtin_plugins.chat_history.chat_message, lineno=39) running complete
03-01 00:26:56 [SUCCESS] nonebot | OneBot V11 3042447114 | [message.group.normal]: Message 1128815406 from 471223504@[群:475899384] '开盒是吧'
03-01 00:26:56 [INFO] nonebot | Event will be handled by Matcher(type='message', module=zhenxun.builtin_plugins.chat_history.chat_message, lineno=39)
03-01 00:26:56 [INFO] nonebot | Matcher(type='message', module=zhenxun.builtin_plugins.chat_history.chat_message, lineno=39) running complete
03-01 00:26:58 [SUCCESS] nonebot | OneBot V11 3042447114 | [message.group.normal]: Message 1978761332 from 3189541612@[群:645741432] '凯伊已经跟不上了'
03-01 00:26:58 [INFO] nonebot | Event will be handled by Matcher(type='message', module=zhenxun.builtin_plugins.chat_history.chat_message, lineno=39)
03-01 00:26:58 [INFO] nonebot | Matcher(type='message', module=zhenxun.builtin_plugins.chat_history.chat_message, lineno=39) running complete
03-01 00:27:00 [SUCCESS] nonebot | OneBot V11 3042447114 | [message.group.normal]: Message 1138778828 from 156008544@[群:645741432] '[image:summary=,file={AAED5E4C-0285-E788-AEB0-61FCA8C53DBD}.gif,sub_type=1,url=https://gchat.qpic.cn/gchatpic_new/0/0-0-AAED5E4C0285E788AEB061FCA8...,file_size=3595]主要我想等直接觉醒 梅林'
03-01 00:27:00 [INFO] nonebot | Event will be handled by Matcher(type='message', module=zhenxun.builtin_plugins.chat_history.chat_message, lineno=39)
03-01 00:27:00 [INFO] nonebot | Matcher(type='message', module=zhenxun.builtin_plugins.chat_history.chat_message, lineno=39) running complete
03-01 00:27:01 [SUCCESS] nonebot | OneBot V11 3042447114 | [message.group.normal]: Message 1931019047 from 158157045@[群:645741432] '[image:summary=[动画表情],file=C76D3CEF7EE2DF5E6E74785E60CDCC43.jpg,sub_type=1,url=https://multimedia.nt.qq.com.cn/download?appid=1407&fileid=EhRv7DkN...,file_size=70292]'
03-01 00:27:01 [INFO] nonebot | Event will be handled by Matcher(type='message', module=zhenxun.builtin_plugins.chat_history.chat_message, lineno=39)
03-01 00:27:01 [INFO] nonebot | Matcher(type='message', module=zhenxun.builtin_plugins.chat_history.chat_message, lineno=39) running complete
03-01 00:27:17 [SUCCESS] nonebot | OneBot V11 3042447114 | [message.group.normal]: Message 1027980762 from 2425490754@[群:645741432] '等你觉醒了就给你出凯伊'
03-01 00:27:17 [INFO] nonebot | Event will be handled by Matcher(type='message', module=zhenxun.builtin_plugins.chat_history.chat_message, lineno=39)
03-01 00:27:17 [INFO] nonebot | Matcher(type='message', module=zhenxun.builtin_plugins.chat_history.chat_message, lineno=39) running complete
03-01 00:27:19 [SUCCESS] nonebot | OneBot V11 3042447114 | [message.group.normal]: Message 1032540740 from 2425490754@[群:645741432] '[image:summary=[动画表情],file=BCACFC27A90B970FF976845983418B7C.jpg,sub_type=1,url=https://multimedia.nt.qq.com.cn/download?appid=1407&fileid=EhTntrSX...,file_size=4407]'
03-01 00:27:19 [INFO] nonebot | Event will be handled by Matcher(type='message', module=zhenxun.builtin_plugins.chat_history.chat_message, lineno=39)
03-01 00:27:19 [INFO] nonebot | Matcher(type='message', module=zhenxun.builtin_plugins.chat_history.chat_message, lineno=39) running complete
03-01 00:27:24 [SUCCESS] nonebot | OneBot V11 3042447114 | [message.group.normal]: Message 1737676341 from 365103469@[群:645741432] '[file:file=Recording-2025-03-01-002557.mp4,file_id=/ed61b5aa-72fc-4ff8-b76b-39420d119759,file_size=34687168]'
03-01 00:27:24 [SUCCESS] nonebot | OneBot V11 3042447114 | [notice.group_upload]: {'time': 1740760044, 'self_id': 3042447114, 'post_type': 'notice', 'notice_type': 'group_upload', 'user_id': 365103469, 'group_id': 645741432, 'file': {'id': 'e750c01d293fc3ac71de1cf98208a271', 'name': 'Recording-2025-03-01-002557.mp4', 'size': 34687168, 'busid': 102}}
03-01 00:27:24 [INFO] nonebot | Event will be handled by Matcher(type='notice', module=zhenxun.plugins.zhenxun_plugin_draw_painting, lineno=61)
03-01 00:27:24 [INFO] nonebot | Event will be handled by Matcher(type='notice', module=zhenxun.plugins.zhenxun_plugin_draw_painting, lineno=62)
03-01 00:27:24 [INFO] nonebot | Event will be handled by Matcher(type='notice', module=zhenxun.plugins.monitor, lineno=18)
03-01 00:27:24 [INFO] nonebot | Event will be handled by Matcher(type='notice', module=zhenxun.plugins.monitor, lineno=19)
03-01 00:27:24 [INFO] nonebot | Event will be handled by Matcher(type='notice', module=zhenxun.plugins.monitor, lineno=20)
03-01 00:27:24 [INFO] nonebot | Event will be handled by Matcher(type='message', module=zhenxun.builtin_plugins.chat_history.chat_message, lineno=39)
03-01 00:27:24 [INFO] nonebot | Matcher(type='notice', module=zhenxun.plugins.monitor, lineno=19) running complete
03-01 00:27:24 [INFO] nonebot | Matcher(type='notice', module=zhenxun.plugins.monitor, lineno=20) running complete
03-01 00:27:24 [INFO] nonebot | Matcher(type='notice', module=zhenxun.plugins.zhenxun_plugin_draw_painting, lineno=62) running complete
03-01 00:27:24 [INFO] nonebot | Matcher(type='message', module=zhenxun.builtin_plugins.chat_history.chat_message, lineno=39) running complete
03-01 00:27:24 [INFO] nonebot | Matcher(type='notice', module=zhenxun.plugins.monitor, lineno=18) running complete
03-01 00:27:24 [INFO] nonebot | Matcher(type='notice', module=zhenxun.plugins.zhenxun_plugin_draw_painting, lineno=61) running complete
03-01 00:27:27 [SUCCESS] nonebot | OneBot V11 3042447114 | [message.group.normal]: Message 2042033079 from 2290442077@[群:475899384] '[image:summary=[动画表情],file=81913A4797069C8A98259DD3BCC4CE31.jpg,sub_type=1,url=https://multimedia.nt.qq.com.cn/download?appid=1407&fileid=EhSJc_Sm...,file_size=6825]'
03-01 00:27:27 [INFO] nonebot | Event will be handled by Matcher(type='message', module=zhenxun.builtin_plugins.chat_history.chat_message, lineno=39)
03-01 00:27:27 [INFO] nonebot | Matcher(type='message', module=zhenxun.builtin_plugins.chat_history.chat_message, lineno=39) running complete
03-01 00:27:28 [SUCCESS] nonebot | OneBot V11 3042447114 | [message.group.normal]: Message 924292999 from 1432931518@[群:475899384] '[image:summary=,file=2C2A725D8771B16CCFF04AAC132B59D4.png,sub_type=0,url=https://multimedia.nt.qq.com.cn/download?appid=1407&fileid=EhRR4dhV...,file_size=7219033]'
03-01 00:27:28 [INFO] nonebot | Event will be handled by Matcher(type='message', module=zhenxun.builtin_plugins.chat_history.chat_message, lineno=39)
03-01 00:27:28 [INFO] nonebot | Matcher(type='message', module=zhenxun.builtin_plugins.chat_history.chat_message, lineno=39) running complete
03-01 00:27:28 [SUCCESS] nonebot | OneBot V11 3042447114 | [message.group.normal]: Message 1146936006 from 156008544@[群:645741432] '[reply:id=1931019047][at:qq=158157045][image:summary=,file={4C15B4F6-8426-C66C-5D14-1E115F79C82D}.jpg,sub_type=1,url=https://gchat.qpic.cn/gchatpic_new/0/0-0-4C15B4F68426C66C5D141E115F...,file_size=40413]'
03-01 00:27:28 [INFO] nonebot | Event will be handled by Matcher(type='message', module=zhenxun.builtin_plugins.chat_history.chat_message, lineno=39)
03-01 00:27:28 [INFO] nonebot | Matcher(type='message', module=zhenxun.builtin_plugins.chat_history.chat_message, lineno=39) running complete
03-01 00:27:30 [SUCCESS] nonebot | OneBot V11 3042447114 | [message.group.normal]: Message 1510449280 from 350640529@[群:645741432] '之前看韩网那边统计就是四色300，混沌400，天恶500抽朽'
03-01 00:27:30 [INFO] nonebot | Event will be handled by Matcher(type='message', module=zhenxun.builtin_plugins.chat_history.chat_message, lineno=39)
03-01 00:27:30 [INFO] nonebot | Matcher(type='message', module=zhenxun.builtin_plugins.chat_history.chat_message, lineno=39) running complete
03-01 00:27:33 [SUCCESS] nonebot | OneBot V11 3042447114 | [message.group.normal]: Message 829510854 from 350640529@[群:645741432] '差不多这样子'
03-01 00:27:33 [INFO] nonebot | Event will be handled by Matcher(type='message', module=zhenxun.builtin_plugins.chat_history.chat_message, lineno=39)
03-01 00:27:33 [INFO] nonebot | Matcher(type='message', module=zhenxun.builtin_plugins.chat_history.chat_message, lineno=39) running complete
03-01 00:27:38 [SUCCESS] nonebot | OneBot V11 3042447114 | [message.group.normal]: Message 2131265986 from 156008544@[群:645741432] '不用我 已经出了2只莫甘娜了'
03-01 00:27:38 [INFO] nonebot | Event will be handled by Matcher(type='message', module=zhenxun.builtin_plugins.chat_history.chat_message, lineno=39)
03-01 00:27:38 [INFO] nonebot | Matcher(type='message', module=zhenxun.builtin_plugins.chat_history.chat_message, lineno=39) running complete
03-01 00:27:38 [SUCCESS] nonebot | OneBot V11 3042447114 | [message.group.normal]: Message 1890186414 from 3189541612@[群:645741432] 'jjc还有点说法，推图打BOSS我用不上了'
03-01 00:27:38 [INFO] nonebot | Event will be handled by Matcher(type='message', module=zhenxun.builtin_plugins.chat_history.chat_message, lineno=39)
03-01 00:27:38 [INFO] nonebot | Matcher(type='message', module=zhenxun.builtin_plugins.chat_history.chat_message, lineno=39) running complete
03-01 00:27:43 [SUCCESS] nonebot | OneBot V11 3042447114 | [message.group.normal]: Message 1485851990 from 1550354237@[群:645741432] '[reply:id=1027980762][at:qq=2425490754] 我觉醒以后出两次了'
03-01 00:27:43 [INFO] nonebot | Event will be handled by Matcher(type='message', module=zhenxun.builtin_plugins.chat_history.chat_message, lineno=39)
03-01 00:27:43 [INFO] nonebot | Matcher(type='message', module=zhenxun.builtin_plugins.chat_history.chat_message, lineno=39) running complete
03-01 00:27:45 [SUCCESS] nonebot | OneBot V11 3042447114 | [message.group.normal]: Message 970143602 from 1550354237@[群:645741432] '很无语'
03-01 00:27:46 [INFO] nonebot | Event will be handled by Matcher(type='message', module=zhenxun.builtin_plugins.chat_history.chat_message, lineno=39)
03-01 00:27:46 [INFO] nonebot | Matcher(type='message', module=zhenxun.builtin_plugins.chat_history.chat_message, lineno=39) running complete
03-01 00:27:47 [SUCCESS] nonebot | OneBot V11 3042447114 | [message.group.normal]: Message 580192252 from 365103469@[群:645741432] '克莱尔强大的性能.....'
03-01 00:27:47 [INFO] nonebot | Event will be handled by Matcher(type='message', module=zhenxun.builtin_plugins.chat_history.chat_message, lineno=39)
03-01 00:27:47 [INFO] nonebot | Matcher(type='message', module=zhenxun.builtin_plugins.chat_history.chat_message, lineno=39) running complete
03-01 00:27:47 [SUCCESS] nonebot | OneBot V11 3042447114 | [message.group.normal]: Message 616649106 from 979871564@[群:308422658] '建议看下她的皮肤说明'
03-01 00:27:47 [INFO] nonebot | Event will be handled by Matcher(type='message', module=zhenxun.builtin_plugins.chat_history.chat_message, lineno=39)
03-01 00:27:47 [INFO] nonebot | Matcher(type='message', module=zhenxun.builtin_plugins.chat_history.chat_message, lineno=39) running complete
03-01 00:27:51 [SUCCESS] nonebot | OneBot V11 3042447114 | [message.group.normal]: Message 627228794 from 1973539608@[群:645741432] '[at:qq=350640529] 四色300朽就脸黑了'
03-01 00:27:51 [INFO] nonebot | Event will be handled by Matcher(type='message', module=zhenxun.builtin_plugins.chat_history.chat_message, lineno=39)
03-01 00:27:51 [INFO] nonebot | Matcher(type='message', module=zhenxun.builtin_plugins.chat_history.chat_message, lineno=39) running complete
03-01 00:27:52 [SUCCESS] nonebot | OneBot V11 3042447114 | [message.group.normal]: Message 447987773 from 1973539608@[群:645741432] "[face:id=277,raw={'faceIndex': 277, 'faceText': '/汪汪', 'faceType': 2, 'packId': None...]"
03-01 00:27:52 [INFO] nonebot | Event will be handled by Matcher(type='message', module=zhenxun.builtin_plugins.chat_history.chat_message, lineno=39)
03-01 00:27:52 [INFO] nonebot | Matcher(type='message', module=zhenxun.builtin_plugins.chat_history.chat_message, lineno=39) running complete
03-01 00:27:54 [SUCCESS] nonebot | OneBot V11 3042447114 | [message.group.normal]: Message 548262128 from 979871564@[群:308422658] '纽扣发射器'
03-01 00:27:54 [INFO] nonebot | Event will be handled by Matcher(type='message', module=zhenxun.builtin_plugins.chat_history.chat_message, lineno=39)
03-01 00:27:54 [INFO] nonebot | Matcher(type='message', module=zhenxun.builtin_plugins.chat_history.chat_message, lineno=39) running complete
03-01 00:27:55 [SUCCESS] nonebot | OneBot V11 3042447114 | [message.group.normal]: Message 1292547692 from 158157045@[群:645741432] '[reply:id=1146936006][at:qq=156008544]'
03-01 00:27:55 [INFO] nonebot | Event will be handled by Matcher(type='message', module=zhenxun.builtin_plugins.chat_history.chat_message, lineno=39)
03-01 00:27:55 [INFO] nonebot | Matcher(type='message', module=zhenxun.builtin_plugins.chat_history.chat_message, lineno=39) running complete
03-01 00:27:56 [SUCCESS] nonebot | OneBot V11 3042447114 | [message.group.normal]: Message 1886973594 from 846186665@[群:645741432] '凯伊才是能站'
03-01 00:27:56 [INFO] nonebot | Event will be handled by Matcher(type='message', module=zhenxun.builtin_plugins.chat_history.chat_message, lineno=39)
03-01 00:27:56 [INFO] nonebot | Matcher(type='message', module=zhenxun.builtin_plugins.chat_history.chat_message, lineno=39) running complete
03-01 00:27:57 [SUCCESS] nonebot | OneBot V11 3042447114 | [message.group.normal]: Message 1687767378 from 158157045@[群:645741432] '[image:summary=[动画表情],file=192A19E5EE11D866BEACA5C018E32647.jpg,sub_type=1,url=https://multimedia.nt.qq.com.cn/download?appid=1407&fileid=EhQVvhUE...,file_size=115900]'
03-01 00:27:57 [INFO] nonebot | Event will be handled by Matcher(type='message', module=zhenxun.builtin_plugins.chat_history.chat_message, lineno=39)
03-01 00:27:57 [INFO] nonebot | Matcher(type='message', module=zhenxun.builtin_plugins.chat_history.chat_message, lineno=39) running complete
03-01 00:28:02 [SUCCESS] nonebot | OneBot V11 3042447114 | [message.group.normal]: Message 79491721 from 1973539608@[群:645741432] '应该是300朽5'
03-01 00:28:02 [INFO] nonebot | Event will be handled by Matcher(type='message', module=zhenxun.builtin_plugins.chat_history.chat_message, lineno=39)
03-01 00:28:02 [INFO] nonebot | Matcher(type='message', module=zhenxun.builtin_plugins.chat_history.chat_message, lineno=39) running complete
03-01 00:28:04 [SUCCESS] nonebot | OneBot V11 3042447114 | [message.group.normal]: Message 2121587590 from 1973539608@[群:645741432] "[face:id=178,raw={'faceIndex': 178, 'faceText': None, 'faceType': 1, 'packId': None,...]"
03-01 00:28:04 [INFO] nonebot | Event will be handled by Matcher(type='message', module=zhenxun.builtin_plugins.chat_history.chat_message, lineno=39)
03-01 00:28:04 [INFO] nonebot | Matcher(type='message', module=zhenxun.builtin_plugins.chat_history.chat_message, lineno=39) running complete
03-01 00:28:10 [SUCCESS] nonebot | OneBot V11 3042447114 | [message.group.normal]: Message 1032726526 from 156008544@[群:645741432] '[reply:id=1687767378][at:qq=158157045] 炸膛喷你脸上了'
03-01 00:28:10 [INFO] nonebot | Event will be handled by Matcher(type='message', module=zhenxun.builtin_plugins.chat_history.chat_message, lineno=39)
03-01 00:28:10 [INFO] nonebot | Matcher(type='message', module=zhenxun.builtin_plugins.chat_history.chat_message, lineno=39) running complete
03-01 00:28:18 [SUCCESS] nonebot | OneBot V11 3042447114 | [message.group.normal]: Message 923314033 from 2425490754@[群:645741432] '我的伊迪斯300朽0'
03-01 00:28:18 [INFO] nonebot | Event will be handled by Matcher(type='message', module=zhenxun.builtin_plugins.chat_history.chat_message, lineno=39)
03-01 00:28:18 [INFO] nonebot | Matcher(type='message', module=zhenxun.builtin_plugins.chat_history.chat_message, lineno=39) running complete
03-01 00:28:18 [SUCCESS] nonebot | OneBot V11 3042447114 | [message.group.normal]: Message 581573697 from 350640529@[群:645741432] '初始号300朽5还差不多'
03-01 00:28:18 [INFO] nonebot | Event will be handled by Matcher(type='message', module=zhenxun.builtin_plugins.chat_history.chat_message, lineno=39)
03-01 00:28:18 [INFO] nonebot | Matcher(type='message', module=zhenxun.builtin_plugins.chat_history.chat_message, lineno=39) running complete
03-01 00:28:20 [SUCCESS] nonebot | OneBot V11 3042447114 | [message.group.normal]: Message 1754238275 from 2425490754@[群:645741432] '[image:summary=[动画表情],file=09DBD932511B6FA299B26D5A81907D27.jpg,sub_type=1,url=https://multimedia.nt.qq.com.cn/download?appid=1407&fileid=EhRuypCz...,file_size=11733]'
03-01 00:28:20 [INFO] nonebot | Event will be handled by Matcher(type='message', module=zhenxun.builtin_plugins.chat_history.chat_message, lineno=39)
03-01 00:28:20 [INFO] nonebot | Matcher(type='message', module=zhenxun.builtin_plugins.chat_history.chat_message, lineno=39) running complete
03-01 00:28:33 [SUCCESS] nonebot | OneBot V11 3042447114 | [message.group.normal]: Message 423621835 from 1973539608@[群:645741432] '[at:qq=2425490754] 看来是脸黑娃'
03-01 00:28:33 [INFO] nonebot | Event will be handled by Matcher(type='message', module=zhenxun.builtin_plugins.chat_history.chat_message, lineno=39)
03-01 00:28:33 [INFO] nonebot | Matcher(type='message', module=zhenxun.builtin_plugins.chat_history.chat_message, lineno=39) running complete
03-01 00:28:38 [SUCCESS] nonebot | OneBot V11 3042447114 | [message.group.normal]: Message 604143385 from 846186665@[群:645741432] '我只有宠物是爽的'
03-01 00:28:38 [INFO] nonebot | Event will be handled by Matcher(type='message', module=zhenxun.builtin_plugins.chat_history.chat_message, lineno=39)
03-01 00:28:38 [INFO] nonebot | Matcher(type='message', module=zhenxun.builtin_plugins.chat_history.chat_message, lineno=39) running complete
03-01 00:28:39 [SUCCESS] nonebot | OneBot V11 3042447114 | [message.group.normal]: Message 2082494365 from 2925522491@[群:392644938] '我还在下呢'
03-01 00:28:39 [INFO] nonebot | Event will be handled by Matcher(type='message', module=zhenxun.builtin_plugins.chat_history.chat_message, lineno=39)
03-01 00:28:39 [INFO] nonebot | Matcher(type='message', module=zhenxun.builtin_plugins.chat_history.chat_message, lineno=39) running complete
03-01 00:28:42 [SUCCESS] nonebot | OneBot V11 3042447114 | [message.group.normal]: Message 1688101741 from 1973539608@[群:645741432] "[face:id=277,raw={'faceIndex': 277, 'faceText': '/汪汪', 'faceType': 2, 'packId': None...]我拜思200就朽2了"
03-01 00:28:42 [INFO] nonebot | Event will be handled by Matcher(type='message', module=zhenxun.builtin_plugins.chat_history.chat_message, lineno=39)
03-01 00:28:42 [INFO] nonebot | Matcher(type='message', module=zhenxun.builtin_plugins.chat_history.chat_message, lineno=39) running complete
03-01 00:28:43 [SUCCESS] nonebot | OneBot V11 3042447114 | [message.group.normal]: Message 282956212 from 158157045@[群:645741432] '[reply:id=1032726526]铁男娘'
03-01 00:28:43 [INFO] nonebot | Event will be handled by Matcher(type='message', module=zhenxun.builtin_plugins.chat_history.chat_message, lineno=39)
03-01 00:28:43 [INFO] nonebot | Matcher(type='message', module=zhenxun.builtin_plugins.chat_history.chat_message, lineno=39) running complete
03-01 00:28:43 [SUCCESS] nonebot | OneBot V11 3042447114 | [message.group.normal]: Message 722138976 from 819922802@[群:645741432] '[at:qq=1973539608] 界红兰300抽0就老实了'
03-01 00:28:43 [INFO] nonebot | Event will be handled by Matcher(type='message', module=zhenxun.builtin_plugins.chat_history.chat_message, lineno=39)
03-01 00:28:43 [INFO] nonebot | Matcher(type='message', module=zhenxun.builtin_plugins.chat_history.chat_message, lineno=39) running complete
03-01 00:28:46 [SUCCESS] nonebot | OneBot V11 3042447114 | [message.group.normal]: Message 766612606 from 350640529@[群:645741432] '300朽正常水平'
03-01 00:28:46 [INFO] nonebot | Event will be handled by Matcher(type='message', module=zhenxun.builtin_plugins.chat_history.chat_message, lineno=39)
03-01 00:28:46 [INFO] nonebot | Matcher(type='message', module=zhenxun.builtin_plugins.chat_history.chat_message, lineno=39) running complete
03-01 00:28:47 [SUCCESS] nonebot | OneBot V11 3042447114 | [message.group.normal]: Message 676091890 from 819922802@[群:645741432] "[face:id=294,raw={'faceIndex': 294, 'faceText': '/期待', 'faceType': 2, 'packId': None...]"
03-01 00:28:47 [INFO] nonebot | Event will be handled by Matcher(type='message', module=zhenxun.builtin_plugins.chat_history.chat_message, lineno=39)
03-01 00:28:47 [INFO] nonebot | Matcher(type='message', module=zhenxun.builtin_plugins.chat_history.chat_message, lineno=39) running complete
03-01 00:28:50 [SUCCESS] nonebot | OneBot V11 3042447114 | [message.group.normal]: Message 1986159795 from 158157045@[群:645741432] '[image:summary=[动画表情],file=1136E5690305EECA2B1CD571EF5E56E5.jpg,sub_type=1,url=https://multimedia.nt.qq.com.cn/download?appid=1407&fileid=EhQnMb64...,file_size=11511]'
03-01 00:28:50 [INFO] nonebot | Event will be handled by Matcher(type='message', module=zhenxun.builtin_plugins.chat_history.chat_message, lineno=39)
03-01 00:28:50 [INFO] nonebot | Matcher(type='message', module=zhenxun.builtin_plugins.chat_history.chat_message, lineno=39) running complete
03-01 00:28:51 [SUCCESS] nonebot | OneBot V11 3042447114 | [message.group.normal]: Message 1648122418 from 1973539608@[群:645741432] '[at:qq=819922802] 想屁吃'
03-01 00:28:52 [INFO] nonebot | Event will be handled by Matcher(type='message', module=zhenxun.builtin_plugins.chat_history.chat_message, lineno=39)
03-01 00:28:52 [INFO] nonebot | Matcher(type='message', module=zhenxun.builtin_plugins.chat_history.chat_message, lineno=39) running complete
03-01 00:28:59 [SUCCESS] nonebot | OneBot V11 3042447114 | [message.group.normal]: Message 1201321860 from 846186665@[群:645741432] '[image:summary=,file=796CF839FED2CB4B48FF811E58E2272C.jpg,sub_type=0,url=https://multimedia.nt.qq.com.cn/download?appid=1407&fileid=EhRo2_Tn...,file_size=179770]'
03-01 00:28:59 [INFO] nonebot | Event will be handled by Matcher(type='message', module=zhenxun.builtin_plugins.chat_history.chat_message, lineno=39)
03-01 00:28:59 [INFO] nonebot | Matcher(type='message', module=zhenxun.builtin_plugins.chat_history.chat_message, lineno=39) running complete
03-01 00:29:01 [SUCCESS] nonebot | OneBot V11 3042447114 | [message.group.normal]: Message 1260779847 from 156008544@[群:645741432] '[image:summary=,file={ED69DE9F-95B5-BAA1-85AA-17D08BD3A4B7}.png,sub_type=0,url=https://gchat.qpic.cn/gchatpic_new/0/0-0-ED69DE9F95B5BAA185AA17D08B...,file_size=113375]莫甘娜又加强了 。问题是'
03-01 00:29:01 [INFO] nonebot | Event will be handled by Matcher(type='message', module=zhenxun.builtin_plugins.chat_history.chat_message, lineno=39)
03-01 00:29:01 [INFO] nonebot | Matcher(type='message', module=zhenxun.builtin_plugins.chat_history.chat_message, lineno=39) running complete
03-01 00:29:03 [SUCCESS] nonebot | OneBot V11 3042447114 | [message.group.normal]: Message 2046723924 from 1973539608@[群:645741432] '[at:qq=819922802] 到时候就献祭你'
03-01 00:29:03 [INFO] nonebot | Event will be handled by Matcher(type='message', module=zhenxun.builtin_plugins.chat_history.chat_message, lineno=39)
03-01 00:29:03 [INFO] nonebot | Matcher(type='message', module=zhenxun.builtin_plugins.chat_history.chat_message, lineno=39) running complete
03-01 00:29:17 [SUCCESS] nonebot | OneBot V11 3042447114 | [message.group.normal]: Message 2035823601 from 2425490754@[群:645741432] '我其实出了很多卡'
03-01 00:29:17 [INFO] nonebot | Event will be handled by Matcher(type='message', module=zhenxun.builtin_plugins.chat_history.chat_message, lineno=39)
03-01 00:29:17 [INFO] nonebot | Matcher(type='message', module=zhenxun.builtin_plugins.chat_history.chat_message, lineno=39) running complete
03-01 00:29:19 [SUCCESS] nonebot | OneBot V11 3042447114 | [message.group.normal]: Message 1997238811 from 819922802@[群:645741432] '想献祭我的都没了'
03-01 00:29:19 [INFO] nonebot | Event will be handled by Matcher(type='message', module=zhenxun.builtin_plugins.chat_history.chat_message, lineno=39)
03-01 00:29:19 [INFO] nonebot | Matcher(type='message', module=zhenxun.builtin_plugins.chat_history.chat_message, lineno=39) running complete
03-01 00:29:20 [SUCCESS] nonebot | OneBot V11 3042447114 | [message.group.normal]: Message 1491173853 from 2425490754@[群:645741432] '就是全歪了'
03-01 00:29:20 [INFO] nonebot | Event will be handled by Matcher(type='message', module=zhenxun.builtin_plugins.chat_history.chat_message, lineno=39)
03-01 00:29:20 [INFO] nonebot | Matcher(type='message', module=zhenxun.builtin_plugins.chat_history.chat_message, lineno=39) running complete
03-01 00:29:21 [SUCCESS] nonebot | OneBot V11 3042447114 | [message.group.normal]: Message 456988951 from 156008544@[群:645741432] '[reply:id=282956212][at:qq=158157045][image:summary=,file={AAED5E4C-0285-E788-AEB0-61FCA8C53DBD}.gif,sub_type=1,url=https://gchat.qpic.cn/gchatpic_new/0/0-0-AAED5E4C0285E788AEB061FCA8...,file_size=3595]你个男同鱼'
03-01 00:29:21 [INFO] nonebot | Event will be handled by Matcher(type='message', module=zhenxun.builtin_plugins.chat_history.chat_message, lineno=39)
03-01 00:29:21 [INFO] nonebot | Matcher(type='message', module=zhenxun.builtin_plugins.chat_history.chat_message, lineno=39) running complete
03-01 00:29:22 [SUCCESS] nonebot | OneBot V11 3042447114 | [message.group.normal]: Message 1351340132 from 2425490754@[群:645741432] '[image:summary=[动画表情],file=BCACFC27A90B970FF976845983418B7C.jpg,sub_type=1,url=https://multimedia.nt.qq.com.cn/download?appid=1407&fileid=EhTntrSX...,file_size=4407]'
03-01 00:29:22 [INFO] nonebot | Event will be handled by Matcher(type='message', module=zhenxun.builtin_plugins.chat_history.chat_message, lineno=39)
03-01 00:29:22 [INFO] nonebot | Matcher(type='message', module=zhenxun.builtin_plugins.chat_history.chat_message, lineno=39) running complete
03-01 00:29:25 [SUCCESS] nonebot | OneBot V11 3042447114 | [message.group.normal]: Message 1087183917 from 819922802@[群:645741432] '[image:summary=[动画表情],file=7031CDF6A8A28F051A753E11FE2AF640.jpg,sub_type=1,url=https://multimedia.nt.qq.com.cn/download?appid=1407&fileid=EhT97wn9...,file_size=67839]'
03-01 00:29:25 [INFO] nonebot | Event will be handled by Matcher(type='message', module=zhenxun.builtin_plugins.chat_history.chat_message, lineno=39)
03-01 00:29:25 [INFO] nonebot | Matcher(type='message', module=zhenxun.builtin_plugins.chat_history.chat_message, lineno=39) running complete
03-01 00:29:35 [SUCCESS] nonebot | OneBot V11 3042447114 | [message.group.normal]: Message 859377197 from 1973539608@[群:645741432] '到时候300朽5'
03-01 00:29:35 [INFO] nonebot | Event will be handled by Matcher(type='message', module=zhenxun.builtin_plugins.chat_history.chat_message, lineno=39)
03-01 00:29:35 [INFO] nonebot | Matcher(type='message', module=zhenxun.builtin_plugins.chat_history.chat_message, lineno=39) running complete
03-01 00:29:40 [SUCCESS] nonebot | OneBot V11 3042447114 | [message.group.normal]: Message 1958682236 from 158157045@[群:645741432] '[image:summary=[动画表情],file=6492B407984B4A3FEA5F54100A834F17.jpg,sub_type=1,url=https://multimedia.nt.qq.com.cn/download?appid=1407&fileid=EhRu2SUb...,file_size=64761]'
03-01 00:29:40 [INFO] nonebot | Event will be handled by Matcher(type='message', module=zhenxun.builtin_plugins.chat_history.chat_message, lineno=39)
03-01 00:29:40 [INFO] nonebot | Matcher(type='message', module=zhenxun.builtin_plugins.chat_history.chat_message, lineno=39) running complete
03-01 00:29:41 [SUCCESS] nonebot | OneBot V11 3042447114 | [message.group.normal]: Message 1403284074 from 1973539608@[群:645741432] '[image:summary=[动画表情],file=D7CD424DE9A29AAE20069976B19CF488.jpg,sub_type=1,url=https://multimedia.nt.qq.com.cn/download?appid=1407&fileid=EhQPknB9...,file_size=16140]'
03-01 00:29:41 [INFO] nonebot | Event will be handled by Matcher(type='message', module=zhenxun.builtin_plugins.chat_history.chat_message, lineno=39)
03-01 00:29:41 [INFO] nonebot | Matcher(type='message', module=zhenxun.builtin_plugins.chat_history.chat_message, lineno=39) running complete
03-01 00:29:45 [SUCCESS] nonebot | OneBot V11 3042447114 | [message.group.normal]: Message 1077663765 from 350640529@[群:645741432] '反正天使恶魔没得换，想一次抽到朽造价是最高的'
03-01 00:29:45 [INFO] nonebot | Event will be handled by Matcher(type='message', module=zhenxun.builtin_plugins.chat_history.chat_message, lineno=39)
03-01 00:29:45 [INFO] nonebot | Matcher(type='message', module=zhenxun.builtin_plugins.chat_history.chat_message, lineno=39) running complete
03-01 00:29:47 [SUCCESS] nonebot | OneBot V11 3042447114 | [message.group.normal]: Message 1071679673 from 2425490754@[群:645741432] '话说这游戏up池概率多少'
03-01 00:29:47 [INFO] nonebot | Event will be handled by Matcher(type='message', module=zhenxun.builtin_plugins.chat_history.chat_message, lineno=39)
03-01 00:29:47 [INFO] nonebot | Matcher(type='message', module=zhenxun.builtin_plugins.chat_history.chat_message, lineno=39) running complete
03-01 00:29:56 [SUCCESS] nonebot | OneBot V11 3042447114 | [message.group.normal]: Message 468998597 from 350640529@[群:645741432] '1.6%'
03-01 00:29:56 [INFO] nonebot | Event will be handled by Matcher(type='message', module=zhenxun.builtin_plugins.chat_history.chat_message, lineno=39)
03-01 00:29:56 [INFO] nonebot | Matcher(type='message', module=zhenxun.builtin_plugins.chat_history.chat_message, lineno=39) running complete
03-01 00:30:00 [SUCCESS] nonebot | OneBot V11 3042447114 | [message.group.normal]: Message 12837933 from 3400230647@[群:392644938] '我主线通了'
03-01 00:30:00 [INFO] nonebot | Event will be handled by Matcher(type='message', module=zhenxun.builtin_plugins.chat_history.chat_message, lineno=39)
03-01 00:30:00 [INFO] nonebot | Matcher(type='message', module=zhenxun.builtin_plugins.chat_history.chat_message, lineno=39) running complete
03-01 00:30:09 [SUCCESS] nonebot | OneBot V11 3042447114 | [message.group.normal]: Message 467816858 from 350640529@[群:645741432] '总史诗率4%'
03-01 00:30:09 [INFO] nonebot | Event will be handled by Matcher(type='message', module=zhenxun.builtin_plugins.chat_history.chat_message, lineno=39)
03-01 00:30:09 [INFO] nonebot | Matcher(type='message', module=zhenxun.builtin_plugins.chat_history.chat_message, lineno=39) running complete
03-01 00:30:09 [SUCCESS] nonebot | OneBot V11 3042447114 | [message.group.normal]: Message 1472448059 from 2425490754@[群:645741432] '总体还是up角色'
03-01 00:30:09 [INFO] nonebot | Event will be handled by Matcher(type='message', module=zhenxun.builtin_plugins.chat_history.chat_message, lineno=39)
03-01 00:30:09 [INFO] nonebot | Matcher(type='message', module=zhenxun.builtin_plugins.chat_history.chat_message, lineno=39) running complete
03-01 00:30:12 [SUCCESS] nonebot | OneBot V11 3042447114 | [message.group.normal]: Message 837653499 from 2425490754@[群:645741432] '哦'
03-01 00:30:12 [INFO] nonebot | Event will be handled by Matcher(type='message', module=zhenxun.builtin_plugins.chat_history.chat_message, lineno=39)
03-01 00:30:12 [INFO] nonebot | Matcher(type='message', module=zhenxun.builtin_plugins.chat_history.chat_message, lineno=39) running complete
03-01 00:30:17 [SUCCESS] nonebot | OneBot V11 3042447114 | [message.group.normal]: Message 813739075 from 2425490754@[群:645741432] '那还挺高的'
03-01 00:30:17 [INFO] nonebot | Event will be handled by Matcher(type='message', module=zhenxun.builtin_plugins.chat_history.chat_message, lineno=39)
03-01 00:30:17 [INFO] nonebot | Matcher(type='message', module=zhenxun.builtin_plugins.chat_history.chat_message, lineno=39) running complete
03-01 00:30:28 [SUCCESS] nonebot | OneBot V11 3042447114 | [message.group.normal]: Message 674554459 from 365103469@[群:645741432] '[file:file=Recording-2025-03-01-002944.mp4,file_id=/41410d28-8d86-45e8-9187-4123fef3ba2a,file_size=12679995]'
03-01 00:30:28 [SUCCESS] nonebot | OneBot V11 3042447114 | [notice.group_upload]: {'time': 1740760228, 'self_id': 3042447114, 'post_type': 'notice', 'notice_type': 'group_upload', 'user_id': 365103469, 'group_id': 645741432, 'file': {'id': 'f5fafd64b4528535b52b8a81b731b751', 'name': 'Recording-2025-03-01-002944.mp4', 'size': 12679995, 'busid': 102}}
03-01 00:30:28 [INFO] nonebot | Event will be handled by Matcher(type='notice', module=zhenxun.plugins.zhenxun_plugin_draw_painting, lineno=61)
03-01 00:30:28 [INFO] nonebot | Event will be handled by Matcher(type='notice', module=zhenxun.plugins.zhenxun_plugin_draw_painting, lineno=62)
03-01 00:30:28 [INFO] nonebot | Event will be handled by Matcher(type='notice', module=zhenxun.plugins.monitor, lineno=18)
03-01 00:30:28 [INFO] nonebot | Event will be handled by Matcher(type='notice', module=zhenxun.plugins.monitor, lineno=19)
03-01 00:30:28 [INFO] nonebot | Event will be handled by Matcher(type='notice', module=zhenxun.plugins.monitor, lineno=20)
03-01 00:30:28 [INFO] nonebot | Event will be handled by Matcher(type='message', module=zhenxun.builtin_plugins.chat_history.chat_message, lineno=39)
03-01 00:30:28 [SUCCESS] nonebot | OneBot V11 3042447114 | [message.group.normal]: Message 1830659086 from 819922802@[群:645741432] '300抽1不要不识好歹'
03-01 00:30:28 [INFO] nonebot | Event will be handled by Matcher(type='message', module=zhenxun.builtin_plugins.chat_history.chat_message, lineno=39)
03-01 00:30:28 [INFO] nonebot | Matcher(type='notice', module=zhenxun.plugins.zhenxun_plugin_draw_painting, lineno=62) running complete
03-01 00:30:28 [INFO] nonebot | Matcher(type='message', module=zhenxun.builtin_plugins.chat_history.chat_message, lineno=39) running complete
03-01 00:30:28 [INFO] nonebot | Matcher(type='notice', module=zhenxun.plugins.monitor, lineno=19) running complete
03-01 00:30:28 [INFO] nonebot | Matcher(type='notice', module=zhenxun.plugins.monitor, lineno=20) running complete
03-01 00:30:28 [INFO] nonebot | Matcher(type='notice', module=zhenxun.plugins.monitor, lineno=18) running complete
03-01 00:30:28 [INFO] nonebot | Matcher(type='notice', module=zhenxun.plugins.zhenxun_plugin_draw_painting, lineno=61) running complete
03-01 00:30:28 [INFO] nonebot | Matcher(type='message', module=zhenxun.builtin_plugins.chat_history.chat_message, lineno=39) running complete
03-01 00:30:34 [SUCCESS] nonebot | OneBot V11 3042447114 | [message.group.normal]: Message 695912632 from 819922802@[群:645741432] '[image:summary=[动画表情],file=38D989E7FAD1808323F2C49A871AD612.jpg,sub_type=1,url=https://multimedia.nt.qq.com.cn/download?appid=1407&fileid=EhTlkfBS...,file_size=61658]'
03-01 00:30:34 [INFO] nonebot | Event will be handled by Matcher(type='message', module=zhenxun.builtin_plugins.chat_history.chat_message, lineno=39)
03-01 00:30:34 [INFO] nonebot | Matcher(type='message', module=zhenxun.builtin_plugins.chat_history.chat_message, lineno=39) running complete
03-01 00:30:34 [SUCCESS] nonebot | OneBot V11 3042447114 | [message.group.normal]: Message 1139711330 from 365103469@[群:645741432] '这个更直观一点'
03-01 00:30:34 [INFO] nonebot | Event will be handled by Matcher(type='message', module=zhenxun.builtin_plugins.chat_history.chat_message, lineno=39)
03-01 00:30:34 [INFO] nonebot | Matcher(type='message', module=zhenxun.builtin_plugins.chat_history.chat_message, lineno=39) running complete
03-01 00:30:34 [SUCCESS] nonebot | OneBot V11 3042447114 | [message.group.normal]: Message 953776914 from 350640529@[群:645741432] '50%不到的up率'
03-01 00:30:34 [INFO] nonebot | Event will be handled by Matcher(type='message', module=zhenxun.builtin_plugins.chat_history.chat_message, lineno=39)
03-01 00:30:34 [INFO] nonebot | Matcher(type='message', module=zhenxun.builtin_plugins.chat_history.chat_message, lineno=39) running complete
03-01 00:30:35 [SUCCESS] nonebot | OneBot V11 3042447114 | [message.group.normal]: Message 793596349 from 1433290406@[群:475899384] '晴空之下就剩两天半测试时间了\n'
03-01 00:30:35 [INFO] nonebot | Event will be handled by Matcher(type='message', module=zhenxun.builtin_plugins.chat_history.chat_message, lineno=39)
03-01 00:30:35 [INFO] nonebot | Matcher(type='message', module=zhenxun.builtin_plugins.chat_history.chat_message, lineno=39) running complete
03-01 00:30:38 [SUCCESS] nonebot | OneBot V11 3042447114 | [message.group.normal]: Message 1699234656 from 350640529@[群:645741432] '还是有点阴了'
03-01 00:30:38 [INFO] nonebot | Event will be handled by Matcher(type='message', module=zhenxun.builtin_plugins.chat_history.chat_message, lineno=39)
03-01 00:30:38 [INFO] nonebot | Matcher(type='message', module=zhenxun.builtin_plugins.chat_history.chat_message, lineno=39) running complete
03-01 00:30:38 [SUCCESS] nonebot | OneBot V11 3042447114 | [message.group.normal]: Message 1057430736 from 156008544@[群:645741432] '[image:summary=,file={AAED5E4C-0285-E788-AEB0-61FCA8C53DBD}.gif,sub_type=1,url=https://gchat.qpic.cn/gchatpic_new/0/0-0-AAED5E4C0285E788AEB061FCA8...,file_size=3595]LS 什么时候出个新奶  \n现在俩奶不够用'
03-01 00:30:38 [INFO] nonebot | Event will be handled by Matcher(type='message', module=zhenxun.builtin_plugins.chat_history.chat_message, lineno=39)
03-01 00:30:38 [INFO] nonebot | Matcher(type='message', module=zhenxun.builtin_plugins.chat_history.chat_message, lineno=39) running complete
03-01 00:30:42 [SUCCESS] nonebot | OneBot V11 3042447114 | [message.group.normal]: Message 1571531720 from 3429175491@[群:245810894] '这个阵容'
03-01 00:30:42 [INFO] nonebot | Event will be handled by Matcher(type='message', module=zhenxun.builtin_plugins.chat_history.chat_message, lineno=39)
03-01 00:30:42 [INFO] nonebot | Matcher(type='message', module=zhenxun.builtin_plugins.chat_history.chat_message, lineno=39) running complete
03-01 00:30:43 [SUCCESS] nonebot | OneBot V11 3042447114 | [message.group.normal]: Message 761844177 from 1973539608@[群:645741432] "[at:qq=819922802] 想屁吃[face:id=277,raw={'faceIndex': 277, 'faceText': '/汪汪', 'faceType': 2, 'packId': None...]"
03-01 00:30:43 [INFO] nonebot | Event will be handled by Matcher(type='message', module=zhenxun.builtin_plugins.chat_history.chat_message, lineno=39)
03-01 00:30:43 [INFO] nonebot | Matcher(type='message', module=zhenxun.builtin_plugins.chat_history.chat_message, lineno=39) running complete
03-01 00:30:48 [SUCCESS] nonebot | OneBot V11 3042447114 | [message.group.normal]: Message 1391272621 from 1973539608@[群:645741432] '只有你会这样'
03-01 00:30:48 [INFO] nonebot | Event will be handled by Matcher(type='message', module=zhenxun.builtin_plugins.chat_history.chat_message, lineno=39)
03-01 00:30:48 [INFO] nonebot | Matcher(type='message', module=zhenxun.builtin_plugins.chat_history.chat_message, lineno=39) running complete
03-01 00:30:48 [SUCCESS] nonebot | OneBot V11 3042447114 | [message.group.normal]: Message 265917615 from 3400230647@[群:392644938] '白赤龙居然没有装备'
03-01 00:30:48 [INFO] nonebot | Event will be handled by Matcher(type='message', module=zhenxun.builtin_plugins.chat_history.chat_message, lineno=39)
03-01 00:30:48 [INFO] nonebot | Matcher(type='message', module=zhenxun.builtin_plugins.chat_history.chat_message, lineno=39) running complete
03-01 00:30:50 [SUCCESS] nonebot | OneBot V11 3042447114 | [message.group.normal]: Message 34834589 from 3400230647@[群:392644938] '难绷'
03-01 00:30:50 [INFO] nonebot | Event will be handled by Matcher(type='message', module=zhenxun.builtin_plugins.chat_history.chat_message, lineno=39)
03-01 00:30:50 [INFO] nonebot | Matcher(type='message', module=zhenxun.builtin_plugins.chat_history.chat_message, lineno=39) running complete
03-01 00:30:52 [SUCCESS] nonebot | OneBot V11 3042447114 | [message.group.normal]: Message 38428494 from 3429175491@[群:245810894] '难点就是活到第二波瘫痪'
03-01 00:30:52 [INFO] nonebot | Event will be handled by Matcher(type='message', module=zhenxun.builtin_plugins.chat_history.chat_message, lineno=39)
03-01 00:30:52 [INFO] nonebot | Matcher(type='message', module=zhenxun.builtin_plugins.chat_history.chat_message, lineno=39) running complete
03-01 00:30:58 [SUCCESS] nonebot | OneBot V11 3042447114 | [message.group.normal]: Message 1916240225 from 3429175491@[群:245810894] '能活到至少200e'
03-01 00:30:58 [INFO] nonebot | Event will be handled by Matcher(type='message', module=zhenxun.builtin_plugins.chat_history.chat_message, lineno=39)
03-01 00:30:58 [INFO] nonebot | Matcher(type='message', module=zhenxun.builtin_plugins.chat_history.chat_message, lineno=39) running complete
03-01 00:31:04 [SUCCESS] nonebot | OneBot V11 3042447114 | [message.group.normal]: Message 1342882105 from 1973539608@[群:645741432] '我用的梅妃召唤界面'
03-01 00:31:04 [INFO] nonebot | Event will be handled by Matcher(type='message', module=zhenxun.builtin_plugins.chat_history.chat_message, lineno=39)
03-01 00:31:04 [INFO] nonebot | Matcher(type='message', module=zhenxun.builtin_plugins.chat_history.chat_message, lineno=39) running complete
03-01 00:31:08 [SUCCESS] nonebot | OneBot V11 3042447114 | [message.group.normal]: Message 2003775469 from 2425490754@[群:645741432] '别的池子也是4%的金率吗'
03-01 00:31:08 [INFO] nonebot | Event will be handled by Matcher(type='message', module=zhenxun.builtin_plugins.chat_history.chat_message, lineno=39)
03-01 00:31:08 [INFO] nonebot | Matcher(type='message', module=zhenxun.builtin_plugins.chat_history.chat_message, lineno=39) running complete
03-01 00:31:18 [SUCCESS] nonebot | OneBot V11 3042447114 | [message.group.normal]: Message 346746684 from 2047015039@[群:645741432] '[image:summary=[动画表情],file=8F9647F1F378002574AAE4EAF5C974B2.jpg,sub_type=1,url=https://multimedia.nt.qq.com.cn/download?appid=1407&fileid=EhTYqOtu...,file_size=1280222]'
03-01 00:31:18 [INFO] nonebot | Event will be handled by Matcher(type='message', module=zhenxun.builtin_plugins.chat_history.chat_message, lineno=39)
03-01 00:31:18 [INFO] nonebot | Matcher(type='message', module=zhenxun.builtin_plugins.chat_history.chat_message, lineno=39) running complete
03-01 00:31:19 [SUCCESS] nonebot | OneBot V11 3042447114 | [message.group.normal]: Message 45670302 from 1973539608@[群:645741432] '太空人眼睛一亮老婆出来'
03-01 00:31:19 [INFO] nonebot | Event will be handled by Matcher(type='message', module=zhenxun.builtin_plugins.chat_history.chat_message, lineno=39)
03-01 00:31:19 [INFO] nonebot | Matcher(type='message', module=zhenxun.builtin_plugins.chat_history.chat_message, lineno=39) running complete
03-01 00:31:29 [SUCCESS] nonebot | OneBot V11 3042447114 | [message.group.normal]: Message 650315591 from 350640529@[群:645741432] '你自己可以看概率'
03-01 00:31:29 [INFO] nonebot | Event will be handled by Matcher(type='message', module=zhenxun.builtin_plugins.chat_history.chat_message, lineno=39)
03-01 00:31:29 [INFO] nonebot | Matcher(type='message', module=zhenxun.builtin_plugins.chat_history.chat_message, lineno=39) running complete
03-01 00:31:30 [SUCCESS] nonebot | OneBot V11 3042447114 | [message.group.normal]: Message 1559725761 from 846186665@[群:645741432] '[image:summary=,file=E23C0393B60FCCABC44BD8DFEDACD670.jpg,sub_type=0,url=https://multimedia.nt.qq.com.cn/download?appid=1407&fileid=EhT9BbJJ...,file_size=155442]'
03-01 00:31:30 [INFO] nonebot | Event will be handled by Matcher(type='message', module=zhenxun.builtin_plugins.chat_history.chat_message, lineno=39)
03-01 00:31:30 [INFO] nonebot | Matcher(type='message', module=zhenxun.builtin_plugins.chat_history.chat_message, lineno=39) running complete
03-01 00:31:33 [SUCCESS] nonebot | OneBot V11 3042447114 | [message.group.normal]: Message 575499109 from 846186665@[群:645741432] '睡觉'
03-01 00:31:33 [INFO] nonebot | Event will be handled by Matcher(type='message', module=zhenxun.builtin_plugins.chat_history.chat_message, lineno=39)
03-01 00:31:33 [INFO] nonebot | Matcher(type='message', module=zhenxun.builtin_plugins.chat_history.chat_message, lineno=39) running complete
03-01 00:31:35 [SUCCESS] nonebot | OneBot V11 3042447114 | [message.group.normal]: Message 1105951988 from 819922802@[群:645741432] '一看勒内'
03-01 00:31:35 [INFO] nonebot | Event will be handled by Matcher(type='message', module=zhenxun.builtin_plugins.chat_history.chat_message, lineno=39)
03-01 00:31:35 [INFO] nonebot | Matcher(type='message', module=zhenxun.builtin_plugins.chat_history.chat_message, lineno=39) running complete
03-01 00:31:38 [SUCCESS] nonebot | OneBot V11 3042447114 | [message.group.normal]: Message 1232417890 from 365103469@[群:645741432] '克莱尔pvp太好用了'
03-01 00:31:38 [INFO] nonebot | Event will be handled by Matcher(type='message', module=zhenxun.builtin_plugins.chat_history.chat_message, lineno=39)
03-01 00:31:38 [INFO] nonebot | Matcher(type='message', module=zhenxun.builtin_plugins.chat_history.chat_message, lineno=39) running complete
03-01 00:31:40 [SUCCESS] nonebot | OneBot V11 3042447114 | [message.group.normal]: Message 1368605015 from 819922802@[群:645741432] '[image:summary=[动画表情],file=156A5615E431C8F0F89FCD50BE0BFE91.jpg,sub_type=1,url=https://multimedia.nt.qq.com.cn/download?appid=1407&fileid=EhRRrj14...,file_size=63263]'
03-01 00:31:40 [INFO] nonebot | Event will be handled by Matcher(type='message', module=zhenxun.builtin_plugins.chat_history.chat_message, lineno=39)
03-01 00:31:40 [INFO] nonebot | Matcher(type='message', module=zhenxun.builtin_plugins.chat_history.chat_message, lineno=39) running complete
03-01 00:31:54 [SUCCESS] nonebot | OneBot V11 3042447114 | [message.group.normal]: Message 1930790392 from 3400230647@[群:392644938] '[image:summary=,file=D897A82E9FC5492EF55C025208E8759E.jpg,sub_type=0,url=https://multimedia.nt.qq.com.cn/download?appid=1407&fileid=EhSro989...,file_size=369290]'
03-01 00:31:54 [INFO] nonebot | Event will be handled by Matcher(type='message', module=zhenxun.builtin_plugins.chat_history.chat_message, lineno=39)
03-01 00:31:54 [INFO] nonebot | Matcher(type='message', module=zhenxun.builtin_plugins.chat_history.chat_message, lineno=39) running complete
03-01 00:31:57 [SUCCESS] nonebot | OneBot V11 3042447114 | [message.group.normal]: Message 1404115784 from 350640529@[群:645741432] '抽卡左下角有个详细概率'
03-01 00:31:57 [INFO] nonebot | Event will be handled by Matcher(type='message', module=zhenxun.builtin_plugins.chat_history.chat_message, lineno=39)
03-01 00:31:57 [INFO] nonebot | Matcher(type='message', module=zhenxun.builtin_plugins.chat_history.chat_message, lineno=39) running complete
03-01 00:32:01 [SUCCESS] nonebot | OneBot V11 3042447114 | [message.group.normal]: Message 1758771125 from 2425490754@[群:645741432] '那个我好像加载不出来'
03-01 00:32:01 [INFO] nonebot | Event will be handled by Matcher(type='message', module=zhenxun.builtin_plugins.chat_history.chat_message, lineno=39)
03-01 00:32:01 [INFO] nonebot | Matcher(type='message', module=zhenxun.builtin_plugins.chat_history.chat_message, lineno=39) running complete
03-01 00:32:02 [SUCCESS] nonebot | OneBot V11 3042447114 | [message.group.normal]: Message 1160941010 from 1973539608@[群:645741432] "[at:qq=819922802][face:id=277,raw={'faceIndex': 277, 'faceText': '/汪汪', 'faceType': 2, 'packId': None...]不会，现在抽up不是up梅妃不会眨眼睛"
03-01 00:32:02 [INFO] nonebot | Event will be handled by Matcher(type='message', module=zhenxun.builtin_plugins.chat_history.chat_message, lineno=39)
03-01 00:32:02 [INFO] nonebot | Matcher(type='message', module=zhenxun.builtin_plugins.chat_history.chat_message, lineno=39) running complete
03-01 00:32:05 [SUCCESS] nonebot | OneBot V11 3042447114 | [message.group.normal]: Message 1936716520 from 2425490754@[群:645741432] '全英文那个'
03-01 00:32:05 [INFO] nonebot | Event will be handled by Matcher(type='message', module=zhenxun.builtin_plugins.chat_history.chat_message, lineno=39)
03-01 00:32:05 [INFO] nonebot | Matcher(type='message', module=zhenxun.builtin_plugins.chat_history.chat_message, lineno=39) running complete
03-01 00:32:07 [SUCCESS] nonebot | OneBot V11 3042447114 | [message.group.normal]: Message 1841752630 from 350640529@[群:645741432] '不挂梯子导致的'
03-01 00:32:07 [INFO] nonebot | Event will be handled by Matcher(type='message', module=zhenxun.builtin_plugins.chat_history.chat_message, lineno=39)
03-01 00:32:07 [INFO] nonebot | Matcher(type='message', module=zhenxun.builtin_plugins.chat_history.chat_message, lineno=39) running complete
03-01 00:32:15 [SUCCESS] nonebot | OneBot V11 3042447114 | [message.group.normal]: Message 664807953 from 2425490754@[群:645741432] '[image:summary=[动画表情],file=09DBD932511B6FA299B26D5A81907D27.jpg,sub_type=1,url=https://multimedia.nt.qq.com.cn/download?appid=1407&fileid=EhRuypCz...,file_size=11733]'
03-01 00:32:15 [INFO] nonebot | Event will be handled by Matcher(type='message', module=zhenxun.builtin_plugins.chat_history.chat_message, lineno=39)
03-01 00:32:15 [INFO] nonebot | Matcher(type='message', module=zhenxun.builtin_plugins.chat_history.chat_message, lineno=39) running complete
03-01 00:32:25 [SUCCESS] nonebot | OneBot V11 3042447114 | [message.group.normal]: Message 1599919676 from 350640529@[群:645741432] '我挂加速器游戏内也看得到'
03-01 00:32:25 [INFO] nonebot | Event will be handled by Matcher(type='message', module=zhenxun.builtin_plugins.chat_history.chat_message, lineno=39)
03-01 00:32:25 [INFO] nonebot | Matcher(type='message', module=zhenxun.builtin_plugins.chat_history.chat_message, lineno=39) running complete
03-01 00:32:27 [SUCCESS] nonebot | OneBot V11 3042447114 | [message.group.normal]: Message 16474081 from 819922802@[群:645741432] '不是出紫就笑了？'
03-01 00:32:27 [INFO] nonebot | Event will be handled by Matcher(type='message', module=zhenxun.builtin_plugins.chat_history.chat_message, lineno=39)
03-01 00:32:27 [INFO] nonebot | Matcher(type='message', module=zhenxun.builtin_plugins.chat_history.chat_message, lineno=39) running complete
03-01 00:32:28 [SUCCESS] nonebot | OneBot V11 3042447114 | [message.group.normal]: Message 1086947697 from 2806722954@[群:245810894] '活不下去一点，两下就给我干没了'
03-01 00:32:28 [INFO] nonebot | Event will be handled by Matcher(type='message', module=zhenxun.builtin_plugins.chat_history.chat_message, lineno=39)
03-01 00:32:28 [INFO] nonebot | Matcher(type='message', module=zhenxun.builtin_plugins.chat_history.chat_message, lineno=39) running complete
03-01 00:32:30 [SUCCESS] nonebot | OneBot V11 3042447114 | [message.group.normal]: Message 217052424 from 2806722954@[群:245810894] '[image:summary=[动画表情],file=2DBFEF7B033737EEA0C0B3A0E7EDCAC9.jpg,sub_type=1,url=https://multimedia.nt.qq.com.cn/download?appid=1407&fileid=EhQgueZ8...,file_size=39196]'
03-01 00:32:30 [INFO] nonebot | Event will be handled by Matcher(type='message', module=zhenxun.builtin_plugins.chat_history.chat_message, lineno=39)
03-01 00:32:30 [INFO] nonebot | Matcher(type='message', module=zhenxun.builtin_plugins.chat_history.chat_message, lineno=39) running complete
03-01 00:32:34 [SUCCESS] nonebot | OneBot V11 3042447114 | [message.group.normal]: Message 1791117123 from 819922802@[群:645741432] '歪不歪是不管的'
03-01 00:32:34 [INFO] nonebot | Event will be handled by Matcher(type='message', module=zhenxun.builtin_plugins.chat_history.chat_message, lineno=39)
03-01 00:32:34 [INFO] nonebot | Matcher(type='message', module=zhenxun.builtin_plugins.chat_history.chat_message, lineno=39) running complete
03-01 00:32:38 [SUCCESS] nonebot | OneBot V11 3042447114 | [message.group.normal]: Message 1316546497 from 819922802@[群:645741432] '[image:summary=[动画表情],file=3E30EE63FD9DB8C811B3D4B6C6A5783A.jpg,sub_type=1,url=https://multimedia.nt.qq.com.cn/download?appid=1407&fileid=EhR6HFoO...,file_size=9711]'
03-01 00:32:38 [INFO] nonebot | Event will be handled by Matcher(type='message', module=zhenxun.builtin_plugins.chat_history.chat_message, lineno=39)
03-01 00:32:38 [INFO] nonebot | Matcher(type='message', module=zhenxun.builtin_plugins.chat_history.chat_message, lineno=39) running complete
03-01 00:32:42 [SUCCESS] nonebot | OneBot V11 3042447114 | [message.group.normal]: Message 40550764 from 350640529@[群:645741432] '懒得看反正，'
03-01 00:32:42 [INFO] nonebot | Event will be handled by Matcher(type='message', module=zhenxun.builtin_plugins.chat_history.chat_message, lineno=39)
03-01 00:32:42 [INFO] nonebot | Matcher(type='message', module=zhenxun.builtin_plugins.chat_history.chat_message, lineno=39) running complete
03-01 00:32:48 [SUCCESS] nonebot | OneBot V11 3042447114 | [message.group.normal]: Message 388113591 from 350640529@[群:645741432] '有兴趣自己去看完事'
03-01 00:32:48 [INFO] nonebot | Event will be handled by Matcher(type='message', module=zhenxun.builtin_plugins.chat_history.chat_message, lineno=39)
03-01 00:32:48 [INFO] nonebot | Matcher(type='message', module=zhenxun.builtin_plugins.chat_history.chat_message, lineno=39) running complete
03-01 00:32:51 [SUCCESS] nonebot | OneBot V11 3042447114 | [message.group.normal]: Message 1966025585 from 2925522491@[群:392644938] '我刚下班回家'
03-01 00:32:51 [INFO] nonebot | Event will be handled by Matcher(type='message', module=zhenxun.builtin_plugins.chat_history.chat_message, lineno=39)
03-01 00:32:51 [INFO] nonebot | Matcher(type='message', module=zhenxun.builtin_plugins.chat_history.chat_message, lineno=39) running complete
03-01 00:32:56 [SUCCESS] nonebot | OneBot V11 3042447114 | [message.group.normal]: Message 1701177077 from 1973539608@[群:645741432] "出紫就是up你以为[face:id=277,raw={'faceIndex': 277, 'faceText': '/汪汪', 'faceType': 2, 'packId': None...]"
03-01 00:32:56 [INFO] nonebot | Event will be handled by Matcher(type='message', module=zhenxun.builtin_plugins.chat_history.chat_message, lineno=39)
03-01 00:32:56 [INFO] nonebot | Matcher(type='message', module=zhenxun.builtin_plugins.chat_history.chat_message, lineno=39) running complete
03-01 00:32:57 [SUCCESS] nonebot | OneBot V11 3042447114 | [message.group.normal]: Message 1466367987 from 2925522491@[群:392644938] "[face:id=5,raw={'faceIndex': 5, 'faceText': None, 'faceType': 1, 'packId': None, '...][face:id=5,raw={'faceIndex': 5, 'faceText': None, 'faceType': 1, 'packId': None, '...]"
03-01 00:32:57 [INFO] nonebot | Event will be handled by Matcher(type='message', module=zhenxun.builtin_plugins.chat_history.chat_message, lineno=39)
03-01 00:32:57 [INFO] nonebot | Matcher(type='message', module=zhenxun.builtin_plugins.chat_history.chat_message, lineno=39) running complete
03-01 00:33:07 [SUCCESS] nonebot | OneBot V11 3042447114 | [message.group.normal]: Message 1513475914 from 2804114334@[群:392644938] '[reply:id=109532766][at:qq=1106716289] ？'
03-01 00:33:07 [INFO] nonebot | Event will be handled by Matcher(type='message', module=zhenxun.builtin_plugins.chat_history.chat_message, lineno=39)
03-01 00:33:07 [INFO] nonebot | Matcher(type='message', module=zhenxun.builtin_plugins.chat_history.chat_message, lineno=39) running complete
03-01 00:33:10 [SUCCESS] nonebot | OneBot V11 3042447114 | [message.group.normal]: Message 1748836701 from 1772797842@[群:1032235226] '[image:summary=[动画表情],file=2CFBF75E39E1EB134E6857000AA141C7.jpg,sub_type=1,url=https://multimedia.nt.qq.com.cn/download?appid=1407&fileid=EhSjNQFM...,file_size=11182]'
03-01 00:33:10 [INFO] nonebot | Event will be handled by Matcher(type='message', module=zhenxun.builtin_plugins.chat_history.chat_message, lineno=39)
03-01 00:33:10 [INFO] nonebot | Matcher(type='message', module=zhenxun.builtin_plugins.chat_history.chat_message, lineno=39) running complete
03-01 00:33:15 [SUCCESS] nonebot | OneBot V11 3042447114 | [notice.notify.poke]: {'time': 1740760395, 'self_id': 3042447114, 'post_type': 'notice', 'notice_type': 'notify', 'sub_type': 'poke', 'user_id': 1141538825, 'group_id': 1032235226, 'target_id': 1772797842, 'raw_info': [{'col': '1', 'nm': '', 'type': 'qq', 'uid': 'u_2LjntGleBV8hm4b4d6BxYQ'}, {'jp': 'https://zb.vip.qq.com/v2/pages/nudgeMall?_wv=2&actionId=10', 'src': 'http://tianquan.gtimg.cn/nudgeaction/item/10/expression.jpg', 'type': 'img'}, {'txt': '踢了踢', 'type': 'nor'}, {'col': '1', 'nm': '', 'tp': '0', 'type': 'qq', 'uid': 'u_6zvOF0MRmdkLMWknU_EBLA'}, {'txt': '的破碗，滚一边要饭去', 'type': 'nor'}]}
03-01 00:33:15 [INFO] nonebot | Event will be handled by Matcher(type='notice', module=zhenxun.plugins.zhenxun_plugin_draw_painting, lineno=61)
03-01 00:33:15 [INFO] nonebot | Event will be handled by Matcher(type='notice', module=zhenxun.plugins.zhenxun_plugin_draw_painting, lineno=62)
03-01 00:33:15 [INFO] nonebot | Event will be handled by Matcher(type='notice', module=zhenxun.plugins.monitor, lineno=18)
03-01 00:33:15 [INFO] nonebot | Event will be handled by Matcher(type='notice', module=zhenxun.plugins.monitor, lineno=19)
03-01 00:33:15 [INFO] nonebot | Event will be handled by Matcher(type='notice', module=zhenxun.plugins.monitor, lineno=20)
03-01 00:33:16 [INFO] nonebot | Matcher(type='notice', module=zhenxun.plugins.monitor, lineno=19) running complete
03-01 00:33:16 [INFO] nonebot | Matcher(type='notice', module=zhenxun.plugins.monitor, lineno=18) running complete
03-01 00:33:16 [INFO] nonebot | Matcher(type='notice', module=zhenxun.plugins.monitor, lineno=20) running complete
03-01 00:33:16 [INFO] nonebot | Matcher(type='notice', module=zhenxun.plugins.zhenxun_plugin_draw_painting, lineno=61) running complete
03-01 00:33:16 [INFO] nonebot | Matcher(type='notice', module=zhenxun.plugins.zhenxun_plugin_draw_painting, lineno=62) running is cancelled
03-01 00:33:18 [SUCCESS] nonebot | OneBot V11 3042447114 | [message.group.normal]: Message 867019836 from 819922802@[群:645741432] '[image:summary=[动画表情],file=D129B0F64480B6BEF496947250BA06F8.jpg,sub_type=1,url=https://multimedia.nt.qq.com.cn/download?appid=1407&fileid=EhQ9nrt3...,file_size=12560]'
03-01 00:33:18 [INFO] nonebot | Event will be handled by Matcher(type='message', module=zhenxun.builtin_plugins.chat_history.chat_message, lineno=39)
03-01 00:33:18 [INFO] nonebot | Matcher(type='message', module=zhenxun.builtin_plugins.chat_history.chat_message, lineno=39) running complete
03-01 00:33:23 [SUCCESS] nonebot | OneBot V11 3042447114 | [message.group.normal]: Message 185697760 from 819922802@[群:645741432] '[image:summary=[动画表情],file=C2C1BBA9C3739DB001EFA95E3CFFFD5A.jpg,sub_type=1,url=https://multimedia.nt.qq.com.cn/download?appid=1407&fileid=EhR8g-tI...,file_size=40299]'
03-01 00:33:23 [INFO] nonebot | Event will be handled by Matcher(type='message', module=zhenxun.builtin_plugins.chat_history.chat_message, lineno=39)
03-01 00:33:23 [INFO] nonebot | Matcher(type='message', module=zhenxun.builtin_plugins.chat_history.chat_message, lineno=39) running complete
03-01 00:33:32 [SUCCESS] nonebot | OneBot V11 3042447114 | [message.group.normal]: Message 755046611 from 1433290406@[群:475899384] '这就是基础1.5%没概率叠加的抽卡[image:summary=,file=17C3B228C9D514165594E34BB640F3F8.jpg,sub_type=0,url=https://multimedia.nt.qq.com.cn/download?appid=1407&fileid=EhR1YKnV...,file_size=1589114]'
03-01 00:33:32 [INFO] nonebot | Event will be handled by Matcher(type='message', module=zhenxun.builtin_plugins.chat_history.chat_message, lineno=39)
03-01 00:33:32 [INFO] nonebot | Matcher(type='message', module=zhenxun.builtin_plugins.chat_history.chat_message, lineno=39) running complete
03-01 00:33:34 [SUCCESS] nonebot | OneBot V11 3042447114 | [message.group.normal]: Message 106304174 from 819922802@[群:645741432] '坐等6号[at:qq=1973539608] 退出了群聊！'
03-01 00:33:34 [INFO] nonebot | Event will be handled by Matcher(type='message', module=zhenxun.builtin_plugins.chat_history.chat_message, lineno=39)
03-01 00:33:34 [INFO] nonebot | Matcher(type='message', module=zhenxun.builtin_plugins.chat_history.chat_message, lineno=39) running complete
03-01 00:33:41 [SUCCESS] nonebot | OneBot V11 3042447114 | [message.group.normal]: Message 1168601039 from 819922802@[群:645741432] '[image:summary=[动画表情],file=B3486041DBAD3DBA23EB13F95E7B5539.jpg,sub_type=1,url=https://multimedia.nt.qq.com.cn/download?appid=1407&fileid=EhRc0DWX...,file_size=29220]'
03-01 00:33:41 [INFO] nonebot | Event will be handled by Matcher(type='message', module=zhenxun.builtin_plugins.chat_history.chat_message, lineno=39)
03-01 00:33:41 [INFO] nonebot | Matcher(type='message', module=zhenxun.builtin_plugins.chat_history.chat_message, lineno=39) running complete
03-01 00:33:54 [SUCCESS] nonebot | OneBot V11 3042447114 | [message.group.normal]: Message 1275697903 from 1280558709@[群:645741432] '莫甘娜这个加强这么变态吗'
03-01 00:33:54 [INFO] nonebot | Event will be handled by Matcher(type='message', module=zhenxun.builtin_plugins.chat_history.chat_message, lineno=39)
03-01 00:33:54 [INFO] nonebot | Matcher(type='message', module=zhenxun.builtin_plugins.chat_history.chat_message, lineno=39) running complete
03-01 00:33:58 [SUCCESS] nonebot | OneBot V11 3042447114 | [message.group.normal]: Message 1451739458 from 1973539608@[群:645741432] "[face:id=277,raw={'faceIndex': 277, 'faceText': '/汪汪', 'faceType': 2, 'packId': None...]想屁吃捏"
03-01 00:33:58 [INFO] nonebot | Event will be handled by Matcher(type='message', module=zhenxun.builtin_plugins.chat_history.chat_message, lineno=39)
03-01 00:33:58 [INFO] nonebot | Matcher(type='message', module=zhenxun.builtin_plugins.chat_history.chat_message, lineno=39) running complete
03-01 00:34:09 [SUCCESS] nonebot | OneBot V11 3042447114 | [message.group.normal]: Message 1609759456 from 1280558709@[群:645741432] "体系队高达2500倍率[face:id=277,raw={'faceIndex': 277, 'faceText': '/汪汪', 'faceType': 2, 'packId': None...]"
03-01 00:34:09 [INFO] nonebot | Event will be handled by Matcher(type='message', module=zhenxun.builtin_plugins.chat_history.chat_message, lineno=39)
03-01 00:34:09 [INFO] nonebot | Matcher(type='message', module=zhenxun.builtin_plugins.chat_history.chat_message, lineno=39) running complete
03-01 00:34:10 [SUCCESS] nonebot | OneBot V11 3042447114 | [message.group.normal]: Message 719830739 from 2425490754@[群:645741432] '只能说幽默加强'
03-01 00:34:10 [INFO] nonebot | Event will be handled by Matcher(type='message', module=zhenxun.builtin_plugins.chat_history.chat_message, lineno=39)
03-01 00:34:10 [INFO] nonebot | Matcher(type='message', module=zhenxun.builtin_plugins.chat_history.chat_message, lineno=39) running complete
03-01 00:34:22 [SUCCESS] nonebot | OneBot V11 3042447114 | [message.group.normal]: Message 1808577091 from 1280558709@[群:645741432] '问题来了，她是个后排'
03-01 00:34:22 [INFO] nonebot | Event will be handled by Matcher(type='message', module=zhenxun.builtin_plugins.chat_history.chat_message, lineno=39)
03-01 00:34:22 [INFO] nonebot | Matcher(type='message', module=zhenxun.builtin_plugins.chat_history.chat_message, lineno=39) running complete
03-01 00:34:26 [SUCCESS] nonebot | OneBot V11 3042447114 | [message.group.normal]: Message 805121470 from 1973539608@[群:645741432] '[at:qq=819922802] 我就没试过300出0出1的'
03-01 00:34:26 [INFO] nonebot | Event will be handled by Matcher(type='message', module=zhenxun.builtin_plugins.chat_history.chat_message, lineno=39)
03-01 00:34:26 [INFO] nonebot | Matcher(type='message', module=zhenxun.builtin_plugins.chat_history.chat_message, lineno=39) running complete
03-01 00:34:39 [SUCCESS] nonebot | OneBot V11 3042447114 | [message.group.normal]: Message 99814683 from 1280558709@[群:645741432] '恐怖体系里那个法师也是后排吧'
03-01 00:34:39 [INFO] nonebot | Event will be handled by Matcher(type='message', module=zhenxun.builtin_plugins.chat_history.chat_message, lineno=39)
03-01 00:34:39 [INFO] nonebot | Matcher(type='message', module=zhenxun.builtin_plugins.chat_history.chat_message, lineno=39) running complete
03-01 00:34:41 [SUCCESS] nonebot | OneBot V11 3042447114 | [message.group.normal]: Message 584406597 from 1280558709@[群:645741432] '😂'
03-01 00:34:41 [INFO] nonebot | Event will be handled by Matcher(type='message', module=zhenxun.builtin_plugins.chat_history.chat_message, lineno=39)
03-01 00:34:41 [INFO] nonebot | Matcher(type='message', module=zhenxun.builtin_plugins.chat_history.chat_message, lineno=39) running complete
03-01 00:34:41 [SUCCESS] nonebot | OneBot V11 3042447114 | [message.group.normal]: Message 1276321444 from 1973539608@[群:645741432] "[face:id=277,raw={'faceIndex': 277, 'faceText': '/汪汪', 'faceType': 2, 'packId': None...]老子这个号夏娃300抽现在都朽3了"
03-01 00:34:41 [INFO] nonebot | Event will be handled by Matcher(type='message', module=zhenxun.builtin_plugins.chat_history.chat_message, lineno=39)
03-01 00:34:41 [INFO] nonebot | Matcher(type='message', module=zhenxun.builtin_plugins.chat_history.chat_message, lineno=39) running complete
03-01 00:34:45 [SUCCESS] nonebot | OneBot V11 3042447114 | [message.group.normal]: Message 713095636 from 819922802@[群:645741432] '马上就能试试了'
03-01 00:34:45 [INFO] nonebot | Event will be handled by Matcher(type='message', module=zhenxun.builtin_plugins.chat_history.chat_message, lineno=39)
03-01 00:34:45 [INFO] nonebot | Matcher(type='message', module=zhenxun.builtin_plugins.chat_history.chat_message, lineno=39) running complete
03-01 00:34:48 [SUCCESS] nonebot | OneBot V11 3042447114 | [message.group.normal]: Message 325791532 from 819922802@[群:645741432] '[image:summary=[动画表情],file=066190D2A4FAC12304A4CA83C3241ED4.jpg,sub_type=1,url=https://multimedia.nt.qq.com.cn/download?appid=1407&fileid=EhQ5jvyt...,file_size=36457]'
03-01 00:34:48 [INFO] nonebot | Event will be handled by Matcher(type='message', module=zhenxun.builtin_plugins.chat_history.chat_message, lineno=39)
03-01 00:34:48 [INFO] nonebot | Matcher(type='message', module=zhenxun.builtin_plugins.chat_history.chat_message, lineno=39) running complete
03-01 00:34:48 [SUCCESS] nonebot | OneBot V11 3042447114 | [message.group.normal]: Message 53614936 from 156008544@[群:645741432] '还有恐怖宠物呢'
03-01 00:34:48 [INFO] nonebot | Event will be handled by Matcher(type='message', module=zhenxun.builtin_plugins.chat_history.chat_message, lineno=39)
03-01 00:34:48 [INFO] nonebot | Matcher(type='message', module=zhenxun.builtin_plugins.chat_history.chat_message, lineno=39) running complete
03-01 00:34:51 [SUCCESS] nonebot | OneBot V11 3042447114 | [message.group.normal]: Message 1101593287 from 1973539608@[群:645741432] '天胡号'
03-01 00:34:51 [INFO] nonebot | Event will be handled by Matcher(type='message', module=zhenxun.builtin_plugins.chat_history.chat_message, lineno=39)
03-01 00:34:51 [INFO] nonebot | Matcher(type='message', module=zhenxun.builtin_plugins.chat_history.chat_message, lineno=39) running complete
03-01 00:34:53 [SUCCESS] nonebot | OneBot V11 3042447114 | [message.group.normal]: Message 1724363647 from 3429175491@[群:245810894] '确实很难活'
03-01 00:34:53 [INFO] nonebot | Event will be handled by Matcher(type='message', module=zhenxun.builtin_plugins.chat_history.chat_message, lineno=39)
03-01 00:34:53 [INFO] nonebot | Matcher(type='message', module=zhenxun.builtin_plugins.chat_history.chat_message, lineno=39) running complete
03-01 00:34:59 [SUCCESS] nonebot | OneBot V11 3042447114 | [message.group.normal]: Message 1811651064 from 2857899247@[群:245810894] '[at:qq=3429175491]'
03-01 00:34:59 [INFO] nonebot | Event will be handled by Matcher(type='message', module=zhenxun.builtin_plugins.chat_history.chat_message, lineno=39)
03-01 00:34:59 [INFO] nonebot | Matcher(type='message', module=zhenxun.builtin_plugins.chat_history.chat_message, lineno=39) running complete
03-01 00:34:59 [SUCCESS] nonebot | OneBot V11 3042447114 | [message.group.normal]: Message 450076558 from 2425490754@[群:645741432] '很好'
03-01 00:34:59 [INFO] nonebot | Event will be handled by Matcher(type='message', module=zhenxun.builtin_plugins.chat_history.chat_message, lineno=39)
03-01 00:34:59 [INFO] nonebot | Matcher(type='message', module=zhenxun.builtin_plugins.chat_history.chat_message, lineno=39) running complete
03-01 00:35:02 [SUCCESS] nonebot | OneBot V11 3042447114 | [message.group.normal]: Message 52064152 from 2425490754@[群:645741432] '给我'
03-01 00:35:02 [INFO] nonebot | Event will be handled by Matcher(type='message', module=zhenxun.builtin_plugins.chat_history.chat_message, lineno=39)
03-01 00:35:03 [INFO] nonebot | Matcher(type='message', module=zhenxun.builtin_plugins.chat_history.chat_message, lineno=39) running complete
03-01 00:35:04 [SUCCESS] nonebot | OneBot V11 3042447114 | [message.group.normal]: Message 790337915 from 1070795601@[群:245810894] '[at:qq=3429175491]'
03-01 00:35:04 [INFO] nonebot | Event will be handled by Matcher(type='message', module=zhenxun.builtin_plugins.chat_history.chat_message, lineno=39)
03-01 00:35:04 [INFO] nonebot | Matcher(type='message', module=zhenxun.builtin_plugins.chat_history.chat_message, lineno=39) running complete
03-01 00:35:05 [SUCCESS] nonebot | OneBot V11 3042447114 | [message.group.normal]: Message 1911189733 from 2223092771@[群:645741432] '[image:summary=,file=9A18E878F63547AE26A7CA1712D731BD.jpg,sub_type=0,url=https://multimedia.nt.qq.com.cn/download?appid=1407&fileid=EhSM8lPn...,file_size=155201]'
03-01 00:35:05 [INFO] nonebot | Event will be handled by Matcher(type='message', module=zhenxun.builtin_plugins.chat_history.chat_message, lineno=39)
03-01 00:35:05 [INFO] nonebot | Matcher(type='message', module=zhenxun.builtin_plugins.chat_history.chat_message, lineno=39) running complete
03-01 00:35:06 [SUCCESS] nonebot | OneBot V11 3042447114 | [message.group.normal]: Message 1719332968 from 1280558709@[群:645741432] '恐怖宠物不可控啊😂'
03-01 00:35:06 [INFO] nonebot | Event will be handled by Matcher(type='message', module=zhenxun.builtin_plugins.chat_history.chat_message, lineno=39)
03-01 00:35:06 [INFO] nonebot | Matcher(type='message', module=zhenxun.builtin_plugins.chat_history.chat_message, lineno=39) running complete
03-01 00:35:07 [SUCCESS] nonebot | OneBot V11 3042447114 | [message.group.normal]: Message 1122433783 from 2223092771@[群:645741432] '已老实'
03-01 00:35:07 [INFO] nonebot | Event will be handled by Matcher(type='message', module=zhenxun.builtin_plugins.chat_history.chat_message, lineno=39)
03-01 00:35:07 [INFO] nonebot | Matcher(type='message', module=zhenxun.builtin_plugins.chat_history.chat_message, lineno=39) running complete
03-01 00:35:08 [SUCCESS] nonebot | OneBot V11 3042447114 | [message.group.normal]: Message 1571430068 from 3400230647@[群:392644938] '7小时就打完了'
03-01 00:35:08 [INFO] nonebot | Event will be handled by Matcher(type='message', module=zhenxun.builtin_plugins.chat_history.chat_message, lineno=39)
03-01 00:35:08 [INFO] nonebot | Matcher(type='message', module=zhenxun.builtin_plugins.chat_history.chat_message, lineno=39) running complete
03-01 00:35:09 [SUCCESS] nonebot | OneBot V11 3042447114 | [message.group.normal]: Message 1416381196 from 595350746@[群:550150804] '你再想想'
03-01 00:35:09 [INFO] nonebot | Event will be handled by Matcher(type='message', module=zhenxun.builtin_plugins.chat_history.chat_message, lineno=39)
03-01 00:35:09 [INFO] nonebot | Matcher(type='message', module=zhenxun.builtin_plugins.chat_history.chat_message, lineno=39) running complete
03-01 00:35:11 [SUCCESS] nonebot | OneBot V11 3042447114 | [message.group.normal]: Message 715826790 from 3429175491@[群:245810894] '[at:qq=2857899247] 草死你'
03-01 00:35:11 [INFO] nonebot | Event will be handled by Matcher(type='message', module=zhenxun.builtin_plugins.chat_history.chat_message, lineno=39)
03-01 00:35:11 [INFO] nonebot | Matcher(type='message', module=zhenxun.builtin_plugins.chat_history.chat_message, lineno=39) running complete
03-01 00:35:13 [SUCCESS] nonebot | OneBot V11 3042447114 | [message.group.normal]: Message 1817281126 from 2857899247@[群:245810894] '（）（）（）（）'
03-01 00:35:13 [INFO] nonebot | Event will be handled by Matcher(type='message', module=zhenxun.builtin_plugins.chat_history.chat_message, lineno=39)
03-01 00:35:13 [INFO] nonebot | Matcher(type='message', module=zhenxun.builtin_plugins.chat_history.chat_message, lineno=39) running complete
03-01 00:35:15 [SUCCESS] nonebot | OneBot V11 3042447114 | [message.group.normal]: Message 2081391099 from 243206397@[群:864523321] '[image:summary=[动画表情],file=7FFB2EC35519DC8B61B03BD97314D014.jpg,sub_type=1,url=https://multimedia.nt.qq.com.cn/download?appid=1407&fileid=EhQ4nI8o...,file_size=38660]'
03-01 00:35:15 [INFO] nonebot | Event will be handled by Matcher(type='message', module=zhenxun.builtin_plugins.chat_history.chat_message, lineno=39)
03-01 00:35:15 [INFO] nonebot | Matcher(type='message', module=zhenxun.builtin_plugins.chat_history.chat_message, lineno=39) running complete
03-01 00:35:16 [SUCCESS] nonebot | OneBot V11 3042447114 | [message.group.normal]: Message 585823503 from 2223092771@[群:645741432] '解不动'
03-01 00:35:16 [INFO] nonebot | Event will be handled by Matcher(type='message', module=zhenxun.builtin_plugins.chat_history.chat_message, lineno=39)
03-01 00:35:16 [INFO] nonebot | Matcher(type='message', module=zhenxun.builtin_plugins.chat_history.chat_message, lineno=39) running complete
03-01 00:35:18 [SUCCESS] nonebot | OneBot V11 3042447114 | [message.group.normal]: Message 1519882191 from 2223092771@[群:645741432] '[image:summary=[动画表情],file=B803C6C0BE6CC6B068248B0D267A61C3.jpg,sub_type=1,url=https://multimedia.nt.qq.com.cn/download?appid=1407&fileid=EhQFPD-Y...,file_size=220959]'
03-01 00:35:18 [INFO] nonebot | Event will be handled by Matcher(type='message', module=zhenxun.builtin_plugins.chat_history.chat_message, lineno=39)
03-01 00:35:18 [INFO] nonebot | Matcher(type='message', module=zhenxun.builtin_plugins.chat_history.chat_message, lineno=39) running complete
03-01 00:35:20 [SUCCESS] nonebot | OneBot V11 3042447114 | [message.group.normal]: Message 517286289 from 1280558709@[群:645741432] '卡自己Cda'
03-01 00:35:20 [INFO] nonebot | Event will be handled by Matcher(type='message', module=zhenxun.builtin_plugins.chat_history.chat_message, lineno=39)
03-01 00:35:20 [INFO] nonebot | Matcher(type='message', module=zhenxun.builtin_plugins.chat_history.chat_message, lineno=39) running complete
03-01 00:35:20 [SUCCESS] nonebot | OneBot V11 3042447114 | [message.group.normal]: Message 1898978148 from 3400230647@[群:392644938] '这代下位主线简单的一逼'
03-01 00:35:20 [INFO] nonebot | Event will be handled by Matcher(type='message', module=zhenxun.builtin_plugins.chat_history.chat_message, lineno=39)
03-01 00:35:20 [INFO] nonebot | Matcher(type='message', module=zhenxun.builtin_plugins.chat_history.chat_message, lineno=39) running complete
03-01 00:35:20 [SUCCESS] nonebot | OneBot V11 3042447114 | [message.group.normal]: Message 2003721478 from 156008544@[群:645741432] '黑法 我没养\n不知道技能CD是多久'
03-01 00:35:20 [INFO] nonebot | Event will be handled by Matcher(type='message', module=zhenxun.builtin_plugins.chat_history.chat_message, lineno=39)
03-01 00:35:20 [INFO] nonebot | Matcher(type='message', module=zhenxun.builtin_plugins.chat_history.chat_message, lineno=39) running complete
03-01 00:35:23 [SUCCESS] nonebot | OneBot V11 3042447114 | [message.group.normal]: Message 427055050 from 3400230647@[群:392644938] '[image:summary=[动画表情],file=B59700B7516DFC28A91A3D8A19A6B95F.jpg,sub_type=1,url=https://multimedia.nt.qq.com.cn/download?appid=1407&fileid=EhTweArf...,file_size=49159]'
03-01 00:35:23 [INFO] nonebot | Event will be handled by Matcher(type='message', module=zhenxun.builtin_plugins.chat_history.chat_message, lineno=39)
03-01 00:35:23 [INFO] nonebot | Matcher(type='message', module=zhenxun.builtin_plugins.chat_history.chat_message, lineno=39) running complete
03-01 00:35:38 [SUCCESS] nonebot | OneBot V11 3042447114 | [message.group.normal]: Message 12144874 from 3400230647@[群:392644938] '一个怪平均3分钟就死了'
03-01 00:35:38 [INFO] nonebot | Event will be handled by Matcher(type='message', module=zhenxun.builtin_plugins.chat_history.chat_message, lineno=39)
03-01 00:35:38 [INFO] nonebot | Matcher(type='message', module=zhenxun.builtin_plugins.chat_history.chat_message, lineno=39) running complete
03-01 00:35:52 [SUCCESS] nonebot | OneBot V11 3042447114 | [message.group.normal]: Message 2047396318 from 350640529@[群:645741432] '没有拜斯导致的'
03-01 00:35:52 [INFO] nonebot | Event will be handled by Matcher(type='message', module=zhenxun.builtin_plugins.chat_history.chat_message, lineno=39)
03-01 00:35:52 [INFO] nonebot | Matcher(type='message', module=zhenxun.builtin_plugins.chat_history.chat_message, lineno=39) running complete
03-01 00:35:54 [SUCCESS] nonebot | OneBot V11 3042447114 | [message.group.normal]: Message 1142627718 from 3400230647@[群:392644938] '除了冻峰和那几个护龙'
03-01 00:35:54 [INFO] nonebot | Event will be handled by Matcher(type='message', module=zhenxun.builtin_plugins.chat_history.chat_message, lineno=39)
03-01 00:35:54 [INFO] nonebot | Matcher(type='message', module=zhenxun.builtin_plugins.chat_history.chat_message, lineno=39) running complete
03-01 00:35:56 [SUCCESS] nonebot | OneBot V11 3042447114 | [message.group.normal]: Message 866951001 from 1280558709@[群:645741432] "莫甘娜未来可期[face:id=277,raw={'faceIndex': 277, 'faceText': '/汪汪', 'faceType': 2, 'packId': None...]"
03-01 00:35:56 [INFO] nonebot | Event will be handled by Matcher(type='message', module=zhenxun.builtin_plugins.chat_history.chat_message, lineno=39)
03-01 00:35:56 [INFO] nonebot | Matcher(type='message', module=zhenxun.builtin_plugins.chat_history.chat_message, lineno=39) running complete
03-01 00:35:59 [SUCCESS] nonebot | OneBot V11 3042447114 | [message.group.normal]: Message 2007511954 from 156008544@[群:645741432] '[image:summary=,file={20DDAE0C-B5B1-6EA1-30FE-F90CC329A3F9}.png,sub_type=0,url=https://gchat.qpic.cn/gchatpic_new/0/0-0-20DDAE0CB5B16EA130FEF90CC3...,file_size=97452][image:summary=,file={8C5D77DA-84D5-CA68-F556-BE7A9E1E0D93}.png,sub_type=0,url=https://gchat.qpic.cn/gchatpic_new/0/0-0-8C5D77DA84D5CA68F556BE7A9E...,file_size=111680]'
03-01 00:35:59 [INFO] nonebot | Event will be handled by Matcher(type='message', module=zhenxun.builtin_plugins.chat_history.chat_message, lineno=39)
03-01 00:35:59 [INFO] nonebot | Matcher(type='message', module=zhenxun.builtin_plugins.chat_history.chat_message, lineno=39) running complete
03-01 00:36:00 [SUCCESS] nonebot | OneBot V11 3042447114 | [message.group.normal]: Message 1573675767 from 2223092771@[群:645741432] '[image:summary=,file=07FBBABA35D73F5618DE284145980CC2.jpg,sub_type=0,url=https://multimedia.nt.qq.com.cn/download?appid=1407&fileid=EhSe7nnM...,file_size=150585]'
03-01 00:36:00 [INFO] nonebot | Event will be handled by Matcher(type='message', module=zhenxun.builtin_plugins.chat_history.chat_message, lineno=39)
03-01 00:36:00 [INFO] nonebot | Matcher(type='message', module=zhenxun.builtin_plugins.chat_history.chat_message, lineno=39) running complete
03-01 00:36:12 [SUCCESS] nonebot | OneBot V11 3042447114 | [message.group.normal]: Message 467716944 from 3400230647@[群:392644938] '血稍微厚点，但也是个菜逼'
03-01 00:36:12 [INFO] nonebot | Event will be handled by Matcher(type='message', module=zhenxun.builtin_plugins.chat_history.chat_message, lineno=39)
03-01 00:36:12 [INFO] nonebot | Matcher(type='message', module=zhenxun.builtin_plugins.chat_history.chat_message, lineno=39) running complete
03-01 00:36:18 [SUCCESS] nonebot | OneBot V11 3042447114 | [message.group.normal]: Message 1216947228 from 2223092771@[群:645741432] '戳一下对面梅菲才一半血'
03-01 00:36:18 [INFO] nonebot | Event will be handled by Matcher(type='message', module=zhenxun.builtin_plugins.chat_history.chat_message, lineno=39)
03-01 00:36:18 [INFO] nonebot | Matcher(type='message', module=zhenxun.builtin_plugins.chat_history.chat_message, lineno=39) running complete
03-01 00:36:19 [SUCCESS] nonebot | OneBot V11 3042447114 | [message.group.normal]: Message 1803012355 from 1619866764@[群:864523321] '[image:summary=,file=08B17EF6C79E59B7C55FB211352CC3A8.jpg,sub_type=0,url=https://multimedia.nt.qq.com.cn/download?appid=1407&fileid=EhSbkW8C...,file_size=124074]'
03-01 00:36:19 [INFO] nonebot | Event will be handled by Matcher(type='message', module=zhenxun.builtin_plugins.chat_history.chat_message, lineno=39)
03-01 00:36:19 [INFO] nonebot | Matcher(type='message', module=zhenxun.builtin_plugins.chat_history.chat_message, lineno=39) running complete
03-01 00:36:20 [SUCCESS] nonebot | OneBot V11 3042447114 | [message.group.normal]: Message 624534877 from 1619866764@[群:864523321] '[image:summary=,file=B8072158252086C98219F19944523509.jpg,sub_type=0,url=https://multimedia.nt.qq.com.cn/download?appid=1407&fileid=EhQ6TiUz...,file_size=178443]'
03-01 00:36:20 [INFO] nonebot | Event will be handled by Matcher(type='message', module=zhenxun.builtin_plugins.chat_history.chat_message, lineno=39)
03-01 00:36:20 [INFO] nonebot | Matcher(type='message', module=zhenxun.builtin_plugins.chat_history.chat_message, lineno=39) running complete
03-01 00:36:34 [SUCCESS] nonebot | OneBot V11 3042447114 | [message.group.normal]: Message 548592131 from 1619866764@[群:864523321] '为什么这个完了，还要缺的'
03-01 00:36:34 [INFO] nonebot | Event will be handled by Matcher(type='message', module=zhenxun.builtin_plugins.chat_history.chat_message, lineno=39)
03-01 00:36:34 [INFO] nonebot | Matcher(type='message', module=zhenxun.builtin_plugins.chat_history.chat_message, lineno=39) running complete
03-01 00:36:37 [SUCCESS] nonebot | OneBot V11 3042447114 | [message.group.normal]: Message 1546961425 from 1619866764@[群:864523321] "[face:id=173,raw={'faceIndex': 173, 'faceText': None, 'faceType': 1, 'packId': None,...]"
03-01 00:36:37 [INFO] nonebot | Event will be handled by Matcher(type='message', module=zhenxun.builtin_plugins.chat_history.chat_message, lineno=39)
03-01 00:36:37 [INFO] nonebot | Matcher(type='message', module=zhenxun.builtin_plugins.chat_history.chat_message, lineno=39) running complete
03-01 00:37:04 [SUCCESS] nonebot | OneBot V11 3042447114 | [message.group.normal]: Message 1448794968 from 2223092771@[群:645741432] '对面威里盾太厚了'
03-01 00:37:04 [INFO] nonebot | Event will be handled by Matcher(type='message', module=zhenxun.builtin_plugins.chat_history.chat_message, lineno=39)
03-01 00:37:04 [INFO] nonebot | Matcher(type='message', module=zhenxun.builtin_plugins.chat_history.chat_message, lineno=39) running complete
03-01 00:38:01 [SUCCESS] nonebot | OneBot V11 3042447114 | [message.group.normal]: Message 554930316 from 365103469@[群:645741432] '看看录像'
03-01 00:38:01 [INFO] nonebot | Event will be handled by Matcher(type='message', module=zhenxun.builtin_plugins.chat_history.chat_message, lineno=39)
03-01 00:38:01 [INFO] nonebot | Matcher(type='message', module=zhenxun.builtin_plugins.chat_history.chat_message, lineno=39) running complete
03-01 00:38:27 [SUCCESS] nonebot | OneBot V11 3042447114 | [notice.notify.poke]: {'time': 1740760707, 'self_id': 3042447114, 'post_type': 'notice', 'notice_type': 'notify', 'sub_type': 'poke', 'user_id': 2246241738, 'group_id': 864523321, 'target_id': 243206397, 'raw_info': [{'col': '1', 'nm': '', 'type': 'qq', 'uid': 'u_d555n21mf27zhiMkpK0kiA'}, {'jp': 'https://zb.vip.qq.com/v2/pages/nudgeMall?_wv=2&actionId=1', 'src': 'http://tianquan.gtimg.cn/nudgeaction/item/1/expression.jpg', 'type': 'img'}, {'txt': '拍了拍', 'type': 'nor'}, {'col': '1', 'nm': '', 'tp': '0', 'type': 'qq', 'uid': 'u_ku9bmMDJMH7rQ1dvqLaFAg'}, {'txt': '的肩膀：是不认识的人呢', 'type': 'nor'}]}
03-01 00:38:27 [INFO] nonebot | Event will be handled by Matcher(type='notice', module=zhenxun.plugins.zhenxun_plugin_draw_painting, lineno=61)
03-01 00:38:27 [INFO] nonebot | Event will be handled by Matcher(type='notice', module=zhenxun.plugins.zhenxun_plugin_draw_painting, lineno=62)
03-01 00:38:27 [INFO] nonebot | Event will be handled by Matcher(type='notice', module=zhenxun.plugins.monitor, lineno=18)
03-01 00:38:27 [INFO] nonebot | Event will be handled by Matcher(type='notice', module=zhenxun.plugins.monitor, lineno=19)
03-01 00:38:27 [INFO] nonebot | Event will be handled by Matcher(type='notice', module=zhenxun.plugins.monitor, lineno=20)
03-01 00:38:27 [INFO] nonebot | Matcher(type='notice', module=zhenxun.plugins.monitor, lineno=18) running complete
03-01 00:38:27 [INFO] nonebot | Matcher(type='notice', module=zhenxun.plugins.monitor, lineno=20) running complete
03-01 00:38:27 [INFO] nonebot | Matcher(type='notice', module=zhenxun.plugins.monitor, lineno=19) running complete
03-01 00:38:27 [INFO] nonebot | Matcher(type='notice', module=zhenxun.plugins.zhenxun_plugin_draw_painting, lineno=62) running complete
03-01 00:38:27 [INFO] nonebot | Matcher(type='notice', module=zhenxun.plugins.zhenxun_plugin_draw_painting, lineno=61) running is cancelled
03-01 00:38:31 [SUCCESS] nonebot | OneBot V11 3042447114 | [message.group.normal]: Message 1376263454 from 365103469@[群:645741432] '你真有本事 单C碰对面....'
03-01 00:38:31 [INFO] nonebot | Event will be handled by Matcher(type='message', module=zhenxun.builtin_plugins.chat_history.chat_message, lineno=39)
03-01 00:38:31 [INFO] nonebot | Matcher(type='message', module=zhenxun.builtin_plugins.chat_history.chat_message, lineno=39) running complete
03-01 00:38:42 [SUCCESS] nonebot | OneBot V11 3042447114 | [message.group.normal]: Message 1017449143 from 2804157088@[群:864523321] '[at:qq=1619866764] 活动有新图'
03-01 00:38:42 [INFO] nonebot | Event will be handled by Matcher(type='message', module=zhenxun.builtin_plugins.chat_history.chat_message, lineno=39)
03-01 00:38:42 [INFO] nonebot | Matcher(type='message', module=zhenxun.builtin_plugins.chat_history.chat_message, lineno=39) running complete
03-01 00:38:44 [SUCCESS] nonebot | OneBot V11 3042447114 | [message.group.normal]: Message 145082983 from 2804157088@[群:864523321] '还没开'
03-01 00:38:44 [INFO] nonebot | Event will be handled by Matcher(type='message', module=zhenxun.builtin_plugins.chat_history.chat_message, lineno=39)
03-01 00:38:44 [INFO] nonebot | Matcher(type='message', module=zhenxun.builtin_plugins.chat_history.chat_message, lineno=39) running complete
03-01 00:38:49 [SUCCESS] nonebot | OneBot V11 3042447114 | [notice.notify.poke]: {'time': 1740760729, 'self_id': 3042447114, 'post_type': 'notice', 'notice_type': 'notify', 'sub_type': 'poke', 'user_id': 2246241738, 'group_id': 864523321, 'target_id': 2804157088, 'raw_info': [{'col': '1', 'nm': '', 'type': 'qq', 'uid': 'u_d555n21mf27zhiMkpK0kiA'}, {'jp': 'https://zb.vip.qq.com/v2/pages/nudgeMall?_wv=2&actionId=1', 'src': 'http://tianquan.gtimg.cn/nudgeaction/item/1/expression.jpg', 'type': 'img'}, {'txt': '拍了拍', 'type': 'nor'}, {'col': '1', 'nm': '', 'tp': '0', 'type': 'qq', 'uid': 'u_jIdhn9aCbmHfHuPR4gXhGQ'}, {'txt': '的牛子，然后一口含嘴里', 'type': 'nor'}]}
03-01 00:38:49 [INFO] nonebot | Event will be handled by Matcher(type='notice', module=zhenxun.plugins.zhenxun_plugin_draw_painting, lineno=61)
03-01 00:38:49 [INFO] nonebot | Event will be handled by Matcher(type='notice', module=zhenxun.plugins.zhenxun_plugin_draw_painting, lineno=62)
03-01 00:38:49 [INFO] nonebot | Event will be handled by Matcher(type='notice', module=zhenxun.plugins.monitor, lineno=18)
03-01 00:38:49 [INFO] nonebot | Event will be handled by Matcher(type='notice', module=zhenxun.plugins.monitor, lineno=19)
03-01 00:38:49 [INFO] nonebot | Event will be handled by Matcher(type='notice', module=zhenxun.plugins.monitor, lineno=20)
03-01 00:38:49 [INFO] nonebot | Matcher(type='notice', module=zhenxun.plugins.monitor, lineno=20) running complete
03-01 00:38:49 [INFO] nonebot | Matcher(type='notice', module=zhenxun.plugins.monitor, lineno=19) running complete
03-01 00:38:49 [INFO] nonebot | Matcher(type='notice', module=zhenxun.plugins.monitor, lineno=18) running complete
03-01 00:38:49 [INFO] nonebot | Matcher(type='notice', module=zhenxun.plugins.zhenxun_plugin_draw_painting, lineno=62) running complete
03-01 00:38:49 [INFO] nonebot | Matcher(type='notice', module=zhenxun.plugins.zhenxun_plugin_draw_painting, lineno=61) running complete
03-01 00:38:50 [SUCCESS] nonebot | OneBot V11 3042447114 | [message.group.normal]: Message 1860975216 from 2804157088@[群:864523321] '四天后'
03-01 00:38:50 [INFO] nonebot | Event will be handled by Matcher(type='message', module=zhenxun.builtin_plugins.chat_history.chat_message, lineno=39)
03-01 00:38:50 [INFO] nonebot | Matcher(type='message', module=zhenxun.builtin_plugins.chat_history.chat_message, lineno=39) running complete
03-01 00:38:51 [SUCCESS] nonebot | OneBot V11 3042447114 | [notice.notify.poke]: {'time': 1740760731, 'self_id': 3042447114, 'post_type': 'notice', 'notice_type': 'notify', 'sub_type': 'poke', 'user_id': 2246241738, 'group_id': 864523321, 'target_id': 1619866764, 'raw_info': [{'col': '1', 'nm': '', 'type': 'qq', 'uid': 'u_d555n21mf27zhiMkpK0kiA'}, {'jp': 'https://zb.vip.qq.com/v2/pages/nudgeMall?_wv=2&actionId=0', 'src': 'http://tianquan.gtimg.cn/nudgeaction/item/0/expression.jpg', 'type': 'img'}, {'txt': '戳了戳', 'type': 'nor'}, {'col': '1', 'nm': '', 'tp': '0', 'type': 'qq', 'uid': 'u_AWWokE77YWyg7x__iKED1g'}, {'txt': '', 'type': 'nor'}]}
03-01 00:38:51 [INFO] nonebot | Event will be handled by Matcher(type='notice', module=zhenxun.plugins.zhenxun_plugin_draw_painting, lineno=61)
03-01 00:38:51 [INFO] nonebot | Event will be handled by Matcher(type='notice', module=zhenxun.plugins.zhenxun_plugin_draw_painting, lineno=62)
03-01 00:38:51 [INFO] nonebot | Event will be handled by Matcher(type='notice', module=zhenxun.plugins.monitor, lineno=18)
03-01 00:38:51 [INFO] nonebot | Event will be handled by Matcher(type='notice', module=zhenxun.plugins.monitor, lineno=19)
03-01 00:38:51 [INFO] nonebot | Event will be handled by Matcher(type='notice', module=zhenxun.plugins.monitor, lineno=20)
03-01 00:38:51 [INFO] nonebot | Matcher(type='notice', module=zhenxun.plugins.monitor, lineno=20) running complete
03-01 00:38:51 [INFO] nonebot | Matcher(type='notice', module=zhenxun.plugins.monitor, lineno=18) running complete
03-01 00:38:51 [INFO] nonebot | Matcher(type='notice', module=zhenxun.plugins.monitor, lineno=19) running complete
03-01 00:38:51 [INFO] nonebot | Matcher(type='notice', module=zhenxun.plugins.zhenxun_plugin_draw_painting, lineno=61) running is cancelled
03-01 00:38:51 [INFO] nonebot | Matcher(type='notice', module=zhenxun.plugins.zhenxun_plugin_draw_painting, lineno=62) running complete
03-01 00:39:08 [SUCCESS] nonebot | OneBot V11 3042447114 | [message.group.normal]: Message 268673990 from 2246241738@[群:864523321] '剪短你的牛牛'
03-01 00:39:08 [INFO] nonebot | Event will be handled by Matcher(type='message', module=zhenxun.builtin_plugins.chat_history.chat_message, lineno=39)
03-01 00:39:08 [INFO] nonebot | Matcher(type='message', module=zhenxun.builtin_plugins.chat_history.chat_message, lineno=39) running complete
03-01 00:39:20 [SUCCESS] nonebot | OneBot V11 3042447114 | [message.group.normal]: Message 154556164 from 3414580087@[群:645741432] '[image:summary=[动画表情],file=AAED5E4C0285E788AEB061FCA8C53DBD.png,sub_type=1,url=https://multimedia.nt.qq.com.cn/download?appid=1407&fileid=EhQlyd6T...,file_size=3595]'
03-01 00:39:20 [INFO] nonebot | Event will be handled by Matcher(type='message', module=zhenxun.builtin_plugins.chat_history.chat_message, lineno=39)
03-01 00:39:20 [INFO] nonebot | Matcher(type='message', module=zhenxun.builtin_plugins.chat_history.chat_message, lineno=39) running complete
03-01 00:39:33 [SUCCESS] nonebot | OneBot V11 3042447114 | [message.group.normal]: Message 2054409243 from 815690231@[群:645741432] '[image:summary=,file=53E526C20C662A2D0082534887B466DD.png,sub_type=0,url=https://multimedia.nt.qq.com.cn/download?appid=1407&fileid=EhSYu-fb...,file_size=1271961]3倍数打的，没有任何技巧[image:summary=[动画表情],file=1D023C9D98BCF79E038B9927788D24AA.jpg,sub_type=1,url=https://multimedia.nt.qq.com.cn/download?appid=1407&fileid=EhQu6gUz...,file_size=2156]'
03-01 00:39:33 [INFO] nonebot | Event will be handled by Matcher(type='message', module=zhenxun.builtin_plugins.chat_history.chat_message, lineno=39)
03-01 00:39:33 [INFO] nonebot | Matcher(type='message', module=zhenxun.builtin_plugins.chat_history.chat_message, lineno=39) running complete
03-01 00:39:40 [SUCCESS] nonebot | OneBot V11 3042447114 | [message.group.normal]: Message 282139442 from 2246241738@[群:864523321] "[face:id=56,raw={'faceIndex': 56, 'faceText': None, 'faceType': 1, 'packId': None, ...]🐮🐮"
03-01 00:39:40 [INFO] nonebot | Event will be handled by Matcher(type='message', module=zhenxun.builtin_plugins.chat_history.chat_message, lineno=39)
03-01 00:39:40 [INFO] nonebot | Matcher(type='message', module=zhenxun.builtin_plugins.chat_history.chat_message, lineno=39) running complete
03-01 00:39:54 [SUCCESS] nonebot | OneBot V11 3042447114 | [message.group.normal]: Message 1507886505 from 2223092771@[群:645741432] '[video:file=0cd14da923415ef86242c24d4811bfdd.mp4,url=/home/rikka/.config/QQ/nt_qq_41e6ee5d5db067dbe11569f11f55338c/nt_da...,file_size=13614897]'
03-01 00:39:54 [INFO] nonebot | Event will be handled by Matcher(type='message', module=zhenxun.builtin_plugins.chat_history.chat_message, lineno=39)
03-01 00:39:54 [INFO] nonebot | Matcher(type='message', module=zhenxun.builtin_plugins.chat_history.chat_message, lineno=39) running complete
03-01 00:40:06 [SUCCESS] nonebot | OneBot V11 3042447114 | [message.group.normal]: Message 367879111 from 815690231@[群:816890778] '[image:summary=,file=53E526C20C662A2D0082534887B466DD.png,sub_type=0,url=https://multimedia.nt.qq.com.cn/download?appid=1407&fileid=EhSYu-fb...,file_size=1271961]3倍数打的，没有任何技巧[image:summary=[动画表情],file=1D023C9D98BCF79E038B9927788D24AA.jpg,sub_type=1,url=https://multimedia.nt.qq.com.cn/download?appid=1407&fileid=EhQu6gUz...,file_size=2156]'
03-01 00:40:06 [INFO] nonebot | Event will be handled by Matcher(type='message', module=zhenxun.builtin_plugins.chat_history.chat_message, lineno=39)
03-01 00:40:06 [INFO] nonebot | Matcher(type='message', module=zhenxun.builtin_plugins.chat_history.chat_message, lineno=39) running complete
03-01 00:40:36 [SUCCESS] nonebot | OneBot V11 3042447114 | [message.group.normal]: Message 125857843 from 3414580087@[群:645741432] '[reply:id=2054409243]tql'
03-01 00:40:36 [INFO] nonebot | Event will be handled by Matcher(type='message', module=zhenxun.builtin_plugins.chat_history.chat_message, lineno=39)
03-01 00:40:36 [INFO] nonebot | Matcher(type='message', module=zhenxun.builtin_plugins.chat_history.chat_message, lineno=39) running complete
03-01 00:40:44 [SUCCESS] nonebot | OneBot V11 3042447114 | [message.group.normal]: Message 1866481850 from 3414580087@[群:645741432] '[image:summary=,file=39109F1E9486CFF1248774138980201A.png,sub_type=0,url=https://multimedia.nt.qq.com.cn/download?appid=1407&fileid=EhRLKqAs...,file_size=736197]'
03-01 00:40:44 [INFO] nonebot | Event will be handled by Matcher(type='message', module=zhenxun.builtin_plugins.chat_history.chat_message, lineno=39)
03-01 00:40:44 [INFO] nonebot | Matcher(type='message', module=zhenxun.builtin_plugins.chat_history.chat_message, lineno=39) running complete
03-01 00:40:47 [SUCCESS] nonebot | OneBot V11 3042447114 | [message.group.normal]: Message 1627622378 from 3414580087@[群:645741432] '[image:summary=,file=8B4A2D1CC044A3793BFC52670D192E23.png,sub_type=11,url=https://multimedia.nt.qq.com.cn/download?appid=1407&fileid=EhQ-92w8...,file_size=1212576]'
03-01 00:40:47 [INFO] nonebot | Event will be handled by Matcher(type='message', module=zhenxun.builtin_plugins.chat_history.chat_message, lineno=39)
03-01 00:40:47 [INFO] nonebot | Matcher(type='message', module=zhenxun.builtin_plugins.chat_history.chat_message, lineno=39) running complete
03-01 00:40:49 [SUCCESS] nonebot | OneBot V11 3042447114 | [notice.group_recall]: {'time': 1740760849, 'self_id': 3042447114, 'post_type': 'notice', 'notice_type': 'group_recall', 'user_id': 3414580087, 'group_id': 645741432, 'operator_id': 3414580087, 'message_id': 1866481850}
03-01 00:40:49 [INFO] nonebot | Event will be handled by Matcher(type='notice', module=zhenxun.plugins.zhenxun_plugin_draw_painting, lineno=61)
03-01 00:40:49 [INFO] nonebot | Event will be handled by Matcher(type='notice', module=zhenxun.plugins.zhenxun_plugin_draw_painting, lineno=62)
03-01 00:40:49 [INFO] nonebot | Event will be handled by Matcher(type='notice', module=zhenxun.plugins.monitor, lineno=18)
03-01 00:40:49 [INFO] nonebot | Event will be handled by Matcher(type='notice', module=zhenxun.plugins.monitor, lineno=19)
03-01 00:40:49 [INFO] nonebot | Event will be handled by Matcher(type='notice', module=zhenxun.plugins.monitor, lineno=20)
03-01 00:40:49 [INFO] nonebot | Matcher(type='notice', module=zhenxun.plugins.monitor, lineno=19) running complete
03-01 00:40:49 [INFO] nonebot | Matcher(type='notice', module=zhenxun.plugins.monitor, lineno=18) running complete
03-01 00:40:49 [INFO] nonebot | Matcher(type='notice', module=zhenxun.plugins.zhenxun_plugin_draw_painting, lineno=61) running complete
03-01 00:40:49 [INFO] nonebot | Matcher(type='notice', module=zhenxun.plugins.monitor, lineno=20) running complete
03-01 00:40:49 [INFO] nonebot | Matcher(type='notice', module=zhenxun.plugins.zhenxun_plugin_draw_painting, lineno=62) running complete
03-01 00:40:50 [SUCCESS] nonebot | OneBot V11 3042447114 | [message.group.normal]: Message 1077793614 from 454348256@[群:645741432] '没有eds？'
03-01 00:40:50 [INFO] nonebot | Event will be handled by Matcher(type='message', module=zhenxun.builtin_plugins.chat_history.chat_message, lineno=39)
03-01 00:40:50 [INFO] nonebot | Matcher(type='message', module=zhenxun.builtin_plugins.chat_history.chat_message, lineno=39) running complete
03-01 00:41:01 [SUCCESS] nonebot | OneBot V11 3042447114 | [message.group.normal]: Message 1892741683 from 3034109192@[群:864523321] '[reply:id=172446935][at:qq=2797411757] 等过段时间我重构一下代码'
03-01 00:41:01 [INFO] nonebot | Event will be handled by Matcher(type='message', module=zhenxun.builtin_plugins.chat_history.chat_message, lineno=39)
03-01 00:41:01 [INFO] nonebot | Matcher(type='message', module=zhenxun.builtin_plugins.chat_history.chat_message, lineno=39) running complete
03-01 00:41:11 [SUCCESS] nonebot | OneBot V11 3042447114 | [message.group.normal]: Message 1132617286 from 3034109192@[群:864523321] '搞个便宜的服务器凑合用吧'
03-01 00:41:11 [INFO] nonebot | Event will be handled by Matcher(type='message', module=zhenxun.builtin_plugins.chat_history.chat_message, lineno=39)
03-01 00:41:11 [INFO] nonebot | Matcher(type='message', module=zhenxun.builtin_plugins.chat_history.chat_message, lineno=39) running complete
03-01 00:41:14 [SUCCESS] nonebot | OneBot V11 3042447114 | [message.group.normal]: Message 1440159247 from 3034109192@[群:864523321] '[image:summary=[动画表情],file=AFB74B52D51B1B425C8B01A832CA9352.jpg,sub_type=1,url=https://multimedia.nt.qq.com.cn/download?appid=1407&fileid=EhRj_P_T...,file_size=1074062]'
03-01 00:41:14 [INFO] nonebot | Event will be handled by Matcher(type='message', module=zhenxun.builtin_plugins.chat_history.chat_message, lineno=39)
03-01 00:41:14 [INFO] nonebot | Matcher(type='message', module=zhenxun.builtin_plugins.chat_history.chat_message, lineno=39) running complete
03-01 00:41:42 [SUCCESS] nonebot | OneBot V11 3042447114 | [message.group.normal]: Message 1448307571 from 2246241738@[群:864523321] '🦐头破费了'
03-01 00:41:42 [INFO] nonebot | Event will be handled by Matcher(type='message', module=zhenxun.builtin_plugins.chat_history.chat_message, lineno=39)
03-01 00:41:42 [INFO] nonebot | Matcher(type='message', module=zhenxun.builtin_plugins.chat_history.chat_message, lineno=39) running complete
03-01 00:41:44 [SUCCESS] nonebot | OneBot V11 3042447114 | [message.group.normal]: Message 686946151 from 2246241738@[群:864523321] "[face:id=5,raw={'faceIndex': 5, 'faceText': None, 'faceType': 1, 'packId': None, '...][face:id=5,raw={'faceIndex': 5, 'faceText': None, 'faceType': 1, 'packId': None, '...][face:id=5,raw={'faceIndex': 5, 'faceText': None, 'faceType': 1, 'packId': None, '...]"
03-01 00:41:44 [INFO] nonebot | Event will be handled by Matcher(type='message', module=zhenxun.builtin_plugins.chat_history.chat_message, lineno=39)
03-01 00:41:44 [INFO] nonebot | Matcher(type='message', module=zhenxun.builtin_plugins.chat_history.chat_message, lineno=39) running complete
03-01 00:41:45 [SUCCESS] nonebot | OneBot V11 3042447114 | [message.group.normal]: Message 141588703 from 365103469@[群:645741432] '为啥要换下eds呢'
03-01 00:41:45 [INFO] nonebot | Event will be handled by Matcher(type='message', module=zhenxun.builtin_plugins.chat_history.chat_message, lineno=39)
03-01 00:41:45 [INFO] nonebot | Matcher(type='message', module=zhenxun.builtin_plugins.chat_history.chat_message, lineno=39) running complete
03-01 00:42:12 [SUCCESS] nonebot | OneBot V11 3042447114 | [message.group.normal]: Message 1617119054 from 454348256@[群:645741432] 'eds打对面这阵容不是随便打'
03-01 00:42:12 [INFO] nonebot | Event will be handled by Matcher(type='message', module=zhenxun.builtin_plugins.chat_history.chat_message, lineno=39)
03-01 00:42:12 [INFO] nonebot | Matcher(type='message', module=zhenxun.builtin_plugins.chat_history.chat_message, lineno=39) running complete
03-01 00:42:26 [SUCCESS] nonebot | OneBot V11 3042447114 | [message.group.normal]: Message 763744867 from 454348256@[群:645741432] '女仆换eds就行了'
03-01 00:42:26 [INFO] nonebot | Event will be handled by Matcher(type='message', module=zhenxun.builtin_plugins.chat_history.chat_message, lineno=39)
03-01 00:42:26 [INFO] nonebot | Matcher(type='message', module=zhenxun.builtin_plugins.chat_history.chat_message, lineno=39) running complete
03-01 00:42:29 [SUCCESS] nonebot | OneBot V11 3042447114 | [message.group.normal]: Message 596906340 from 2223092771@[群:645741432] '[reply:id=1617119054][at:qq=454348256] 对面大锤也很恶心'
03-01 00:42:29 [INFO] nonebot | Event will be handled by Matcher(type='message', module=zhenxun.builtin_plugins.chat_history.chat_message, lineno=39)
03-01 00:42:29 [INFO] nonebot | Matcher(type='message', module=zhenxun.builtin_plugins.chat_history.chat_message, lineno=39) running complete
03-01 00:42:33 [SUCCESS] nonebot | OneBot V11 3042447114 | [message.group.normal]: Message 420705689 from 2223092771@[群:645741432] '我再试试'
03-01 00:42:33 [INFO] nonebot | Event will be handled by Matcher(type='message', module=zhenxun.builtin_plugins.chat_history.chat_message, lineno=39)
03-01 00:42:33 [INFO] nonebot | Matcher(type='message', module=zhenxun.builtin_plugins.chat_history.chat_message, lineno=39) running complete
03-01 00:42:38 [SUCCESS] nonebot | OneBot V11 3042447114 | [message.group.normal]: Message 833486123 from 3414580087@[群:816890778] '[image:summary=,file=D80189959021235D6E1AC036394EF728.png,sub_type=0,url=https://multimedia.nt.qq.com.cn/download?appid=1407&fileid=EhRmT-Yr...,file_size=5472]'
03-01 00:42:38 [INFO] nonebot | Event will be handled by Matcher(type='message', module=zhenxun.builtin_plugins.chat_history.chat_message, lineno=39)
03-01 00:42:38 [INFO] nonebot | Matcher(type='message', module=zhenxun.builtin_plugins.chat_history.chat_message, lineno=39) running complete
03-01 00:42:39 [SUCCESS] nonebot | OneBot V11 3042447114 | [message.group.normal]: Message 1487004913 from 3414580087@[群:816890778] '[image:summary=,file=5C9BA3B1F149A1F59FD279CA6012967E.png,sub_type=0,url=https://multimedia.nt.qq.com.cn/download?appid=1407&fileid=EhR_RIsl...,file_size=38631]'
03-01 00:42:39 [INFO] nonebot | Event will be handled by Matcher(type='message', module=zhenxun.builtin_plugins.chat_history.chat_message, lineno=39)
03-01 00:42:39 [INFO] nonebot | Matcher(type='message', module=zhenxun.builtin_plugins.chat_history.chat_message, lineno=39) running complete
03-01 00:42:40 [SUCCESS] nonebot | OneBot V11 3042447114 | [message.group.normal]: Message 832461909 from 815690231@[群:816890778] '[file:file=永恒灵魂(8).mp4,file_id=/028ecae7-d2bb-4881-8e42-ceb77149fe3e,file_size=49722504]'
03-01 00:42:40 [SUCCESS] nonebot | OneBot V11 3042447114 | [notice.group_upload]: {'time': 1740760960, 'self_id': 3042447114, 'post_type': 'notice', 'notice_type': 'group_upload', 'user_id': 815690231, 'group_id': 816890778, 'file': {'id': '0c784cbe0beb8488f08f8af0bfe7993f', 'name': '永恒灵魂(8).mp4', 'size': 49722504, 'busid': 102}}
03-01 00:42:40 [INFO] nonebot | Event will be handled by Matcher(type='notice', module=zhenxun.plugins.zhenxun_plugin_draw_painting, lineno=61)
03-01 00:42:40 [INFO] nonebot | Event will be handled by Matcher(type='notice', module=zhenxun.plugins.zhenxun_plugin_draw_painting, lineno=62)
03-01 00:42:40 [INFO] nonebot | Event will be handled by Matcher(type='notice', module=zhenxun.plugins.monitor, lineno=18)
03-01 00:42:40 [INFO] nonebot | Event will be handled by Matcher(type='notice', module=zhenxun.plugins.monitor, lineno=19)
03-01 00:42:40 [INFO] nonebot | Event will be handled by Matcher(type='notice', module=zhenxun.plugins.monitor, lineno=20)
03-01 00:42:40 [INFO] nonebot | Event will be handled by Matcher(type='message', module=zhenxun.builtin_plugins.chat_history.chat_message, lineno=39)
03-01 00:42:40 [INFO] nonebot | Matcher(type='notice', module=zhenxun.plugins.zhenxun_plugin_draw_painting, lineno=61) running complete
03-01 00:42:40 [INFO] nonebot | Matcher(type='message', module=zhenxun.builtin_plugins.chat_history.chat_message, lineno=39) running complete
03-01 00:42:40 [INFO] nonebot | Matcher(type='notice', module=zhenxun.plugins.monitor, lineno=18) running complete
03-01 00:42:40 [INFO] nonebot | Matcher(type='notice', module=zhenxun.plugins.monitor, lineno=20) running complete
03-01 00:42:40 [INFO] nonebot | Matcher(type='notice', module=zhenxun.plugins.zhenxun_plugin_draw_painting, lineno=62) running complete
03-01 00:42:40 [INFO] nonebot | Matcher(type='notice', module=zhenxun.plugins.monitor, lineno=19) running complete
03-01 00:42:44 [SUCCESS] nonebot | OneBot V11 3042447114 | [message.group.normal]: Message 540476649 from 454348256@[群:645741432] 'eds又不怕大锤的'
03-01 00:42:44 [INFO] nonebot | Event will be handled by Matcher(type='message', module=zhenxun.builtin_plugins.chat_history.chat_message, lineno=39)
03-01 00:42:44 [INFO] nonebot | Matcher(type='message', module=zhenxun.builtin_plugins.chat_history.chat_message, lineno=39) running complete
03-01 00:42:49 [SUCCESS] nonebot | OneBot V11 3042447114 | [message.group.normal]: Message 1345415472 from 534652970@[群:475899384] '[image:summary=,file=B3F8DC1481DA0D6C2D433A428C548D82.jpg,sub_type=0,url=https://multimedia.nt.qq.com.cn/download?appid=1407&fileid=EhTBd8fR...,file_size=179779]'
03-01 00:42:49 [INFO] nonebot | Event will be handled by Matcher(type='message', module=zhenxun.builtin_plugins.chat_history.chat_message, lineno=39)
03-01 00:42:49 [INFO] nonebot | Matcher(type='message', module=zhenxun.builtin_plugins.chat_history.chat_message, lineno=39) running complete
03-01 00:42:49 [SUCCESS] nonebot | OneBot V11 3042447114 | [message.group.normal]: Message 1803266794 from 534652970@[群:475899384] '[image:summary=,file=129D5A3D15E11789F5B78FFCC5B4AB6D.jpg,sub_type=0,url=https://multimedia.nt.qq.com.cn/download?appid=1407&fileid=EhR5VR8A...,file_size=110149]'
03-01 00:42:49 [INFO] nonebot | Event will be handled by Matcher(type='message', module=zhenxun.builtin_plugins.chat_history.chat_message, lineno=39)
03-01 00:42:49 [INFO] nonebot | Matcher(type='message', module=zhenxun.builtin_plugins.chat_history.chat_message, lineno=39) running complete
03-01 00:42:51 [SUCCESS] nonebot | OneBot V11 3042447114 | [message.group.normal]: Message 517828960 from 2387265338@[群:864523321] '晚安'
03-01 00:42:51 [INFO] nonebot | Event will be handled by Matcher(type='message', module=zhenxun.builtin_plugins.chat_history.chat_message, lineno=39)
03-01 00:42:51 [INFO] nonebot | Matcher(type='message', module=zhenxun.builtin_plugins.chat_history.chat_message, lineno=39) running complete
03-01 00:42:52 [SUCCESS] nonebot | OneBot V11 3042447114 | [message.group.normal]: Message 487196681 from 2732748188@[群:864523321] '祝你好梦'
03-01 00:42:52 [INFO] nonebot | Event will be handled by Matcher(type='message', module=zhenxun.builtin_plugins.chat_history.chat_message, lineno=39)
03-01 00:42:52 [INFO] nonebot | Matcher(type='message', module=zhenxun.builtin_plugins.chat_history.chat_message, lineno=39) running complete
03-01 00:42:52 [SUCCESS] nonebot | OneBot V11 3042447114 | [message.group.normal]: Message 1381489612 from 1471974278@[群:864523321] '您真的要睡了吗。。？\n'
03-01 00:42:52 [INFO] nonebot | Event will be handled by Matcher(type='message', module=zhenxun.builtin_plugins.chat_history.chat_message, lineno=39)
03-01 00:42:52 [INFO] nonebot | Matcher(type='message', module=zhenxun.builtin_plugins.chat_history.chat_message, lineno=39) running complete
03-01 00:43:37 [SUCCESS] nonebot | OneBot V11 3042447114 | [message.group.normal]: Message 1234406492 from 454348256@[群:645741432] '对面有秋直接上eds 开场他就要被eds暴击秒人了 除非你自己练度差太多'
03-01 00:43:37 [INFO] nonebot | Event will be handled by Matcher(type='message', module=zhenxun.builtin_plugins.chat_history.chat_message, lineno=39)
03-01 00:43:37 [INFO] nonebot | Matcher(type='message', module=zhenxun.builtin_plugins.chat_history.chat_message, lineno=39) running complete
03-01 00:43:38 [SUCCESS] nonebot | OneBot V11 3042447114 | [message.group.normal]: Message 1628036940 from 815690231@[群:816890778] '摸BOSS流程顺便打了，本来只是录个视频看BOSS的出手动作，顺便放的大招'
03-01 00:43:38 [INFO] nonebot | Event will be handled by Matcher(type='message', module=zhenxun.builtin_plugins.chat_history.chat_message, lineno=39)
03-01 00:43:38 [INFO] nonebot | Matcher(type='message', module=zhenxun.builtin_plugins.chat_history.chat_message, lineno=39) running complete
03-01 00:43:46 [SUCCESS] nonebot | OneBot V11 3042447114 | [message.group.normal]: Message 1230914540 from 815690231@[群:816890778] '[image:summary=[动画表情],file=D3A14D97BB89987F9231580653C5C636.jpg,sub_type=1,url=https://multimedia.nt.qq.com.cn/download?appid=1407&fileid=EhRA9syF...,file_size=2416]'
03-01 00:43:46 [INFO] nonebot | Event will be handled by Matcher(type='message', module=zhenxun.builtin_plugins.chat_history.chat_message, lineno=39)
03-01 00:43:46 [INFO] nonebot | Matcher(type='message', module=zhenxun.builtin_plugins.chat_history.chat_message, lineno=39) running complete
03-01 00:44:08 [SUCCESS] nonebot | OneBot V11 3042447114 | [message.group.normal]: Message 684216702 from 2223092771@[群:645741432] 'eds不打秋'
03-01 00:44:08 [INFO] nonebot | Event will be handled by Matcher(type='message', module=zhenxun.builtin_plugins.chat_history.chat_message, lineno=39)
03-01 00:44:08 [INFO] nonebot | Matcher(type='message', module=zhenxun.builtin_plugins.chat_history.chat_message, lineno=39) running complete
03-01 00:44:12 [SUCCESS] nonebot | OneBot V11 3042447114 | [message.group.normal]: Message 257856959 from 2223092771@[群:645741432] '不知道啥情况'
03-01 00:44:12 [INFO] nonebot | Event will be handled by Matcher(type='message', module=zhenxun.builtin_plugins.chat_history.chat_message, lineno=39)
03-01 00:44:12 [INFO] nonebot | Matcher(type='message', module=zhenxun.builtin_plugins.chat_history.chat_message, lineno=39) running complete
03-01 00:44:18 [SUCCESS] nonebot | OneBot V11 3042447114 | [message.group.normal]: Message 1303462385 from 1028112671@[群:392644938] '[image:summary=,file=76C1C6B02A13CF8768E5E780CCB8A581.png,sub_type=0,url=https://multimedia.nt.qq.com.cn/download?appid=1407&fileid=EhQXCbqY...,file_size=5018982]'
03-01 00:44:18 [INFO] nonebot | Event will be handled by Matcher(type='message', module=zhenxun.builtin_plugins.chat_history.chat_message, lineno=39)
03-01 00:44:18 [INFO] nonebot | Matcher(type='message', module=zhenxun.builtin_plugins.chat_history.chat_message, lineno=39) running complete
03-01 00:44:24 [SUCCESS] nonebot | OneBot V11 3042447114 | [message.group.normal]: Message 84992336 from 2223092771@[群:645741432] '直接钻到中间了'
03-01 00:44:24 [INFO] nonebot | Event will be handled by Matcher(type='message', module=zhenxun.builtin_plugins.chat_history.chat_message, lineno=39)
03-01 00:44:24 [INFO] nonebot | Matcher(type='message', module=zhenxun.builtin_plugins.chat_history.chat_message, lineno=39) running complete
03-01 00:44:39 [SUCCESS] nonebot | OneBot V11 3042447114 | [message.group.normal]: Message 1864462306 from 1028112671@[群:392644938] '[at:qq=83812930]你不准玩暖暖猎人'
03-01 00:44:39 [INFO] nonebot | Event will be handled by Matcher(type='message', module=zhenxun.builtin_plugins.chat_history.chat_message, lineno=39)
03-01 00:44:39 [INFO] nonebot | Matcher(type='message', module=zhenxun.builtin_plugins.chat_history.chat_message, lineno=39) running complete
03-01 00:44:49 [SUCCESS] nonebot | OneBot V11 3042447114 | [message.group.normal]: Message 1738685703 from 83812930@[群:392644938] '不如散搭'
03-01 00:44:49 [INFO] nonebot | Event will be handled by Matcher(type='message', module=zhenxun.builtin_plugins.chat_history.chat_message, lineno=39)
03-01 00:44:49 [INFO] nonebot | Matcher(type='message', module=zhenxun.builtin_plugins.chat_history.chat_message, lineno=39) running complete
03-01 00:45:05 [SUCCESS] nonebot | OneBot V11 3042447114 | [message.group.normal]: Message 1024818376 from 534652970@[群:475899384] '[image:summary=,file=7069FBEC55EFD4982EFD42E810535C2C.jpg,sub_type=0,url=https://multimedia.nt.qq.com.cn/download?appid=1407&fileid=EhRgVuYt...,file_size=253220]'
03-01 00:45:05 [INFO] nonebot | Event will be handled by Matcher(type='message', module=zhenxun.builtin_plugins.chat_history.chat_message, lineno=39)
03-01 00:45:05 [INFO] nonebot | Matcher(type='message', module=zhenxun.builtin_plugins.chat_history.chat_message, lineno=39) running complete
03-01 00:45:16 [SUCCESS] nonebot | OneBot V11 3042447114 | [message.group.normal]: Message 685426824 from 1028112671@[群:392644938] '[image:summary=[动画表情],file=F4069E7AD08887063CC060CFC3ED9C48.png,sub_type=1,url=https://multimedia.nt.qq.com.cn/download?appid=1407&fileid=EhRqfqCz...,file_size=201242]'
03-01 00:45:16 [INFO] nonebot | Event will be handled by Matcher(type='message', module=zhenxun.builtin_plugins.chat_history.chat_message, lineno=39)
03-01 00:45:16 [INFO] nonebot | Matcher(type='message', module=zhenxun.builtin_plugins.chat_history.chat_message, lineno=39) running complete
03-01 00:45:20 [SUCCESS] nonebot | OneBot V11 3042447114 | [message.group.normal]: Message 1414507900 from 534652970@[群:475899384] '亏本率94.3'
03-01 00:45:20 [INFO] nonebot | Event will be handled by Matcher(type='message', module=zhenxun.builtin_plugins.chat_history.chat_message, lineno=39)
03-01 00:45:20 [INFO] nonebot | Matcher(type='message', module=zhenxun.builtin_plugins.chat_history.chat_message, lineno=39) running complete
03-01 00:45:38 [SUCCESS] nonebot | OneBot V11 3042447114 | [message.group.normal]: Message 1784719166 from 534652970@[群:475899384] '也就是说出货高达3.9%'
03-01 00:45:38 [INFO] nonebot | Event will be handled by Matcher(type='message', module=zhenxun.builtin_plugins.chat_history.chat_message, lineno=39)
03-01 00:45:38 [INFO] nonebot | Matcher(type='message', module=zhenxun.builtin_plugins.chat_history.chat_message, lineno=39) running complete
03-01 00:45:45 [SUCCESS] nonebot | OneBot V11 3042447114 | [message.group.normal]: Message 181408575 from 534652970@[群:475899384] '甚至不到648的售价'
03-01 00:45:45 [INFO] nonebot | Event will be handled by Matcher(type='message', module=zhenxun.builtin_plugins.chat_history.chat_message, lineno=39)
03-01 00:45:45 [INFO] nonebot | Matcher(type='message', module=zhenxun.builtin_plugins.chat_history.chat_message, lineno=39) running complete
03-01 00:46:20 [SUCCESS] nonebot | OneBot V11 3042447114 | [message.group.normal]: Message 1819464822 from 534652970@[群:475899384] '在tcg算回本率低的，但在二游里面都能算高的'
03-01 00:46:20 [INFO] nonebot | Event will be handled by Matcher(type='message', module=zhenxun.builtin_plugins.chat_history.chat_message, lineno=39)
03-01 00:46:20 [INFO] nonebot | Matcher(type='message', module=zhenxun.builtin_plugins.chat_history.chat_message, lineno=39) running complete
03-01 00:46:22 [SUCCESS] nonebot | OneBot V11 3042447114 | [message.group.normal]: Message 1961456905 from 534652970@[群:475899384] "[face:id=182,raw={'faceIndex': 182, 'faceText': None, 'faceType': 1, 'packId': None,...]"
03-01 00:46:22 [INFO] nonebot | Event will be handled by Matcher(type='message', module=zhenxun.builtin_plugins.chat_history.chat_message, lineno=39)
03-01 00:46:22 [INFO] nonebot | Matcher(type='message', module=zhenxun.builtin_plugins.chat_history.chat_message, lineno=39) running complete
03-01 00:47:14 [SUCCESS] nonebot | OneBot V11 3042447114 | [message.group.normal]: Message 1018367453 from 3414580087@[群:816890778] '[image:summary=[动画表情],file=D3A14D97BB89987F9231580653C5C636.jpg,sub_type=1,url=https://multimedia.nt.qq.com.cn/download?appid=1407&fileid=EhRA9syF...,file_size=2416]'
03-01 00:47:14 [INFO] nonebot | Event will be handled by Matcher(type='message', module=zhenxun.builtin_plugins.chat_history.chat_message, lineno=39)
03-01 00:47:14 [INFO] nonebot | Matcher(type='message', module=zhenxun.builtin_plugins.chat_history.chat_message, lineno=39) running complete
03-01 00:47:59 [SUCCESS] nonebot | OneBot V11 3042447114 | [message.group.normal]: Message 2087252139 from 2797411757@[群:864523321] '[reply:id=1132617286][at:qq=3034109192] 可以众筹一下（）'
03-01 00:47:59 [INFO] nonebot | Event will be handled by Matcher(type='message', module=zhenxun.builtin_plugins.chat_history.chat_message, lineno=39)
03-01 00:47:59 [INFO] nonebot | Matcher(type='message', module=zhenxun.builtin_plugins.chat_history.chat_message, lineno=39) running complete
03-01 00:48:20 [SUCCESS] nonebot | OneBot V11 3042447114 | [message.group.normal]: Message 2036190148 from 2511782358@[群:308422658] 'LOVELYSOUL0227'
03-01 00:48:20 [INFO] nonebot | Event will be handled by Matcher(type='message', module=zhenxun.builtin_plugins.chat_history.chat_message, lineno=39)
03-01 00:48:20 [INFO] nonebot | Matcher(type='message', module=zhenxun.builtin_plugins.chat_history.chat_message, lineno=39) running complete
03-01 00:48:24 [SUCCESS] nonebot | OneBot V11 3042447114 | [message.group.normal]: Message 434812743 from 23569964@[群:645741432] '多正常，索敌最近的'
03-01 00:48:24 [INFO] nonebot | Event will be handled by Matcher(type='message', module=zhenxun.builtin_plugins.chat_history.chat_message, lineno=39)
03-01 00:48:24 [INFO] nonebot | Matcher(type='message', module=zhenxun.builtin_plugins.chat_history.chat_message, lineno=39) running complete
03-01 00:48:25 [SUCCESS] nonebot | OneBot V11 3042447114 | [message.group.normal]: Message 216714027 from 2511782358@[群:308422658] '[image:summary=,file=BB4C35127C1D550825FAEB481F305808.jpg,sub_type=0,url=https://multimedia.nt.qq.com.cn/download?appid=1407&fileid=EhSp0UWm...,file_size=54469]'
03-01 00:48:25 [INFO] nonebot | Event will be handled by Matcher(type='message', module=zhenxun.builtin_plugins.chat_history.chat_message, lineno=39)
03-01 00:48:25 [INFO] nonebot | Matcher(type='message', module=zhenxun.builtin_plugins.chat_history.chat_message, lineno=39) running complete
03-01 00:48:38 [SUCCESS] nonebot | OneBot V11 3042447114 | [message.group.normal]: Message 747791863 from 23569964@[群:645741432] '秋拔刀又不动'
03-01 00:48:38 [INFO] nonebot | Event will be handled by Matcher(type='message', module=zhenxun.builtin_plugins.chat_history.chat_message, lineno=39)
03-01 00:48:38 [INFO] nonebot | Matcher(type='message', module=zhenxun.builtin_plugins.chat_history.chat_message, lineno=39) running complete
03-01 00:49:24 [SUCCESS] nonebot | OneBot V11 3042447114 | [message.group.normal]: Message 460583834 from 23569964@[群:645741432] '卡好位置，等秋贴上来'
03-01 00:49:24 [INFO] nonebot | Event will be handled by Matcher(type='message', module=zhenxun.builtin_plugins.chat_history.chat_message, lineno=39)
03-01 00:49:24 [INFO] nonebot | Matcher(type='message', module=zhenxun.builtin_plugins.chat_history.chat_message, lineno=39) running complete
03-01 00:49:56 [SUCCESS] nonebot | OneBot V11 3042447114 | [message.group.normal]: Message 169832256 from 1433290406@[群:475899384] '好，触发bug了[image:summary=,file=8693CE7BDE0D4698C9C19045DD37D6A3.jpg,sub_type=0,url=https://multimedia.nt.qq.com.cn/download?appid=1407&fileid=EhQyDJ67...,file_size=825779][image:summary=,file=8CCF920B00F61402C15FE8A5E243D4AB.jpg,sub_type=0,url=https://multimedia.nt.qq.com.cn/download?appid=1407&fileid=EhSAqMHT...,file_size=440255]'
03-01 00:49:56 [INFO] nonebot | Event will be handled by Matcher(type='message', module=zhenxun.builtin_plugins.chat_history.chat_message, lineno=39)
03-01 00:49:56 [INFO] nonebot | Matcher(type='message', module=zhenxun.builtin_plugins.chat_history.chat_message, lineno=39) running complete
03-01 00:49:59 [SUCCESS] nonebot | OneBot V11 3042447114 | [message.group.normal]: Message 1030845675 from 3034109192@[群:864523321] '[image:summary=[动画表情],file=7CBFFB5D758DE06B07048132ABFAC7F1.jpg,sub_type=1,url=https://multimedia.nt.qq.com.cn/download?appid=1407&fileid=EhS69Vr_...,file_size=3416030]'
03-01 00:49:59 [INFO] nonebot | Event will be handled by Matcher(type='message', module=zhenxun.builtin_plugins.chat_history.chat_message, lineno=39)
03-01 00:49:59 [INFO] nonebot | Matcher(type='message', module=zhenxun.builtin_plugins.chat_history.chat_message, lineno=39) running complete
03-01 00:53:43 [SUCCESS] nonebot | OneBot V11 3042447114 | [message.group.normal]: Message 284728286 from 454348256@[群:645741432] '咋传不了视频'
03-01 00:53:43 [INFO] nonebot | Event will be handled by Matcher(type='message', module=zhenxun.builtin_plugins.chat_history.chat_message, lineno=39)
03-01 00:53:43 [INFO] nonebot | Matcher(type='message', module=zhenxun.builtin_plugins.chat_history.chat_message, lineno=39) running complete
03-01 00:53:59 [SUCCESS] nonebot | OneBot V11 3042447114 | [message.group.normal]: Message 752645459 from 365103469@[群:645741432] '[image:summary=,file={5E9A0876-DCB7-4AF3-A7EE-36B92F4AD5B0}.gif,sub_type=1,url=https://gchat.qpic.cn/gchatpic_new/0/0-0-5E9A0876DCB74AF3A7EE36B92F...,file_size=2623]算是交学费 要找准位置'
03-01 00:53:59 [INFO] nonebot | Event will be handled by Matcher(type='message', module=zhenxun.builtin_plugins.chat_history.chat_message, lineno=39)
03-01 00:53:59 [INFO] nonebot | Matcher(type='message', module=zhenxun.builtin_plugins.chat_history.chat_message, lineno=39) running complete
03-01 00:54:17 [SUCCESS] nonebot | OneBot V11 3042447114 | [message.group.normal]: Message 563056640 from 365103469@[群:645741432] '位置很重要的'
03-01 00:54:17 [INFO] nonebot | Event will be handled by Matcher(type='message', module=zhenxun.builtin_plugins.chat_history.chat_message, lineno=39)
03-01 00:54:17 [INFO] nonebot | Matcher(type='message', module=zhenxun.builtin_plugins.chat_history.chat_message, lineno=39) running complete
03-01 00:54:20 [SUCCESS] nonebot | OneBot V11 3042447114 | [message.group.normal]: Message 1208572230 from 454348256@[群:645741432] '[image:summary=,file={1ACC4129-5B14-ADEE-BD53-5C2561C32626}.gif,sub_type=1,url=https://gchat.qpic.cn/gchatpic_new/0/0-0-1ACC41295B14ADEEBD535C2561...,file_size=72037]录好了传不了视频'
03-01 00:54:20 [INFO] nonebot | Event will be handled by Matcher(type='message', module=zhenxun.builtin_plugins.chat_history.chat_message, lineno=39)
03-01 00:54:20 [INFO] nonebot | Matcher(type='message', module=zhenxun.builtin_plugins.chat_history.chat_message, lineno=39) running complete
03-01 00:54:35 [SUCCESS] nonebot | OneBot V11 3042447114 | [message.group.normal]: Message 630186062 from 350640529@[群:645741432] '打开'
03-01 00:54:35 [INFO] nonebot | Event will be handled by Matcher(type='message', module=zhenxun.builtin_plugins.chat_history.chat_message, lineno=39)
03-01 00:54:35 [INFO] nonebot | Matcher(type='message', module=zhenxun.builtin_plugins.chat_history.chat_message, lineno=39) running complete
03-01 00:54:37 [SUCCESS] nonebot | OneBot V11 3042447114 | [message.group.normal]: Message 561118033 from 3414580087@[群:645741432] '[image:summary=,file=789C98CE3AB4CE70C3882032C3F638DD.png,sub_type=0,url=https://multimedia.nt.qq.com.cn/download?appid=1407&fileid=EhST1SsB...,file_size=593652]'
03-01 00:54:37 [INFO] nonebot | Event will be handled by Matcher(type='message', module=zhenxun.builtin_plugins.chat_history.chat_message, lineno=39)
03-01 00:54:37 [INFO] nonebot | Matcher(type='message', module=zhenxun.builtin_plugins.chat_history.chat_message, lineno=39) running complete
03-01 00:54:51 [SUCCESS] nonebot | OneBot V11 3042447114 | [message.group.normal]: Message 2116736724 from 350640529@[群:645741432] 'QQ聊天那个+号，从那传'
03-01 00:54:51 [INFO] nonebot | Event will be handled by Matcher(type='message', module=zhenxun.builtin_plugins.chat_history.chat_message, lineno=39)
03-01 00:54:51 [INFO] nonebot | Matcher(type='message', module=zhenxun.builtin_plugins.chat_history.chat_message, lineno=39) running complete
03-01 00:54:53 [SUCCESS] nonebot | OneBot V11 3042447114 | [message.group.normal]: Message 316440647 from 23569964@[群:645741432] 'QQ发图片那可以发啊'
03-01 00:54:53 [INFO] nonebot | Event will be handled by Matcher(type='message', module=zhenxun.builtin_plugins.chat_history.chat_message, lineno=39)
03-01 00:54:53 [INFO] nonebot | Matcher(type='message', module=zhenxun.builtin_plugins.chat_history.chat_message, lineno=39) running complete
03-01 00:55:06 [SUCCESS] nonebot | OneBot V11 3042447114 | [message.group.normal]: Message 961680185 from 454348256@[群:645741432] '哦'
03-01 00:55:06 [INFO] nonebot | Event will be handled by Matcher(type='message', module=zhenxun.builtin_plugins.chat_history.chat_message, lineno=39)
03-01 00:55:06 [INFO] nonebot | Matcher(type='message', module=zhenxun.builtin_plugins.chat_history.chat_message, lineno=39) running complete
03-01 00:55:10 [SUCCESS] nonebot | OneBot V11 3042447114 | [message.group.normal]: Message 575366475 from 2246241738@[群:864523321] '可惜魔女策划运营太阴间了'
03-01 00:55:10 [INFO] nonebot | Event will be handled by Matcher(type='message', module=zhenxun.builtin_plugins.chat_history.chat_message, lineno=39)
03-01 00:55:10 [INFO] nonebot | Matcher(type='message', module=zhenxun.builtin_plugins.chat_history.chat_message, lineno=39) running complete
03-01 00:55:14 [SUCCESS] nonebot | OneBot V11 3042447114 | [message.group.normal]: Message 1743185105 from 1305263714@[群:245810894] '[image:summary=,file=E607869CA283975A8E707E99E132D393.png,sub_type=0,url=https://multimedia.nt.qq.com.cn/download?appid=1407&fileid=EhRNfpjk...,file_size=908757]'
03-01 00:55:14 [INFO] nonebot | Event will be handled by Matcher(type='message', module=zhenxun.builtin_plugins.chat_history.chat_message, lineno=39)
03-01 00:55:14 [INFO] nonebot | Matcher(type='message', module=zhenxun.builtin_plugins.chat_history.chat_message, lineno=39) running complete
03-01 00:55:15 [SUCCESS] nonebot | OneBot V11 3042447114 | [message.group.normal]: Message 129702633 from 23569964@[群:645741432] '不上传只能这样发'
03-01 00:55:15 [INFO] nonebot | Event will be handled by Matcher(type='message', module=zhenxun.builtin_plugins.chat_history.chat_message, lineno=39)
03-01 00:55:15 [INFO] nonebot | Matcher(type='message', module=zhenxun.builtin_plugins.chat_history.chat_message, lineno=39) running complete
03-01 00:55:16 [SUCCESS] nonebot | OneBot V11 3042447114 | [message.group.normal]: Message 649873650 from 2223092771@[群:645741432] '[video:file=2190e4816b9b94b40ecd74a91cb1e7ef.mp4,url=/home/rikka/.config/QQ/nt_qq_41e6ee5d5db067dbe11569f11f55338c/nt_da...,file_size=10833614]'
03-01 00:55:16 [INFO] nonebot | Event will be handled by Matcher(type='message', module=zhenxun.builtin_plugins.chat_history.chat_message, lineno=39)
03-01 00:55:16 [INFO] nonebot | Matcher(type='message', module=zhenxun.builtin_plugins.chat_history.chat_message, lineno=39) running complete
03-01 00:55:18 [SUCCESS] nonebot | OneBot V11 3042447114 | [message.group.normal]: Message 745394193 from 1305263714@[群:245810894] '拼尽全力无法战胜'
03-01 00:55:18 [INFO] nonebot | Event will be handled by Matcher(type='message', module=zhenxun.builtin_plugins.chat_history.chat_message, lineno=39)
03-01 00:55:18 [INFO] nonebot | Matcher(type='message', module=zhenxun.builtin_plugins.chat_history.chat_message, lineno=39) running complete
03-01 00:55:18 [SUCCESS] nonebot | OneBot V11 3042447114 | [message.group.normal]: Message 1394081097 from 2223092771@[群:645741432] '不打了，浪费七张票😂'
03-01 00:55:18 [INFO] nonebot | Event will be handled by Matcher(type='message', module=zhenxun.builtin_plugins.chat_history.chat_message, lineno=39)
03-01 00:55:18 [INFO] nonebot | Matcher(type='message', module=zhenxun.builtin_plugins.chat_history.chat_message, lineno=39) running complete
03-01 00:55:26 [SUCCESS] nonebot | OneBot V11 3042447114 | [message.group.normal]: Message 1693336448 from 2223092771@[群:645741432] '还是打第二名吧'
03-01 00:55:26 [INFO] nonebot | Event will be handled by Matcher(type='message', module=zhenxun.builtin_plugins.chat_history.chat_message, lineno=39)
03-01 00:55:26 [INFO] nonebot | Matcher(type='message', module=zhenxun.builtin_plugins.chat_history.chat_message, lineno=39) running complete
03-01 00:55:32 [SUCCESS] nonebot | OneBot V11 3042447114 | [message.group.normal]: Message 1101031114 from 454348256@[群:645741432] '[video:file=d08539dabfac4c6b231cbc8abde7712a.mp4,url=/home/rikka/.config/QQ/nt_qq_41e6ee5d5db067dbe11569f11f55338c/nt_da...,file_size=6368894]'
03-01 00:55:32 [INFO] nonebot | Event will be handled by Matcher(type='message', module=zhenxun.builtin_plugins.chat_history.chat_message, lineno=39)
03-01 00:55:32 [INFO] nonebot | Matcher(type='message', module=zhenxun.builtin_plugins.chat_history.chat_message, lineno=39) running complete
03-01 00:55:36 [SUCCESS] nonebot | OneBot V11 3042447114 | [message.group.normal]: Message 586122497 from 3414580087@[群:645741432] '管理才能上传群文件好像'
03-01 00:55:36 [INFO] nonebot | Event will be handled by Matcher(type='message', module=zhenxun.builtin_plugins.chat_history.chat_message, lineno=39)
03-01 00:55:36 [INFO] nonebot | Matcher(type='message', module=zhenxun.builtin_plugins.chat_history.chat_message, lineno=39) running complete
03-01 00:55:52 [SUCCESS] nonebot | OneBot V11 3042447114 | [message.group.normal]: Message 592252864 from 3414580087@[群:645741432] '[image:summary=,file=F0AF857121A19394079C8C64548496C8.png,sub_type=0,url=https://multimedia.nt.qq.com.cn/download?appid=1407&fileid=EhTXYQCx...,file_size=12665]'
03-01 00:55:52 [INFO] nonebot | Event will be handled by Matcher(type='message', module=zhenxun.builtin_plugins.chat_history.chat_message, lineno=39)
03-01 00:55:52 [INFO] nonebot | Matcher(type='message', module=zhenxun.builtin_plugins.chat_history.chat_message, lineno=39) running complete
03-01 00:56:08 [SUCCESS] nonebot | OneBot V11 3042447114 | [message.group.normal]: Message 1801476925 from 3258215477@[群:864523321] '雷霆是这样的'
03-01 00:56:08 [INFO] nonebot | Event will be handled by Matcher(type='message', module=zhenxun.builtin_plugins.chat_history.chat_message, lineno=39)
03-01 00:56:08 [INFO] nonebot | Matcher(type='message', module=zhenxun.builtin_plugins.chat_history.chat_message, lineno=39) running complete
03-01 00:56:09 [ERROR] zhenxun | 清理日常签到图片数据数据失败... || 错误 <class 'FileNotFoundError'>: [Errno 2] No such file or directory: 'resources/image/sign/today_card'
03-01 00:56:14 [SUCCESS] nonebot | OneBot V11 3042447114 | [message.group.normal]: Message 900527808 from 3400230647@[群:392644938] '[image:summary=,file=EC3C610BA4548274D8536AC70DE7D8F0.png,sub_type=0,url=https://multimedia.nt.qq.com.cn/download?appid=1407&fileid=EhSf3_p_...,file_size=7071402]'
03-01 00:56:14 [INFO] nonebot | Event will be handled by Matcher(type='message', module=zhenxun.builtin_plugins.chat_history.chat_message, lineno=39)
03-01 00:56:14 [INFO] nonebot | Matcher(type='message', module=zhenxun.builtin_plugins.chat_history.chat_message, lineno=39) running complete
03-01 00:57:18 [SUCCESS] nonebot | OneBot V11 3042447114 | [message.group.normal]: Message 148507603 from 3414580087@[群:816890778] '我上次凹分没换家具和星座'
03-01 00:57:18 [INFO] nonebot | Event will be handled by Matcher(type='message', module=zhenxun.builtin_plugins.chat_history.chat_message, lineno=39)
03-01 00:57:18 [INFO] nonebot | Matcher(type='message', module=zhenxun.builtin_plugins.chat_history.chat_message, lineno=39) running complete
03-01 00:57:27 [SUCCESS] nonebot | OneBot V11 3042447114 | [message.group.normal]: Message 1241170369 from 3429175491@[群:245810894] '生存压力大前面可以不放梅妃和暗琳技能'
03-01 00:57:27 [INFO] nonebot | Event will be handled by Matcher(type='message', module=zhenxun.builtin_plugins.chat_history.chat_message, lineno=39)
03-01 00:57:27 [INFO] nonebot | Matcher(type='message', module=zhenxun.builtin_plugins.chat_history.chat_message, lineno=39) running complete
03-01 00:57:28 [SUCCESS] nonebot | OneBot V11 3042447114 | [message.group.normal]: Message 1427591029 from 3414580087@[群:816890778] '放终极的时候也没数buff'
03-01 00:57:28 [INFO] nonebot | Event will be handled by Matcher(type='message', module=zhenxun.builtin_plugins.chat_history.chat_message, lineno=39)
03-01 00:57:28 [INFO] nonebot | Matcher(type='message', module=zhenxun.builtin_plugins.chat_history.chat_message, lineno=39) running complete
03-01 00:57:38 [SUCCESS] nonebot | OneBot V11 3042447114 | [message.group.normal]: Message 1312861490 from 3429175491@[群:245810894] '或者把梅妃的睡法换成达芙妮'
03-01 00:57:38 [INFO] nonebot | Event will be handled by Matcher(type='message', module=zhenxun.builtin_plugins.chat_history.chat_message, lineno=39)
03-01 00:57:38 [INFO] nonebot | Matcher(type='message', module=zhenxun.builtin_plugins.chat_history.chat_message, lineno=39) running complete
03-01 00:57:44 [SUCCESS] nonebot | OneBot V11 3042447114 | [message.group.normal]: Message 1595578635 from 3414580087@[群:816890778] '[image:summary=,file=A4DF21496DB053A42CD481515B0D33FC.png,sub_type=0,url=https://multimedia.nt.qq.com.cn/download?appid=1407&fileid=EhTMvqBQ...,file_size=29807]'
03-01 00:57:44 [INFO] nonebot | Event will be handled by Matcher(type='message', module=zhenxun.builtin_plugins.chat_history.chat_message, lineno=39)
03-01 00:57:44 [INFO] nonebot | Matcher(type='message', module=zhenxun.builtin_plugins.chat_history.chat_message, lineno=39) running complete
03-01 00:57:49 [SUCCESS] nonebot | OneBot V11 3042447114 | [message.group.normal]: Message 2003828711 from 454348256@[群:645741432] '[image:summary=,file={1ACC4129-5B14-ADEE-BD53-5C2561C32626}.gif,sub_type=1,url=https://gchat.qpic.cn/gchatpic_new/0/0-0-1ACC41295B14ADEEBD535C2561...,file_size=72037]好像我场子没有这种配置的'
03-01 00:57:49 [INFO] nonebot | Event will be handled by Matcher(type='message', module=zhenxun.builtin_plugins.chat_history.chat_message, lineno=39)
03-01 00:57:49 [INFO] nonebot | Matcher(type='message', module=zhenxun.builtin_plugins.chat_history.chat_message, lineno=39) running complete
03-01 00:57:58 [SUCCESS] nonebot | OneBot V11 3042447114 | [message.group.normal]: Message 156284550 from 23569964@[群:645741432] '你那就不需要用人t'
03-01 00:57:58 [INFO] nonebot | Event will be handled by Matcher(type='message', module=zhenxun.builtin_plugins.chat_history.chat_message, lineno=39)
03-01 00:57:58 [INFO] nonebot | Matcher(type='message', module=zhenxun.builtin_plugins.chat_history.chat_message, lineno=39) running complete
03-01 00:58:04 [SUCCESS] nonebot | OneBot V11 3042447114 | [message.group.normal]: Message 1667176531 from 23569964@[群:645741432] '没什么意义'
03-01 00:58:04 [INFO] nonebot | Event will be handled by Matcher(type='message', module=zhenxun.builtin_plugins.chat_history.chat_message, lineno=39)
03-01 00:58:04 [INFO] nonebot | Matcher(type='message', module=zhenxun.builtin_plugins.chat_history.chat_message, lineno=39) running complete
03-01 00:58:16 [SUCCESS] nonebot | OneBot V11 3042447114 | [message.group.normal]: Message 2048079741 from 23569964@[群:645741432] '直接卡位秒秋就行'
03-01 00:58:16 [INFO] nonebot | Event will be handled by Matcher(type='message', module=zhenxun.builtin_plugins.chat_history.chat_message, lineno=39)
03-01 00:58:16 [INFO] nonebot | Matcher(type='message', module=zhenxun.builtin_plugins.chat_history.chat_message, lineno=39) running complete
03-01 00:59:06 [SUCCESS] nonebot | OneBot V11 3042447114 | [message.group.normal]: Message 1300494924 from 23569964@[群:645741432] '站三个前排，上人T干嘛'
03-01 00:59:06 [INFO] nonebot | Event will be handled by Matcher(type='message', module=zhenxun.builtin_plugins.chat_history.chat_message, lineno=39)
03-01 00:59:06 [INFO] nonebot | Matcher(type='message', module=zhenxun.builtin_plugins.chat_history.chat_message, lineno=39) running complete
03-01 00:59:07 [SUCCESS] nonebot | OneBot V11 3042447114 | [message.group.normal]: Message 278126775 from 2925522491@[群:392644938] '[image:summary=,file=0640212C4FEF6577FEF06F5157E684FB.jpg,sub_type=0,url=https://multimedia.nt.qq.com.cn/download?appid=1407&fileid=EhQ8lbDM...,file_size=431720]'
03-01 00:59:07 [INFO] nonebot | Event will be handled by Matcher(type='message', module=zhenxun.builtin_plugins.chat_history.chat_message, lineno=39)
03-01 00:59:07 [INFO] nonebot | Matcher(type='message', module=zhenxun.builtin_plugins.chat_history.chat_message, lineno=39) running complete
03-01 00:59:14 [SUCCESS] nonebot | OneBot V11 3042447114 | [message.group.normal]: Message 2036724013 from 2925522491@[群:392644938] '我也要启动'
03-01 00:59:14 [INFO] nonebot | Event will be handled by Matcher(type='message', module=zhenxun.builtin_plugins.chat_history.chat_message, lineno=39)
03-01 00:59:14 [INFO] nonebot | Matcher(type='message', module=zhenxun.builtin_plugins.chat_history.chat_message, lineno=39) running complete
03-01 00:59:18 [SUCCESS] nonebot | OneBot V11 3042447114 | [message.group.normal]: Message 1247115503 from 23569964@[群:645741432] '上去就随便打死了'
03-01 00:59:18 [INFO] nonebot | Event will be handled by Matcher(type='message', module=zhenxun.builtin_plugins.chat_history.chat_message, lineno=39)
03-01 00:59:18 [INFO] nonebot | Matcher(type='message', module=zhenxun.builtin_plugins.chat_history.chat_message, lineno=39) running complete
03-01 00:59:44 [SUCCESS] nonebot | OneBot V11 3042447114 | [message.group.normal]: Message 1807789408 from 454348256@[群:645741432] '确实 从站位就错了'
03-01 00:59:44 [INFO] nonebot | Event will be handled by Matcher(type='message', module=zhenxun.builtin_plugins.chat_history.chat_message, lineno=39)
03-01 00:59:44 [INFO] nonebot | Matcher(type='message', module=zhenxun.builtin_plugins.chat_history.chat_message, lineno=39) running complete
03-01 01:00:05 [SUCCESS] nonebot | OneBot V11 3042447114 | [message.group.normal]: Message 1594327969 from 208469464@[群:707984972] '[image:summary=[图片],file=c7d9f899d3657154537089f8f3c0706b.webp,sub_type=0,url=https://multimedia.nt.qq.com.cn/download?appid=1407&fileid=EhSv3oGW...,file_size=6228]'
03-01 01:00:05 [INFO] nonebot | Event will be handled by Matcher(type='message', module=zhenxun.builtin_plugins.chat_history.chat_message, lineno=39)
03-01 01:00:05 [INFO] nonebot | Matcher(type='message', module=zhenxun.builtin_plugins.chat_history.chat_message, lineno=39) running complete
03-01 01:00:08 [SUCCESS] nonebot | OneBot V11 3042447114 | [message.group.normal]: Message 2044394025 from 544131349@[群:475899384] '[video:file=414474e1922d14244e457a21dd087079.mp4,url=/home/rikka/.config/QQ/nt_qq_41e6ee5d5db067dbe11569f11f55338c/nt_da...,file_size=5583961]'
03-01 01:00:08 [INFO] nonebot | Event will be handled by Matcher(type='message', module=zhenxun.builtin_plugins.chat_history.chat_message, lineno=39)
03-01 01:00:08 [INFO] nonebot | Matcher(type='message', module=zhenxun.builtin_plugins.chat_history.chat_message, lineno=39) running complete
03-01 01:00:08 [SUCCESS] nonebot | OneBot V11 3042447114 | [message.group.normal]: Message 1795822965 from 23569964@[群:645741432] '把自己位置卡死了'
03-01 01:00:08 [INFO] nonebot | Event will be handled by Matcher(type='message', module=zhenxun.builtin_plugins.chat_history.chat_message, lineno=39)
03-01 01:00:08 [INFO] nonebot | Matcher(type='message', module=zhenxun.builtin_plugins.chat_history.chat_message, lineno=39) running complete
03-01 01:00:25 [SUCCESS] nonebot | OneBot V11 3042447114 | [message.group.normal]: Message 2140657866 from 365103469@[群:645741432] '让他明天试吧'
03-01 01:00:25 [INFO] nonebot | Event will be handled by Matcher(type='message', module=zhenxun.builtin_plugins.chat_history.chat_message, lineno=39)
03-01 01:00:25 [INFO] nonebot | Matcher(type='message', module=zhenxun.builtin_plugins.chat_history.chat_message, lineno=39) running complete
03-01 01:00:42 [SUCCESS] nonebot | OneBot V11 3042447114 | [message.group.normal]: Message 1256737036 from 1091611447@[群:475899384] '[json:data={"ver":"1.0.0.19","prompt":"[QQ小程序]朋友说一秒不用剪","config":{"type":"norm...]'
03-01 01:00:42 [INFO] nonebot | Event will be handled by Matcher(type='message', module=zhenxun.builtin_plugins.chat_history.chat_message, lineno=39)
03-01 01:00:42 [INFO] nonebot | Matcher(type='message', module=zhenxun.builtin_plugins.chat_history.chat_message, lineno=39) running complete
03-01 01:00:59 [SUCCESS] nonebot | OneBot V11 3042447114 | [message.group.normal]: Message 1824392583 from 350640529@[群:645741432] '我场里也没这配置，我现在都没上辅助了，'
03-01 01:00:59 [INFO] nonebot | Event will be handled by Matcher(type='message', module=zhenxun.builtin_plugins.chat_history.chat_message, lineno=39)
03-01 01:00:59 [INFO] nonebot | Matcher(type='message', module=zhenxun.builtin_plugins.chat_history.chat_message, lineno=39) running complete
03-01 01:01:00 [INFO] zhenxun | CMD[定时任务] 自动清理临时数据完成，共清理了 0.00MB 的数据...
03-01 01:01:11 [SUCCESS] nonebot | OneBot V11 3042447114 | [message.group.normal]: Message 134992520 from 1091611447@[群:475899384] '吓哭了'
03-01 01:01:11 [INFO] nonebot | Event will be handled by Matcher(type='message', module=zhenxun.builtin_plugins.chat_history.chat_message, lineno=39)
03-01 01:01:11 [INFO] nonebot | Matcher(type='message', module=zhenxun.builtin_plugins.chat_history.chat_message, lineno=39) running complete
03-01 01:01:13 [SUCCESS] nonebot | OneBot V11 3042447114 | [message.group.normal]: Message 865694916 from 1619866764@[群:864523321] '[image:summary=,file=1E236D8F6548AEBD21F25817C6D4DD20.jpg,sub_type=0,url=https://multimedia.nt.qq.com.cn/download?appid=1407&fileid=EhSjn47J...,file_size=2047194]'
03-01 01:01:13 [INFO] nonebot | Event will be handled by Matcher(type='message', module=zhenxun.builtin_plugins.chat_history.chat_message, lineno=39)
03-01 01:01:13 [INFO] nonebot | Matcher(type='message', module=zhenxun.builtin_plugins.chat_history.chat_message, lineno=39) running complete
03-01 01:01:16 [SUCCESS] nonebot | OneBot V11 3042447114 | [message.group.normal]: Message 1555047229 from 1619866764@[群:864523321] 'QWQ'
03-01 01:01:16 [INFO] nonebot | Event will be handled by Matcher(type='message', module=zhenxun.builtin_plugins.chat_history.chat_message, lineno=39)
03-01 01:01:16 [INFO] nonebot | Matcher(type='message', module=zhenxun.builtin_plugins.chat_history.chat_message, lineno=39) running complete
03-01 01:01:32 [SUCCESS] nonebot | OneBot V11 3042447114 | [message.group.normal]: Message 734614373 from 1305263714@[群:245810894] '好的，我明天再试试'
03-01 01:01:32 [INFO] nonebot | Event will be handled by Matcher(type='message', module=zhenxun.builtin_plugins.chat_history.chat_message, lineno=39)
03-01 01:01:32 [INFO] nonebot | Matcher(type='message', module=zhenxun.builtin_plugins.chat_history.chat_message, lineno=39) running complete
03-01 01:01:37 [SUCCESS] nonebot | OneBot V11 3042447114 | [message.group.normal]: Message 1253580116 from 23569964@[群:645741432] '要不就对位人T冲角落的达芙妮去'
03-01 01:01:37 [INFO] nonebot | Event will be handled by Matcher(type='message', module=zhenxun.builtin_plugins.chat_history.chat_message, lineno=39)
03-01 01:01:37 [INFO] nonebot | Matcher(type='message', module=zhenxun.builtin_plugins.chat_history.chat_message, lineno=39) running complete
03-01 01:01:40 [SUCCESS] nonebot | OneBot V11 3042447114 | [message.group.normal]: Message 1487888948 from 454348256@[群:645741432] '锁头队现在强度不咋地  基本没人玩了'
03-01 01:01:40 [INFO] nonebot | Event will be handled by Matcher(type='message', module=zhenxun.builtin_plugins.chat_history.chat_message, lineno=39)
03-01 01:01:40 [INFO] nonebot | Matcher(type='message', module=zhenxun.builtin_plugins.chat_history.chat_message, lineno=39) running complete
03-01 01:02:18 [SUCCESS] nonebot | OneBot V11 3042447114 | [message.group.normal]: Message 597966720 from 1510706440@[群:1032235226] '赞我'
03-01 01:02:18 [INFO] nonebot | Event will be handled by Matcher(type='message', module=zhenxun.builtin_plugins.chat_history.chat_message, lineno=39)
03-01 01:02:18 [INFO] nonebot | Matcher(type='message', module=zhenxun.builtin_plugins.chat_history.chat_message, lineno=39) running complete
03-01 01:02:19 [SUCCESS] nonebot | OneBot V11 3042447114 | [message.group.normal]: Message 1392790924 from 1296371529@[群:1032235226] '已经给你点了50个赞！如果失败可以添加好友再试！'
03-01 01:02:19 [INFO] nonebot | Event will be handled by Matcher(type='message', module=zhenxun.builtin_plugins.chat_history.chat_message, lineno=39)
03-01 01:02:19 [INFO] nonebot | Matcher(type='message', module=zhenxun.builtin_plugins.chat_history.chat_message, lineno=39) running complete
03-01 01:02:19 [SUCCESS] nonebot | OneBot V11 3042447114 | [message.group.normal]: Message 1798383371 from 2783438601@[群:1032235226] '[reply:id=597966720]给你点满了捏，记得回我qwq\n没成功的话加好友再试试~'
03-01 01:02:19 [INFO] nonebot | Event will be handled by Matcher(type='message', module=zhenxun.builtin_plugins.chat_history.chat_message, lineno=39)
03-01 01:02:19 [INFO] nonebot | Matcher(type='message', module=zhenxun.builtin_plugins.chat_history.chat_message, lineno=39) running complete
03-01 01:02:19 [SUCCESS] nonebot | OneBot V11 3042447114 | [message.group.normal]: Message 1593470978 from 2045515324@[群:1032235226] '[reply:id=597966720]已赞你，成功次数: 3，尝试次数: 3'
03-01 01:02:19 [INFO] nonebot | Event will be handled by Matcher(type='message', module=zhenxun.builtin_plugins.chat_history.chat_message, lineno=39)
03-01 01:02:19 [INFO] nonebot | Matcher(type='message', module=zhenxun.builtin_plugins.chat_history.chat_message, lineno=39) running complete
03-01 01:02:21 [SUCCESS] nonebot | OneBot V11 3042447114 | [message.group.normal]: Message 585520700 from 235286661@[群:1032235226] '[reply:id=597966720][at:qq=1510706440]给你赞了50下哦，记得回我~[image:summary=,file=f5b3cfeed4df637d252861a5c33cabe1.jpg,sub_type=0,url=https://gchat.qpic.cn/gchatpic_new/0/0-0-F5B3CFEED4DF637D252861A5C3...,file_size=214753]'
03-01 01:02:21 [INFO] nonebot | Event will be handled by Matcher(type='message', module=zhenxun.builtin_plugins.chat_history.chat_message, lineno=39)
03-01 01:02:21 [INFO] nonebot | Matcher(type='message', module=zhenxun.builtin_plugins.chat_history.chat_message, lineno=39) running complete
03-01 01:02:23 [SUCCESS] nonebot | OneBot V11 3042447114 | [message.group.normal]: Message 549748588 from 2516167259@[群:1032235226] '[at:qq=1510706440]\n给你点满了啦~\n(没成功的话加好友再试试~)'
03-01 01:02:23 [INFO] nonebot | Event will be handled by Matcher(type='message', module=zhenxun.builtin_plugins.chat_history.chat_message, lineno=39)
03-01 01:02:23 [INFO] nonebot | Matcher(type='message', module=zhenxun.builtin_plugins.chat_history.chat_message, lineno=39) running complete
03-01 01:02:24 [SUCCESS] nonebot | OneBot V11 3042447114 | [message.group.normal]: Message 1045474330 from 3631036719@[群:1032235226] '已点赞'
03-01 01:02:24 [INFO] nonebot | Event will be handled by Matcher(type='message', module=zhenxun.builtin_plugins.chat_history.chat_message, lineno=39)
03-01 01:02:24 [INFO] nonebot | Matcher(type='message', module=zhenxun.builtin_plugins.chat_history.chat_message, lineno=39) running complete
03-01 01:02:24 [SUCCESS] nonebot | OneBot V11 3042447114 | [message.group.normal]: Message 1860826255 from 3049339412@[群:1032235226] '已点赞'
03-01 01:02:24 [INFO] nonebot | Event will be handled by Matcher(type='message', module=zhenxun.builtin_plugins.chat_history.chat_message, lineno=39)
03-01 01:02:24 [INFO] nonebot | Matcher(type='message', module=zhenxun.builtin_plugins.chat_history.chat_message, lineno=39) running complete
03-01 01:02:28 [SUCCESS] nonebot | OneBot V11 3042447114 | [message.group.normal]: Message 2124609551 from 3414580087@[群:645741432] '单人jjc有啥好用的守阵吗'
03-01 01:02:28 [INFO] nonebot | Event will be handled by Matcher(type='message', module=zhenxun.builtin_plugins.chat_history.chat_message, lineno=39)
03-01 01:02:28 [INFO] nonebot | Matcher(type='message', module=zhenxun.builtin_plugins.chat_history.chat_message, lineno=39) running complete
03-01 01:02:42 [SUCCESS] nonebot | OneBot V11 3042447114 | [notice.group_recall]: {'time': 1740762162, 'self_id': 3042447114, 'post_type': 'notice', 'notice_type': 'group_recall', 'user_id': 235286661, 'group_id': 1032235226, 'operator_id': 235286661, 'message_id': 585520700}
03-01 01:02:42 [INFO] nonebot | Event will be handled by Matcher(type='notice', module=zhenxun.plugins.zhenxun_plugin_draw_painting, lineno=61)
03-01 01:02:42 [INFO] nonebot | Event will be handled by Matcher(type='notice', module=zhenxun.plugins.zhenxun_plugin_draw_painting, lineno=62)
03-01 01:02:42 [INFO] nonebot | Event will be handled by Matcher(type='notice', module=zhenxun.plugins.monitor, lineno=18)
03-01 01:02:42 [INFO] nonebot | Event will be handled by Matcher(type='notice', module=zhenxun.plugins.monitor, lineno=19)
03-01 01:02:42 [INFO] nonebot | Event will be handled by Matcher(type='notice', module=zhenxun.plugins.monitor, lineno=20)
03-01 01:02:42 [INFO] nonebot | Matcher(type='notice', module=zhenxun.plugins.monitor, lineno=19) running complete
03-01 01:02:42 [INFO] nonebot | Matcher(type='notice', module=zhenxun.plugins.zhenxun_plugin_draw_painting, lineno=62) running complete
03-01 01:02:42 [INFO] nonebot | Matcher(type='notice', module=zhenxun.plugins.monitor, lineno=18) running complete
03-01 01:02:42 [INFO] nonebot | Matcher(type='notice', module=zhenxun.plugins.monitor, lineno=20) running complete
03-01 01:02:42 [INFO] nonebot | Matcher(type='notice', module=zhenxun.plugins.zhenxun_plugin_draw_painting, lineno=61) running complete
03-01 01:02:44 [SUCCESS] nonebot | OneBot V11 3042447114 | [message.group.normal]: Message 47292461 from 1076492461@[群:245810894] '[reply:id=333580789][at:qq=2806722954] 这都是谁和谁啊（草'
03-01 01:02:44 [INFO] nonebot | Event will be handled by Matcher(type='message', module=zhenxun.builtin_plugins.chat_history.chat_message, lineno=39)
03-01 01:02:44 [INFO] nonebot | Matcher(type='message', module=zhenxun.builtin_plugins.chat_history.chat_message, lineno=39) running complete
03-01 01:02:46 [SUCCESS] nonebot | OneBot V11 3042447114 | [message.group.normal]: Message 291880958 from 1076492461@[群:245810894] '没看出来'
03-01 01:02:46 [INFO] nonebot | Event will be handled by Matcher(type='message', module=zhenxun.builtin_plugins.chat_history.chat_message, lineno=39)
03-01 01:02:46 [INFO] nonebot | Matcher(type='message', module=zhenxun.builtin_plugins.chat_history.chat_message, lineno=39) running complete
03-01 01:02:48 [SUCCESS] nonebot | OneBot V11 3042447114 | [message.group.normal]: Message 2128951637 from 1076492461@[群:245810894] '[image:summary=[动画表情],file=213E1DD3FFB007CF8A7F219EA6A5673B.jpg,sub_type=1,url=https://multimedia.nt.qq.com.cn/download?appid=1407&fileid=EhSaVZA1...,file_size=98363]'
03-01 01:02:48 [INFO] nonebot | Event will be handled by Matcher(type='message', module=zhenxun.builtin_plugins.chat_history.chat_message, lineno=39)
03-01 01:02:48 [INFO] nonebot | Matcher(type='message', module=zhenxun.builtin_plugins.chat_history.chat_message, lineno=39) running complete
03-01 01:02:49 [SUCCESS] nonebot | OneBot V11 3042447114 | [message.group.normal]: Message 1143124164 from 208469464@[群:1032235226] '已点赞'
03-01 01:02:49 [INFO] nonebot | Event will be handled by Matcher(type='message', module=zhenxun.builtin_plugins.chat_history.chat_message, lineno=39)
03-01 01:02:49 [INFO] nonebot | Matcher(type='message', module=zhenxun.builtin_plugins.chat_history.chat_message, lineno=39) running complete
03-01 01:02:50 [SUCCESS] nonebot | OneBot V11 3042447114 | [message.group.normal]: Message 284755945 from 1510706440@[群:1032235226] '撅[at:qq=1772797842]'
03-01 01:02:50 [INFO] nonebot | Event will be handled by Matcher(type='message', module=zhenxun.builtin_plugins.chat_history.chat_message, lineno=39)
03-01 01:02:50 [INFO] nonebot | Matcher(type='message', module=zhenxun.builtin_plugins.chat_history.chat_message, lineno=39) running complete
03-01 01:02:52 [SUCCESS] nonebot | OneBot V11 3042447114 | [message.group.normal]: Message 1051356822 from 3414580087@[群:645741432] '这几天被锤了20多次'
03-01 01:02:52 [INFO] nonebot | Event will be handled by Matcher(type='message', module=zhenxun.builtin_plugins.chat_history.chat_message, lineno=39)
03-01 01:02:52 [INFO] nonebot | Matcher(type='message', module=zhenxun.builtin_plugins.chat_history.chat_message, lineno=39) running complete
03-01 01:02:52 [SUCCESS] nonebot | OneBot V11 3042447114 | [message.group.normal]: Message 793903960 from 3631036719@[群:1032235226] '[image:summary=,file=9769E780D5671D74472AB8785D95FEF9.gif,sub_type=0,url=https://multimedia.nt.qq.com.cn/download?appid=1407&fileid=EhQNtxjy...,file_size=59807]'
03-01 01:02:52 [INFO] nonebot | Event will be handled by Matcher(type='message', module=zhenxun.builtin_plugins.chat_history.chat_message, lineno=39)
03-01 01:02:52 [INFO] nonebot | Matcher(type='message', module=zhenxun.builtin_plugins.chat_history.chat_message, lineno=39) running complete
03-01 01:02:52 [SUCCESS] nonebot | OneBot V11 3042447114 | [message.group.normal]: Message 265580081 from 208469464@[群:1032235226] '[image:summary=[图片],file=8fc4c8edf05cbb8a1a358a3958fb692b.gif,sub_type=0,url=https://multimedia.nt.qq.com.cn/download?appid=1407&fileid=EhRk0Uxh...,file_size=60090]'
03-01 01:02:52 [INFO] nonebot | Event will be handled by Matcher(type='message', module=zhenxun.builtin_plugins.chat_history.chat_message, lineno=39)
03-01 01:02:52 [INFO] nonebot | Matcher(type='message', module=zhenxun.builtin_plugins.chat_history.chat_message, lineno=39) running complete
03-01 01:02:53 [SUCCESS] nonebot | OneBot V11 3042447114 | [message.group.normal]: Message 1770809369 from 350640529@[群:645741432] '我这场里秋秋人和狂三对半开'
03-01 01:02:53 [INFO] nonebot | Event will be handled by Matcher(type='message', module=zhenxun.builtin_plugins.chat_history.chat_message, lineno=39)
03-01 01:02:53 [INFO] nonebot | Matcher(type='message', module=zhenxun.builtin_plugins.chat_history.chat_message, lineno=39) running complete
03-01 01:02:54 [SUCCESS] nonebot | OneBot V11 3042447114 | [message.group.normal]: Message 1772553986 from 1076492461@[群:245810894] '指支援'
03-01 01:02:54 [INFO] nonebot | Event will be handled by Matcher(type='message', module=zhenxun.builtin_plugins.chat_history.chat_message, lineno=39)
03-01 01:02:54 [INFO] nonebot | Matcher(type='message', module=zhenxun.builtin_plugins.chat_history.chat_message, lineno=39) running complete
03-01 01:02:55 [SUCCESS] nonebot | OneBot V11 3042447114 | [message.group.normal]: Message 1986979226 from 1076492461@[群:245810894] '[image:summary=[动画表情],file=213E1DD3FFB007CF8A7F219EA6A5673B.jpg,sub_type=1,url=https://multimedia.nt.qq.com.cn/download?appid=1407&fileid=EhSaVZA1...,file_size=98363]'
03-01 01:02:55 [INFO] nonebot | Event will be handled by Matcher(type='message', module=zhenxun.builtin_plugins.chat_history.chat_message, lineno=39)
03-01 01:02:55 [INFO] nonebot | Matcher(type='message', module=zhenxun.builtin_plugins.chat_history.chat_message, lineno=39) running complete
03-01 01:03:03 [SUCCESS] nonebot | OneBot V11 3042447114 | [message.group.normal]: Message 129965025 from 3414580087@[群:645741432] '[image:summary=,file=7B2C6BEF7CD552E2B53D37C0DE765AA3.png,sub_type=0,url=https://multimedia.nt.qq.com.cn/download?appid=1407&fileid=EhRZ_KNf...,file_size=17246]'
03-01 01:03:03 [INFO] nonebot | Event will be handled by Matcher(type='message', module=zhenxun.builtin_plugins.chat_history.chat_message, lineno=39)
03-01 01:03:03 [INFO] nonebot | Matcher(type='message', module=zhenxun.builtin_plugins.chat_history.chat_message, lineno=39) running complete
03-01 01:03:07 [SUCCESS] nonebot | OneBot V11 3042447114 | [message.group.normal]: Message 230305909 from 350640529@[群:645741432] '[image:summary=,file=8285C8069194769823942FD134DC38EF.jpg,sub_type=0,url=https://multimedia.nt.qq.com.cn/download?appid=1407&fileid=EhT7a9jo...,file_size=217283]'
03-01 01:03:07 [INFO] nonebot | Event will be handled by Matcher(type='message', module=zhenxun.builtin_plugins.chat_history.chat_message, lineno=39)
03-01 01:03:07 [INFO] nonebot | Matcher(type='message', module=zhenxun.builtin_plugins.chat_history.chat_message, lineno=39) running complete
03-01 01:03:17 [SUCCESS] nonebot | OneBot V11 3042447114 | [message.group.normal]: Message 95977479 from 350640529@[群:645741432] '我直接把秋秋人丢后排吃锁头了'
03-01 01:03:17 [INFO] nonebot | Event will be handled by Matcher(type='message', module=zhenxun.builtin_plugins.chat_history.chat_message, lineno=39)
03-01 01:03:17 [INFO] nonebot | Matcher(type='message', module=zhenxun.builtin_plugins.chat_history.chat_message, lineno=39) running complete
03-01 01:03:38 [SUCCESS] nonebot | OneBot V11 3042447114 | [message.group.normal]: Message 355600570 from 2691966192@[群:707984972] '查询世界BOSS'
03-01 01:03:38 [INFO] nonebot | Event will be handled by Matcher(type='message', module=zhenxun.builtin_plugins.chat_history.chat_message, lineno=39)
03-01 01:03:38 [INFO] nonebot | Matcher(type='message', module=zhenxun.builtin_plugins.chat_history.chat_message, lineno=39) running complete
03-01 01:03:40 [SUCCESS] nonebot | OneBot V11 3042447114 | [message.group.normal]: Message 2124458419 from 208469464@[群:707984972] '[image:summary=[图片],file=ef0476b2f8ddf5ac4215fe0a47e5c926.webp,sub_type=0,url=https://multimedia.nt.qq.com.cn/download?appid=1407&fileid=EhSgwnJi...,file_size=44978]'
03-01 01:03:40 [INFO] nonebot | Event will be handled by Matcher(type='message', module=zhenxun.builtin_plugins.chat_history.chat_message, lineno=39)
03-01 01:03:40 [INFO] nonebot | Matcher(type='message', module=zhenxun.builtin_plugins.chat_history.chat_message, lineno=39) running complete
03-01 01:04:33 [SUCCESS] nonebot | OneBot V11 3042447114 | [message.group.normal]: Message 1025290255 from 1091611447@[群:475899384] '魔女术能做出这场的概率不到千分之一（[image:summary=,file=71195FB5F935B928371B93E632D3DFF6.jpg,sub_type=0,url=https://multimedia.nt.qq.com.cn/download?appid=1407&fileid=EhTokdfw...,file_size=102466]'
03-01 01:04:33 [INFO] nonebot | Event will be handled by Matcher(type='message', module=zhenxun.builtin_plugins.chat_history.chat_message, lineno=39)
03-01 01:04:33 [INFO] nonebot | Matcher(type='message', module=zhenxun.builtin_plugins.chat_history.chat_message, lineno=39) running complete
03-01 01:05:26 [SUCCESS] nonebot | OneBot V11 3042447114 | [message.group.normal]: Message 1746389124 from 1600310529@[群:392644938] '[image:summary=,file=EAC6B54B6E37F2EDDE389CE37456C39B.jpg,sub_type=0,url=https://multimedia.nt.qq.com.cn/download?appid=1407&fileid=EhR-YIDk...,file_size=189279]'
03-01 01:05:26 [INFO] nonebot | Event will be handled by Matcher(type='message', module=zhenxun.builtin_plugins.chat_history.chat_message, lineno=39)
03-01 01:05:26 [INFO] nonebot | Matcher(type='message', module=zhenxun.builtin_plugins.chat_history.chat_message, lineno=39) running complete
03-01 01:05:29 [SUCCESS] nonebot | OneBot V11 3042447114 | [message.group.normal]: Message 1055117052 from 3662251073@[群:550150804] '[image:summary=,file=D3CAEA1333880ED3E3A75B26F95C3488.jpg,sub_type=0,url=https://multimedia.nt.qq.com.cn/download?appid=1407&fileid=EhTLQ2SK...,file_size=124554]'
03-01 01:05:29 [INFO] nonebot | Event will be handled by Matcher(type='message', module=zhenxun.builtin_plugins.chat_history.chat_message, lineno=39)
03-01 01:05:29 [INFO] nonebot | Matcher(type='message', module=zhenxun.builtin_plugins.chat_history.chat_message, lineno=39) running complete
03-01 01:05:37 [SUCCESS] nonebot | OneBot V11 3042447114 | [message.group.normal]: Message 1124787120 from 1600310529@[群:392644938] '都快过期了啊'
03-01 01:05:37 [INFO] nonebot | Event will be handled by Matcher(type='message', module=zhenxun.builtin_plugins.chat_history.chat_message, lineno=39)
03-01 01:05:37 [INFO] nonebot | Matcher(type='message', module=zhenxun.builtin_plugins.chat_history.chat_message, lineno=39) running complete
03-01 01:05:40 [SUCCESS] nonebot | OneBot V11 3042447114 | [message.group.normal]: Message 895331353 from 3662251073@[群:550150804] '新角有点变态了'
03-01 01:05:40 [INFO] nonebot | Event will be handled by Matcher(type='message', module=zhenxun.builtin_plugins.chat_history.chat_message, lineno=39)
03-01 01:05:40 [INFO] nonebot | Matcher(type='message', module=zhenxun.builtin_plugins.chat_history.chat_message, lineno=39) running complete
03-01 01:06:05 [SUCCESS] nonebot | OneBot V11 3042447114 | [message.group.normal]: Message 1544821903 from 1600310529@[群:392644938] '[image:summary=,file=1548128884D54A39BAEAA9EAF218D2AD.jpg,sub_type=0,url=https://multimedia.nt.qq.com.cn/download?appid=1407&fileid=EhTZ7QO2...,file_size=138028]'
03-01 01:06:05 [INFO] nonebot | Event will be handled by Matcher(type='message', module=zhenxun.builtin_plugins.chat_history.chat_message, lineno=39)
03-01 01:06:05 [INFO] nonebot | Matcher(type='message', module=zhenxun.builtin_plugins.chat_history.chat_message, lineno=39) running complete
03-01 01:06:10 [SUCCESS] nonebot | OneBot V11 3042447114 | [message.group.normal]: Message 836564256 from 1600310529@[群:392644938] '不是哥们'
03-01 01:06:10 [INFO] nonebot | Event will be handled by Matcher(type='message', module=zhenxun.builtin_plugins.chat_history.chat_message, lineno=39)
03-01 01:06:10 [INFO] nonebot | Matcher(type='message', module=zhenxun.builtin_plugins.chat_history.chat_message, lineno=39) running complete
03-01 01:06:15 [SUCCESS] nonebot | OneBot V11 3042447114 | [message.group.normal]: Message 2075062105 from 1600310529@[群:392644938] '怎么又是你啊'
03-01 01:06:15 [INFO] nonebot | Event will be handled by Matcher(type='message', module=zhenxun.builtin_plugins.chat_history.chat_message, lineno=39)
03-01 01:06:15 [INFO] nonebot | Matcher(type='message', module=zhenxun.builtin_plugins.chat_history.chat_message, lineno=39) running complete
03-01 01:07:19 [SUCCESS] nonebot | OneBot V11 3042447114 | [notice.group_recall]: {'time': 1740762439, 'self_id': 3042447114, 'post_type': 'notice', 'notice_type': 'group_recall', 'user_id': 1296371529, 'group_id': 1032235226, 'operator_id': 1060999175, 'message_id': 1392790924}
03-01 01:07:19 [INFO] nonebot | Event will be handled by Matcher(type='notice', module=zhenxun.plugins.zhenxun_plugin_draw_painting, lineno=61)
03-01 01:07:19 [INFO] nonebot | Event will be handled by Matcher(type='notice', module=zhenxun.plugins.zhenxun_plugin_draw_painting, lineno=62)
03-01 01:07:19 [INFO] nonebot | Event will be handled by Matcher(type='notice', module=zhenxun.plugins.monitor, lineno=18)
03-01 01:07:19 [INFO] nonebot | Event will be handled by Matcher(type='notice', module=zhenxun.plugins.monitor, lineno=19)
03-01 01:07:19 [INFO] nonebot | Event will be handled by Matcher(type='notice', module=zhenxun.plugins.monitor, lineno=20)
03-01 01:07:19 [INFO] nonebot | Matcher(type='notice', module=zhenxun.plugins.monitor, lineno=18) running complete
03-01 01:07:19 [INFO] nonebot | Matcher(type='notice', module=zhenxun.plugins.monitor, lineno=19) running complete
03-01 01:07:19 [INFO] nonebot | Matcher(type='notice', module=zhenxun.plugins.zhenxun_plugin_draw_painting, lineno=61) running complete
03-01 01:07:19 [INFO] nonebot | Matcher(type='notice', module=zhenxun.plugins.zhenxun_plugin_draw_painting, lineno=62) running complete
03-01 01:07:19 [INFO] nonebot | Matcher(type='notice', module=zhenxun.plugins.monitor, lineno=20) running complete
03-01 01:07:19 [SUCCESS] nonebot | OneBot V11 3042447114 | [notice.group_recall]: {'time': 1740762439, 'self_id': 3042447114, 'post_type': 'notice', 'notice_type': 'group_recall', 'user_id': 2783438601, 'group_id': 1032235226, 'operator_id': 1060999175, 'message_id': 1798383371}
03-01 01:07:19 [INFO] nonebot | Event will be handled by Matcher(type='notice', module=zhenxun.plugins.zhenxun_plugin_draw_painting, lineno=61)
03-01 01:07:19 [INFO] nonebot | Event will be handled by Matcher(type='notice', module=zhenxun.plugins.zhenxun_plugin_draw_painting, lineno=62)
03-01 01:07:19 [INFO] nonebot | Event will be handled by Matcher(type='notice', module=zhenxun.plugins.monitor, lineno=18)
03-01 01:07:19 [INFO] nonebot | Event will be handled by Matcher(type='notice', module=zhenxun.plugins.monitor, lineno=19)
03-01 01:07:19 [INFO] nonebot | Event will be handled by Matcher(type='notice', module=zhenxun.plugins.monitor, lineno=20)
03-01 01:07:19 [INFO] nonebot | Matcher(type='notice', module=zhenxun.plugins.zhenxun_plugin_draw_painting, lineno=61) running complete
03-01 01:07:19 [INFO] nonebot | Matcher(type='notice', module=zhenxun.plugins.monitor, lineno=19) running complete
03-01 01:07:19 [INFO] nonebot | Matcher(type='notice', module=zhenxun.plugins.monitor, lineno=20) running complete
03-01 01:07:19 [INFO] nonebot | Matcher(type='notice', module=zhenxun.plugins.monitor, lineno=18) running complete
03-01 01:07:19 [INFO] nonebot | Matcher(type='notice', module=zhenxun.plugins.zhenxun_plugin_draw_painting, lineno=62) running complete
03-01 01:07:19 [SUCCESS] nonebot | OneBot V11 3042447114 | [notice.group_recall]: {'time': 1740762439, 'self_id': 3042447114, 'post_type': 'notice', 'notice_type': 'group_recall', 'user_id': 2045515324, 'group_id': 1032235226, 'operator_id': 1060999175, 'message_id': 1593470978}
03-01 01:07:19 [INFO] nonebot | Event will be handled by Matcher(type='notice', module=zhenxun.plugins.zhenxun_plugin_draw_painting, lineno=61)
03-01 01:07:19 [INFO] nonebot | Event will be handled by Matcher(type='notice', module=zhenxun.plugins.zhenxun_plugin_draw_painting, lineno=62)
03-01 01:07:19 [INFO] nonebot | Event will be handled by Matcher(type='notice', module=zhenxun.plugins.monitor, lineno=18)
03-01 01:07:19 [INFO] nonebot | Event will be handled by Matcher(type='notice', module=zhenxun.plugins.monitor, lineno=19)
03-01 01:07:19 [INFO] nonebot | Event will be handled by Matcher(type='notice', module=zhenxun.plugins.monitor, lineno=20)
03-01 01:07:19 [INFO] nonebot | Matcher(type='notice', module=zhenxun.plugins.monitor, lineno=18) running complete
03-01 01:07:19 [INFO] nonebot | Matcher(type='notice', module=zhenxun.plugins.zhenxun_plugin_draw_painting, lineno=61) running complete
03-01 01:07:19 [INFO] nonebot | Matcher(type='notice', module=zhenxun.plugins.monitor, lineno=19) running complete
03-01 01:07:19 [INFO] nonebot | Matcher(type='notice', module=zhenxun.plugins.monitor, lineno=20) running complete
03-01 01:07:19 [INFO] nonebot | Matcher(type='notice', module=zhenxun.plugins.zhenxun_plugin_draw_painting, lineno=62) running complete
03-01 01:07:23 [SUCCESS] nonebot | OneBot V11 3042447114 | [notice.group_recall]: {'time': 1740762443, 'self_id': 3042447114, 'post_type': 'notice', 'notice_type': 'group_recall', 'user_id': 2516167259, 'group_id': 1032235226, 'operator_id': 1060999175, 'message_id': 549748588}
03-01 01:07:23 [INFO] nonebot | Event will be handled by Matcher(type='notice', module=zhenxun.plugins.zhenxun_plugin_draw_painting, lineno=61)
03-01 01:07:23 [INFO] nonebot | Event will be handled by Matcher(type='notice', module=zhenxun.plugins.zhenxun_plugin_draw_painting, lineno=62)
03-01 01:07:23 [INFO] nonebot | Event will be handled by Matcher(type='notice', module=zhenxun.plugins.monitor, lineno=18)
03-01 01:07:23 [INFO] nonebot | Event will be handled by Matcher(type='notice', module=zhenxun.plugins.monitor, lineno=19)
03-01 01:07:23 [INFO] nonebot | Event will be handled by Matcher(type='notice', module=zhenxun.plugins.monitor, lineno=20)
03-01 01:07:23 [INFO] nonebot | Matcher(type='notice', module=zhenxun.plugins.monitor, lineno=18) running complete
03-01 01:07:23 [INFO] nonebot | Matcher(type='notice', module=zhenxun.plugins.monitor, lineno=19) running complete
03-01 01:07:23 [INFO] nonebot | Matcher(type='notice', module=zhenxun.plugins.zhenxun_plugin_draw_painting, lineno=61) running complete
03-01 01:07:23 [INFO] nonebot | Matcher(type='notice', module=zhenxun.plugins.monitor, lineno=20) running complete
03-01 01:07:23 [INFO] nonebot | Matcher(type='notice', module=zhenxun.plugins.zhenxun_plugin_draw_painting, lineno=62) running complete
03-01 01:07:24 [SUCCESS] nonebot | OneBot V11 3042447114 | [notice.group_recall]: {'time': 1740762444, 'self_id': 3042447114, 'post_type': 'notice', 'notice_type': 'group_recall', 'user_id': 3631036719, 'group_id': 1032235226, 'operator_id': 1060999175, 'message_id': 1045474330}
03-01 01:07:24 [INFO] nonebot | Event will be handled by Matcher(type='notice', module=zhenxun.plugins.zhenxun_plugin_draw_painting, lineno=61)
03-01 01:07:24 [INFO] nonebot | Event will be handled by Matcher(type='notice', module=zhenxun.plugins.zhenxun_plugin_draw_painting, lineno=62)
03-01 01:07:24 [INFO] nonebot | Event will be handled by Matcher(type='notice', module=zhenxun.plugins.monitor, lineno=18)
03-01 01:07:24 [INFO] nonebot | Event will be handled by Matcher(type='notice', module=zhenxun.plugins.monitor, lineno=19)
03-01 01:07:24 [INFO] nonebot | Event will be handled by Matcher(type='notice', module=zhenxun.plugins.monitor, lineno=20)
03-01 01:07:24 [INFO] nonebot | Matcher(type='notice', module=zhenxun.plugins.monitor, lineno=18) running complete
03-01 01:07:24 [INFO] nonebot | Matcher(type='notice', module=zhenxun.plugins.zhenxun_plugin_draw_painting, lineno=61) running complete
03-01 01:07:24 [INFO] nonebot | Matcher(type='notice', module=zhenxun.plugins.monitor, lineno=19) running complete
03-01 01:07:24 [INFO] nonebot | Matcher(type='notice', module=zhenxun.plugins.monitor, lineno=20) running complete
03-01 01:07:24 [INFO] nonebot | Matcher(type='notice', module=zhenxun.plugins.zhenxun_plugin_draw_painting, lineno=62) running complete
03-01 01:07:25 [SUCCESS] nonebot | OneBot V11 3042447114 | [notice.group_recall]: {'time': 1740762445, 'self_id': 3042447114, 'post_type': 'notice', 'notice_type': 'group_recall', 'user_id': 3049339412, 'group_id': 1032235226, 'operator_id': 1060999175, 'message_id': 1860826255}
03-01 01:07:25 [INFO] nonebot | Event will be handled by Matcher(type='notice', module=zhenxun.plugins.zhenxun_plugin_draw_painting, lineno=61)
03-01 01:07:25 [INFO] nonebot | Event will be handled by Matcher(type='notice', module=zhenxun.plugins.zhenxun_plugin_draw_painting, lineno=62)
03-01 01:07:25 [INFO] nonebot | Event will be handled by Matcher(type='notice', module=zhenxun.plugins.monitor, lineno=18)
03-01 01:07:25 [INFO] nonebot | Event will be handled by Matcher(type='notice', module=zhenxun.plugins.monitor, lineno=19)
03-01 01:07:25 [INFO] nonebot | Event will be handled by Matcher(type='notice', module=zhenxun.plugins.monitor, lineno=20)
03-01 01:07:25 [INFO] nonebot | Matcher(type='notice', module=zhenxun.plugins.zhenxun_plugin_draw_painting, lineno=62) running complete
03-01 01:07:25 [INFO] nonebot | Matcher(type='notice', module=zhenxun.plugins.zhenxun_plugin_draw_painting, lineno=61) running complete
03-01 01:07:25 [INFO] nonebot | Matcher(type='notice', module=zhenxun.plugins.monitor, lineno=19) running complete
03-01 01:07:25 [INFO] nonebot | Matcher(type='notice', module=zhenxun.plugins.monitor, lineno=20) running complete
03-01 01:07:25 [INFO] nonebot | Matcher(type='notice', module=zhenxun.plugins.monitor, lineno=18) running complete
03-01 01:07:26 [SUCCESS] nonebot | OneBot V11 3042447114 | [message.group.normal]: Message 359960204 from 2806722954@[群:245810894] '[reply:id=1772553986][at:qq=1076492461] \n1琼 弗里姆\n2娜伊雅 智河\n3朵菈 夏娃\n4阿德里安 莉莉丝\n5琳赛 佳妮特'
03-01 01:07:26 [INFO] nonebot | Event will be handled by Matcher(type='message', module=zhenxun.builtin_plugins.chat_history.chat_message, lineno=39)
03-01 01:07:26 [INFO] nonebot | Matcher(type='message', module=zhenxun.builtin_plugins.chat_history.chat_message, lineno=39) running complete
03-01 01:07:37 [SUCCESS] nonebot | OneBot V11 3042447114 | [message.group.normal]: Message 1700951498 from 3399421580@[群:864523321] 'QWQ'
03-01 01:07:37 [INFO] nonebot | Event will be handled by Matcher(type='message', module=zhenxun.builtin_plugins.chat_history.chat_message, lineno=39)
03-01 01:07:37 [INFO] nonebot | Matcher(type='message', module=zhenxun.builtin_plugins.chat_history.chat_message, lineno=39) running complete
03-01 01:07:37 [SUCCESS] nonebot | OneBot V11 3042447114 | [message.group.normal]: Message 569903760 from 2806722954@[群:245810894] '从上到下'
03-01 01:07:37 [INFO] nonebot | Event will be handled by Matcher(type='message', module=zhenxun.builtin_plugins.chat_history.chat_message, lineno=39)
03-01 01:07:37 [INFO] nonebot | Matcher(type='message', module=zhenxun.builtin_plugins.chat_history.chat_message, lineno=39) running complete
03-01 01:07:49 [SUCCESS] nonebot | OneBot V11 3042447114 | [notice.group_recall]: {'time': 1740762469, 'self_id': 3042447114, 'post_type': 'notice', 'notice_type': 'group_recall', 'user_id': 208469464, 'group_id': 1032235226, 'operator_id': 1060999175, 'message_id': 1143124164}
03-01 01:07:49 [INFO] nonebot | Event will be handled by Matcher(type='notice', module=zhenxun.plugins.zhenxun_plugin_draw_painting, lineno=61)
03-01 01:07:49 [INFO] nonebot | Event will be handled by Matcher(type='notice', module=zhenxun.plugins.zhenxun_plugin_draw_painting, lineno=62)
03-01 01:07:49 [INFO] nonebot | Event will be handled by Matcher(type='notice', module=zhenxun.plugins.monitor, lineno=18)
03-01 01:07:49 [INFO] nonebot | Event will be handled by Matcher(type='notice', module=zhenxun.plugins.monitor, lineno=19)
03-01 01:07:49 [INFO] nonebot | Event will be handled by Matcher(type='notice', module=zhenxun.plugins.monitor, lineno=20)
03-01 01:07:49 [INFO] nonebot | Matcher(type='notice', module=zhenxun.plugins.monitor, lineno=19) running complete
03-01 01:07:49 [INFO] nonebot | Matcher(type='notice', module=zhenxun.plugins.monitor, lineno=20) running complete
03-01 01:07:49 [INFO] nonebot | Matcher(type='notice', module=zhenxun.plugins.zhenxun_plugin_draw_painting, lineno=61) running complete
03-01 01:07:49 [INFO] nonebot | Matcher(type='notice', module=zhenxun.plugins.monitor, lineno=18) running complete
03-01 01:07:49 [INFO] nonebot | Matcher(type='notice', module=zhenxun.plugins.zhenxun_plugin_draw_painting, lineno=62) running complete
03-01 01:07:52 [SUCCESS] nonebot | OneBot V11 3042447114 | [message.group.normal]: Message 1391117707 from 1737723118@[群:392644938] '想起去年人气了'
03-01 01:07:52 [INFO] nonebot | Event will be handled by Matcher(type='message', module=zhenxun.builtin_plugins.chat_history.chat_message, lineno=39)
03-01 01:07:52 [INFO] nonebot | Matcher(type='message', module=zhenxun.builtin_plugins.chat_history.chat_message, lineno=39) running complete
03-01 01:07:54 [SUCCESS] nonebot | OneBot V11 3042447114 | [message.group.normal]: Message 1948307223 from 1737723118@[群:392644938] "[face:id=178,raw={'faceIndex': 178, 'faceText': None, 'faceType': 1, 'packId': None,...]"
03-01 01:07:54 [INFO] nonebot | Event will be handled by Matcher(type='message', module=zhenxun.builtin_plugins.chat_history.chat_message, lineno=39)
03-01 01:07:54 [INFO] nonebot | Matcher(type='message', module=zhenxun.builtin_plugins.chat_history.chat_message, lineno=39) running complete
03-01 01:07:56 [SUCCESS] nonebot | OneBot V11 3042447114 | [message.group.normal]: Message 351222354 from 3399421580@[群:864523321] '🔥没了'
03-01 01:07:56 [INFO] nonebot | Event will be handled by Matcher(type='message', module=zhenxun.builtin_plugins.chat_history.chat_message, lineno=39)
03-01 01:07:56 [INFO] nonebot | Matcher(type='message', module=zhenxun.builtin_plugins.chat_history.chat_message, lineno=39) running complete
03-01 01:09:19 [SUCCESS] nonebot | OneBot V11 3042447114 | [message.group.normal]: Message 1266395949 from 2153498514@[群:835405478] '[at:qq=3889001741] 今天吃什么'
03-01 01:09:19 [INFO] nonebot | Event will be handled by Matcher(type='message', module=zhenxun.builtin_plugins.chat_history.chat_message, lineno=39)
03-01 01:09:19 [INFO] nonebot | Matcher(type='message', module=zhenxun.builtin_plugins.chat_history.chat_message, lineno=39) running complete
03-01 01:09:20 [SUCCESS] nonebot | OneBot V11 3042447114 | [message.group.normal]: Message 1541049184 from 3889001741@[群:835405478] '[markdown:content=[](%7B%22version%22%3A2%7D)\n![烧卖 #791px #530px](https://qqbot.ugcim...]@搁浅。\n今天去吃烧卖吧~\n菜单| 🔗点击邀请小小'
03-01 01:09:20 [INFO] nonebot | Event will be handled by Matcher(type='message', module=zhenxun.builtin_plugins.chat_history.chat_message, lineno=39)
03-01 01:09:20 [INFO] nonebot | Matcher(type='message', module=zhenxun.builtin_plugins.chat_history.chat_message, lineno=39) running complete
03-01 01:09:30 [SUCCESS] nonebot | OneBot V11 3042447114 | [message.group.normal]: Message 1458513577 from 2153498514@[群:835405478] '好'
03-01 01:09:30 [INFO] nonebot | Event will be handled by Matcher(type='message', module=zhenxun.builtin_plugins.chat_history.chat_message, lineno=39)
03-01 01:09:30 [INFO] nonebot | Matcher(type='message', module=zhenxun.builtin_plugins.chat_history.chat_message, lineno=39) running complete
03-01 01:09:34 [SUCCESS] nonebot | OneBot V11 3042447114 | [message.group.normal]: Message 1026129638 from 2153498514@[群:835405478] '[at:qq=3889001741] 签到'
03-01 01:09:34 [INFO] nonebot | Event will be handled by Matcher(type='message', module=zhenxun.builtin_plugins.chat_history.chat_message, lineno=39)
03-01 01:09:34 [INFO] nonebot | Matcher(type='message', module=zhenxun.builtin_plugins.chat_history.chat_message, lineno=39) running complete
03-01 01:09:39 [SUCCESS] nonebot | OneBot V11 3042447114 | [message.group.normal]: Message 1332516450 from 3889001741@[群:835405478] '[markdown:content=[](%7B%22version%22%3A2%7D)\n![签到信息 #928px #1133px](https://qqbot.ug...]@搁浅。\n菜单| 🔗点击邀请小小'
03-01 01:09:39 [INFO] nonebot | Event will be handled by Matcher(type='message', module=zhenxun.builtin_plugins.chat_history.chat_message, lineno=39)
03-01 01:09:39 [INFO] nonebot | Matcher(type='message', module=zhenxun.builtin_plugins.chat_history.chat_message, lineno=39) running complete
03-01 01:10:03 [SUCCESS] nonebot | OneBot V11 3042447114 | [message.group.normal]: Message 734938240 from 1605508903@[群:392644938] '大佬们，异时层挑战卷一周给几张呀，下个月一日之前没用完会清空吗？'
03-01 01:10:03 [INFO] nonebot | Event will be handled by Matcher(type='message', module=zhenxun.builtin_plugins.chat_history.chat_message, lineno=39)
03-01 01:10:03 [INFO] nonebot | Matcher(type='message', module=zhenxun.builtin_plugins.chat_history.chat_message, lineno=39) running complete
03-01 01:10:13 [SUCCESS] nonebot | OneBot V11 3042447114 | [message.group.normal]: Message 2014126632 from 477976456@[群:550150804] '这个贝尔经历了什么（）'
03-01 01:10:13 [INFO] nonebot | Event will be handled by Matcher(type='message', module=zhenxun.builtin_plugins.chat_history.chat_message, lineno=39)
03-01 01:10:13 [INFO] nonebot | Matcher(type='message', module=zhenxun.builtin_plugins.chat_history.chat_message, lineno=39) running complete
03-01 01:10:40 [SUCCESS] nonebot | OneBot V11 3042447114 | [message.group.normal]: Message 1981081665 from 477976456@[群:550150804] '直接4打5了'
03-01 01:10:40 [INFO] nonebot | Event will be handled by Matcher(type='message', module=zhenxun.builtin_plugins.chat_history.chat_message, lineno=39)
03-01 01:10:40 [INFO] nonebot | Matcher(type='message', module=zhenxun.builtin_plugins.chat_history.chat_message, lineno=39) running complete
03-01 01:10:46 [SUCCESS] nonebot | OneBot V11 3042447114 | [message.group.normal]: Message 1067576507 from 815690231@[群:816890778] '这队最脆的是血最多的威里，血再厚都不如90免伤上限[image:summary=[动画表情],file=8D4B8437A1CE8C6A4EA9F0EA54A1F122.jpg,sub_type=1,url=https://multimedia.nt.qq.com.cn/download?appid=1407&fileid=EhRzob7U...,file_size=63121]'
03-01 01:10:46 [INFO] nonebot | Event will be handled by Matcher(type='message', module=zhenxun.builtin_plugins.chat_history.chat_message, lineno=39)
03-01 01:10:46 [INFO] nonebot | Matcher(type='message', module=zhenxun.builtin_plugins.chat_history.chat_message, lineno=39) running complete
03-01 01:11:46 [SUCCESS] nonebot | OneBot V11 3042447114 | [message.group.normal]: Message 1626575935 from 2697915011@[群:392644938] '1'
03-01 01:11:46 [INFO] nonebot | Event will be handled by Matcher(type='message', module=zhenxun.builtin_plugins.chat_history.chat_message, lineno=39)
03-01 01:11:46 [INFO] nonebot | Matcher(type='message', module=zhenxun.builtin_plugins.chat_history.chat_message, lineno=39) running complete
03-01 01:11:46 [SUCCESS] nonebot | OneBot V11 3042447114 | [message.group.normal]: Message 230727295 from 350640529@[群:645741432] '不对，想了下，我欧妮丝都下了，那我可以直接把秋秋人换狂三了'
03-01 01:11:46 [INFO] nonebot | Event will be handled by Matcher(type='message', module=zhenxun.builtin_plugins.chat_history.chat_message, lineno=39)
03-01 01:11:46 [INFO] nonebot | Matcher(type='message', module=zhenxun.builtin_plugins.chat_history.chat_message, lineno=39) running complete
03-01 01:11:58 [SUCCESS] nonebot | OneBot V11 3042447114 | [message.group.normal]: Message 576733969 from 3034109192@[群:864523321] '[image:summary=[动画表情],file=1990FDAC7122F07940CC0A0A04D10B32.jpg,sub_type=1,url=https://multimedia.nt.qq.com.cn/download?appid=1407&fileid=EhSmQS61...,file_size=1044329]'
03-01 01:11:58 [INFO] nonebot | Event will be handled by Matcher(type='message', module=zhenxun.builtin_plugins.chat_history.chat_message, lineno=39)
03-01 01:11:58 [INFO] nonebot | Matcher(type='message', module=zhenxun.builtin_plugins.chat_history.chat_message, lineno=39) running complete
03-01 01:12:14 [SUCCESS] nonebot | OneBot V11 3042447114 | [notice.notify.poke]: {'time': 1740762734, 'self_id': 3042447114, 'post_type': 'notice', 'notice_type': 'notify', 'sub_type': 'poke', 'user_id': 2246241738, 'group_id': 864523321, 'target_id': 3399421580, 'raw_info': [{'col': '1', 'nm': '', 'type': 'qq', 'uid': 'u_d555n21mf27zhiMkpK0kiA'}, {'jp': 'https://zb.vip.qq.com/v2/pages/nudgeMall?_wv=2&actionId=0', 'src': 'http://tianquan.gtimg.cn/nudgeaction/item/0/expression.jpg', 'type': 'img'}, {'txt': '戳了戳', 'type': 'nor'}, {'col': '1', 'nm': '', 'tp': '0', 'type': 'qq', 'uid': 'u_5hMe9FXo_A-2qYtpFSP9Yg'}, {'txt': '的眼珠子', 'type': 'nor'}]}
03-01 01:12:14 [INFO] nonebot | Event will be handled by Matcher(type='notice', module=zhenxun.plugins.zhenxun_plugin_draw_painting, lineno=61)
03-01 01:12:14 [INFO] nonebot | Event will be handled by Matcher(type='notice', module=zhenxun.plugins.zhenxun_plugin_draw_painting, lineno=62)
03-01 01:12:14 [INFO] nonebot | Event will be handled by Matcher(type='notice', module=zhenxun.plugins.monitor, lineno=18)
03-01 01:12:14 [INFO] nonebot | Event will be handled by Matcher(type='notice', module=zhenxun.plugins.monitor, lineno=19)
03-01 01:12:14 [INFO] nonebot | Event will be handled by Matcher(type='notice', module=zhenxun.plugins.monitor, lineno=20)
03-01 01:12:14 [INFO] nonebot | Matcher(type='notice', module=zhenxun.plugins.monitor, lineno=18) running complete
03-01 01:12:14 [INFO] nonebot | Matcher(type='notice', module=zhenxun.plugins.monitor, lineno=19) running complete
03-01 01:12:14 [INFO] nonebot | Matcher(type='notice', module=zhenxun.plugins.monitor, lineno=20) running complete
03-01 01:12:14 [INFO] nonebot | Matcher(type='notice', module=zhenxun.plugins.zhenxun_plugin_draw_painting, lineno=62) running complete
03-01 01:12:14 [INFO] nonebot | Matcher(type='notice', module=zhenxun.plugins.zhenxun_plugin_draw_painting, lineno=61) running is cancelled
03-01 01:12:23 [SUCCESS] nonebot | OneBot V11 3042447114 | [message.group.normal]: Message 1987566724 from 2246241738@[群:864523321] '[at:qq=3399421580] 真是笨蛋'
03-01 01:12:23 [INFO] nonebot | Event will be handled by Matcher(type='message', module=zhenxun.builtin_plugins.chat_history.chat_message, lineno=39)
03-01 01:12:23 [INFO] nonebot | Matcher(type='message', module=zhenxun.builtin_plugins.chat_history.chat_message, lineno=39) running complete
03-01 01:12:57 [SUCCESS] nonebot | OneBot V11 3042447114 | [message.group.normal]: Message 243609442 from 815690231@[群:816890778] '不是90免伤就是90抗性，显得威里变成血牛脆皮了'
03-01 01:12:57 [INFO] nonebot | Event will be handled by Matcher(type='message', module=zhenxun.builtin_plugins.chat_history.chat_message, lineno=39)
03-01 01:12:57 [INFO] nonebot | Matcher(type='message', module=zhenxun.builtin_plugins.chat_history.chat_message, lineno=39) running complete
03-01 01:15:24 [SUCCESS] nonebot | OneBot V11 3042447114 | [message.group.normal]: Message 1493719566 from 415051556@[群:475899384] '[image:summary=,file=EAB3C31DE07148DD4D37E8575901FCBE.png,sub_type=0,url=https://multimedia.nt.qq.com.cn/download?appid=1407&fileid=EhSFn6E2...,file_size=187313]'
03-01 01:15:24 [INFO] nonebot | Event will be handled by Matcher(type='message', module=zhenxun.builtin_plugins.chat_history.chat_message, lineno=39)
03-01 01:15:24 [INFO] nonebot | Matcher(type='message', module=zhenxun.builtin_plugins.chat_history.chat_message, lineno=39) running complete
03-01 01:18:25 [SUCCESS] nonebot | OneBot V11 3042447114 | [message.group.normal]: Message 209646806 from 160806749@[群:864523321] '池塘有十朵莲，我只采一朵知道是为什么吗'
03-01 01:18:25 [INFO] nonebot | Event will be handled by Matcher(type='message', module=zhenxun.builtin_plugins.chat_history.chat_message, lineno=39)
03-01 01:18:25 [INFO] nonebot | Matcher(type='message', module=zhenxun.builtin_plugins.chat_history.chat_message, lineno=39) running complete
03-01 01:18:53 [SUCCESS] nonebot | OneBot V11 3042447114 | [message.group.normal]: Message 520022560 from 2797411757@[群:864523321] '你采九朵莲'
03-01 01:18:53 [INFO] nonebot | Event will be handled by Matcher(type='message', module=zhenxun.builtin_plugins.chat_history.chat_message, lineno=39)
03-01 01:18:53 [INFO] nonebot | Matcher(type='message', module=zhenxun.builtin_plugins.chat_history.chat_message, lineno=39) running complete
03-01 01:19:10 [SUCCESS] nonebot | OneBot V11 3042447114 | [message.group.normal]: Message 1477126112 from 160806749@[群:864523321] '你是'
03-01 01:19:10 [INFO] nonebot | Event will be handled by Matcher(type='message', module=zhenxun.builtin_plugins.chat_history.chat_message, lineno=39)
03-01 01:19:10 [INFO] nonebot | Matcher(type='message', module=zhenxun.builtin_plugins.chat_history.chat_message, lineno=39) running complete
03-01 01:19:38 [SUCCESS] nonebot | OneBot V11 3042447114 | [message.group.normal]: Message 560800448 from 1076492461@[群:245810894] '好好好'
03-01 01:19:38 [INFO] nonebot | Event will be handled by Matcher(type='message', module=zhenxun.builtin_plugins.chat_history.chat_message, lineno=39)
03-01 01:19:38 [INFO] nonebot | Matcher(type='message', module=zhenxun.builtin_plugins.chat_history.chat_message, lineno=39) running complete
03-01 01:19:39 [SUCCESS] nonebot | OneBot V11 3042447114 | [message.group.normal]: Message 552894801 from 1076492461@[群:245810894] '谢谢'
03-01 01:19:39 [INFO] nonebot | Event will be handled by Matcher(type='message', module=zhenxun.builtin_plugins.chat_history.chat_message, lineno=39)
03-01 01:19:39 [INFO] nonebot | Matcher(type='message', module=zhenxun.builtin_plugins.chat_history.chat_message, lineno=39) running complete
03-01 01:19:41 [SUCCESS] nonebot | OneBot V11 3042447114 | [message.group.normal]: Message 1409403190 from 1076492461@[群:245810894] '[image:summary=[动画表情],file=93539182D585589D26E8DADDCB40D5A9.jpg,sub_type=1,url=https://multimedia.nt.qq.com.cn/download?appid=1407&fileid=EhQUKVgR...,file_size=70390]'
03-01 01:19:41 [INFO] nonebot | Event will be handled by Matcher(type='message', module=zhenxun.builtin_plugins.chat_history.chat_message, lineno=39)
03-01 01:19:41 [INFO] nonebot | Matcher(type='message', module=zhenxun.builtin_plugins.chat_history.chat_message, lineno=39) running complete
03-01 01:21:19 [SUCCESS] nonebot | OneBot V11 3042447114 | [message.group.normal]: Message 1506047147 from 2806722954@[群:245810894] '[image:summary=[动画表情],file=B0DF919B940FC47D79BAC5C79D2F1585.jpg,sub_type=1,url=https://multimedia.nt.qq.com.cn/download?appid=1407&fileid=EhTmoInh...,file_size=186555]'
03-01 01:21:19 [INFO] nonebot | Event will be handled by Matcher(type='message', module=zhenxun.builtin_plugins.chat_history.chat_message, lineno=39)
03-01 01:21:19 [INFO] nonebot | Matcher(type='message', module=zhenxun.builtin_plugins.chat_history.chat_message, lineno=39) running complete
03-01 01:21:47 [SUCCESS] nonebot | OneBot V11 3042447114 | [message.group.normal]: Message 1638270722 from 2082156621@[群:475899384] '[reply:id=1025290255][at:qq=1091611447] 伪典开过了？'
03-01 01:21:47 [INFO] nonebot | Event will be handled by Matcher(type='message', module=zhenxun.builtin_plugins.chat_history.chat_message, lineno=39)
03-01 01:21:47 [INFO] nonebot | Matcher(type='message', module=zhenxun.builtin_plugins.chat_history.chat_message, lineno=39) running complete
03-01 01:21:56 [SUCCESS] nonebot | OneBot V11 3042447114 | [notice.notify.poke]: {'time': 1740763316, 'self_id': 3042447114, 'post_type': 'notice', 'notice_type': 'notify', 'sub_type': 'poke', 'user_id': 3399421580, 'group_id': 864523321, 'target_id': 2246241738, 'raw_info': [{'col': '1', 'nm': '', 'type': 'qq', 'uid': 'u_5hMe9FXo_A-2qYtpFSP9Yg'}, {'jp': 'https://zb.vip.qq.com/v2/pages/nudgeMall?_wv=2&actionId=0', 'src': 'http://tianquan.gtimg.cn/nudgeaction/item/0/expression.jpg', 'type': 'img'}, {'txt': '戳了戳', 'type': 'nor'}, {'col': '1', 'nm': '', 'tp': '0', 'type': 'qq', 'uid': 'u_d555n21mf27zhiMkpK0kiA'}, {'txt': '', 'type': 'nor'}]}
03-01 01:21:56 [INFO] nonebot | Event will be handled by Matcher(type='notice', module=zhenxun.plugins.zhenxun_plugin_draw_painting, lineno=61)
03-01 01:21:56 [INFO] nonebot | Event will be handled by Matcher(type='notice', module=zhenxun.plugins.zhenxun_plugin_draw_painting, lineno=62)
03-01 01:21:56 [INFO] nonebot | Event will be handled by Matcher(type='notice', module=zhenxun.plugins.monitor, lineno=18)
03-01 01:21:56 [INFO] nonebot | Event will be handled by Matcher(type='notice', module=zhenxun.plugins.monitor, lineno=19)
03-01 01:21:56 [INFO] nonebot | Event will be handled by Matcher(type='notice', module=zhenxun.plugins.monitor, lineno=20)
03-01 01:21:56 [INFO] nonebot | Matcher(type='notice', module=zhenxun.plugins.monitor, lineno=20) running complete
03-01 01:21:56 [INFO] nonebot | Matcher(type='notice', module=zhenxun.plugins.monitor, lineno=18) running complete
03-01 01:21:56 [INFO] nonebot | Matcher(type='notice', module=zhenxun.plugins.monitor, lineno=19) running complete
03-01 01:21:56 [INFO] nonebot | Matcher(type='notice', module=zhenxun.plugins.zhenxun_plugin_draw_painting, lineno=61) running complete
03-01 01:21:56 [INFO] nonebot | Matcher(type='notice', module=zhenxun.plugins.zhenxun_plugin_draw_painting, lineno=62) running is cancelled
03-01 01:23:08 [SUCCESS] nonebot | OneBot V11 3042447114 | [message.group.normal]: Message 1580397859 from 1550354237@[群:645741432] '[image:summary=,file=FB0D2F2C834209FD2D352781A9A3CABB.jpg,sub_type=0,url=https://multimedia.nt.qq.com.cn/download?appid=1407&fileid=EhS3g89_...,file_size=96308]'
03-01 01:23:08 [INFO] nonebot | Event will be handled by Matcher(type='message', module=zhenxun.builtin_plugins.chat_history.chat_message, lineno=39)
03-01 01:23:08 [INFO] nonebot | Matcher(type='message', module=zhenxun.builtin_plugins.chat_history.chat_message, lineno=39) running complete
03-01 01:23:09 [SUCCESS] nonebot | OneBot V11 3042447114 | [message.group.normal]: Message 1579004659 from 1550354237@[群:645741432] '终于'
03-01 01:23:09 [INFO] nonebot | Event will be handled by Matcher(type='message', module=zhenxun.builtin_plugins.chat_history.chat_message, lineno=39)
03-01 01:23:09 [INFO] nonebot | Matcher(type='message', module=zhenxun.builtin_plugins.chat_history.chat_message, lineno=39) running complete
03-01 01:24:22 [SUCCESS] nonebot | OneBot V11 3042447114 | [message.group.normal]: Message 1883977742 from 534652970@[群:475899384] '[reply:id=1256737036][at:qq=1091611447] 八星的怪兽有三只！'
03-01 01:24:22 [INFO] nonebot | Event will be handled by Matcher(type='message', module=zhenxun.builtin_plugins.chat_history.chat_message, lineno=39)
03-01 01:24:22 [INFO] nonebot | Matcher(type='message', module=zhenxun.builtin_plugins.chat_history.chat_message, lineno=39) running complete
03-01 01:26:41 [SUCCESS] nonebot | OneBot V11 3042447114 | [message.group.normal]: Message 1009259346 from 2082156621@[群:475899384] '[reply:id=1025290255][at:qq=1091611447] 急着开伪典导致的，连锁对面开就没这事了'
03-01 01:26:41 [INFO] nonebot | Event will be handled by Matcher(type='message', module=zhenxun.builtin_plugins.chat_history.chat_message, lineno=39)
03-01 01:26:41 [INFO] nonebot | Matcher(type='message', module=zhenxun.builtin_plugins.chat_history.chat_message, lineno=39) running complete
03-01 01:26:56 [SUCCESS] nonebot | OneBot V11 3042447114 | [message.group.normal]: Message 622259136 from 2082156621@[群:475899384] '二速小米和1速小米不是一个危险度的'
03-01 01:26:56 [INFO] nonebot | Event will be handled by Matcher(type='message', module=zhenxun.builtin_plugins.chat_history.chat_message, lineno=39)
03-01 01:26:56 [INFO] nonebot | Matcher(type='message', module=zhenxun.builtin_plugins.chat_history.chat_message, lineno=39) running complete
03-01 01:27:36 [SUCCESS] nonebot | OneBot V11 3042447114 | [message.group.normal]: Message 984386897 from 1457940993@[群:550150804] '[reply:id=475090956]遇事不决,重装系统(bushi'
03-01 01:27:36 [INFO] nonebot | Event will be handled by Matcher(type='message', module=zhenxun.builtin_plugins.chat_history.chat_message, lineno=39)
03-01 01:27:36 [INFO] nonebot | Matcher(type='message', module=zhenxun.builtin_plugins.chat_history.chat_message, lineno=39) running complete
03-01 01:31:50 [SUCCESS] nonebot | OneBot V11 3042447114 | [message.group.normal]: Message 1812457724 from 2321440960@[群:864523321] '[reply:id=351222354][at:qq=3399421580] ？'
03-01 01:31:50 [INFO] nonebot | Event will be handled by Matcher(type='message', module=zhenxun.builtin_plugins.chat_history.chat_message, lineno=39)
03-01 01:31:50 [INFO] nonebot | Matcher(type='message', module=zhenxun.builtin_plugins.chat_history.chat_message, lineno=39) running complete
03-01 01:31:54 [SUCCESS] nonebot | OneBot V11 3042447114 | [notice.notify.poke]: {'time': 1740763914, 'self_id': 3042447114, 'post_type': 'notice', 'notice_type': 'notify', 'sub_type': 'poke', 'user_id': 3399421580, 'group_id': 864523321, 'target_id': 2321440960, 'raw_info': [{'col': '1', 'nm': '', 'type': 'qq', 'uid': 'u_5hMe9FXo_A-2qYtpFSP9Yg'}, {'jp': 'https://zb.vip.qq.com/v2/pages/nudgeMall?_wv=2&actionId=0', 'src': 'http://tianquan.gtimg.cn/nudgeaction/item/0/expression.jpg', 'type': 'img'}, {'txt': '戳了戳', 'type': 'nor'}, {'col': '1', 'nm': '', 'tp': '0', 'type': 'qq', 'uid': 'u_YzRPDLm-HtvUF6RWBEVmCA'}, {'txt': '的写轮眼触发アマテラス', 'type': 'nor'}]}
03-01 01:31:54 [INFO] nonebot | Event will be handled by Matcher(type='notice', module=zhenxun.plugins.zhenxun_plugin_draw_painting, lineno=61)
03-01 01:31:54 [INFO] nonebot | Event will be handled by Matcher(type='notice', module=zhenxun.plugins.zhenxun_plugin_draw_painting, lineno=62)
03-01 01:31:54 [INFO] nonebot | Event will be handled by Matcher(type='notice', module=zhenxun.plugins.monitor, lineno=18)
03-01 01:31:54 [INFO] nonebot | Event will be handled by Matcher(type='notice', module=zhenxun.plugins.monitor, lineno=19)
03-01 01:31:54 [INFO] nonebot | Event will be handled by Matcher(type='notice', module=zhenxun.plugins.monitor, lineno=20)
03-01 01:31:54 [INFO] nonebot | Matcher(type='notice', module=zhenxun.plugins.monitor, lineno=18) running complete
03-01 01:31:54 [INFO] nonebot | Matcher(type='notice', module=zhenxun.plugins.monitor, lineno=19) running complete
03-01 01:31:54 [INFO] nonebot | Matcher(type='notice', module=zhenxun.plugins.monitor, lineno=20) running complete
03-01 01:31:54 [INFO] nonebot | Matcher(type='notice', module=zhenxun.plugins.zhenxun_plugin_draw_painting, lineno=62) running complete
03-01 01:31:54 [INFO] nonebot | Matcher(type='notice', module=zhenxun.plugins.zhenxun_plugin_draw_painting, lineno=61) running is cancelled
03-01 01:31:56 [SUCCESS] nonebot | OneBot V11 3042447114 | [message.group.normal]: Message 713519591 from 2321440960@[群:864523321] '哦，这个🔥啊'
03-01 01:31:56 [INFO] nonebot | Event will be handled by Matcher(type='message', module=zhenxun.builtin_plugins.chat_history.chat_message, lineno=39)
03-01 01:31:56 [INFO] nonebot | Matcher(type='message', module=zhenxun.builtin_plugins.chat_history.chat_message, lineno=39) running complete
03-01 01:31:59 [SUCCESS] nonebot | OneBot V11 3042447114 | [message.group.normal]: Message 961368462 from 2321440960@[群:864523321] '[image:summary=[动画表情],file=2BEFF397C1EDFE6527A9508D8A719F40.jpg,sub_type=1,url=https://multimedia.nt.qq.com.cn/download?appid=1407&fileid=EhQrv5K3...,file_size=144219]'
03-01 01:31:59 [INFO] nonebot | Event will be handled by Matcher(type='message', module=zhenxun.builtin_plugins.chat_history.chat_message, lineno=39)
03-01 01:31:59 [INFO] nonebot | Matcher(type='message', module=zhenxun.builtin_plugins.chat_history.chat_message, lineno=39) running complete
03-01 01:34:15 [SUCCESS] nonebot | OneBot V11 3042447114 | [message.group.normal]: Message 705553845 from 3414580087@[群:645741432] '[image:summary=,file=52EB96F379CC63E38EF5C3ED423D1FF2.png,sub_type=0,url=https://multimedia.nt.qq.com.cn/download?appid=1407&fileid=EhT6EKrQ...,file_size=316267]'
03-01 01:34:15 [INFO] nonebot | Event will be handled by Matcher(type='message', module=zhenxun.builtin_plugins.chat_history.chat_message, lineno=39)
03-01 01:34:15 [INFO] nonebot | Matcher(type='message', module=zhenxun.builtin_plugins.chat_history.chat_message, lineno=39) running complete
03-01 01:34:17 [SUCCESS] nonebot | OneBot V11 3042447114 | [message.group.normal]: Message 494758076 from 3414580087@[群:645741432] '[image:summary=,file=8B4A2D1CC044A3793BFC52670D192E23.png,sub_type=11,url=https://multimedia.nt.qq.com.cn/download?appid=1407&fileid=EhQ-92w8...,file_size=1212576]'
03-01 01:34:17 [INFO] nonebot | Event will be handled by Matcher(type='message', module=zhenxun.builtin_plugins.chat_history.chat_message, lineno=39)
03-01 01:34:17 [INFO] nonebot | Matcher(type='message', module=zhenxun.builtin_plugins.chat_history.chat_message, lineno=39) running complete
03-01 01:34:29 [SUCCESS] nonebot | OneBot V11 3042447114 | [message.group.normal]: Message 615158122 from 3414580087@[群:816890778] '[image:summary=,file=924AC52D6996392F4547BF86D05B96CB.png,sub_type=0,url=https://multimedia.nt.qq.com.cn/download?appid=1407&fileid=EhRs7PwN...,file_size=221918]'
03-01 01:34:29 [INFO] nonebot | Event will be handled by Matcher(type='message', module=zhenxun.builtin_plugins.chat_history.chat_message, lineno=39)
03-01 01:34:29 [INFO] nonebot | Matcher(type='message', module=zhenxun.builtin_plugins.chat_history.chat_message, lineno=39) running complete
03-01 01:34:31 [SUCCESS] nonebot | OneBot V11 3042447114 | [message.group.normal]: Message 261180649 from 3414580087@[群:816890778] '[image:summary=,file=1A50BAA485E2A865AA0C6A83C2014C09.png,sub_type=0,url=https://multimedia.nt.qq.com.cn/download?appid=1407&fileid=EhQdH3Y6...,file_size=1096292]'
03-01 01:34:31 [INFO] nonebot | Event will be handled by Matcher(type='message', module=zhenxun.builtin_plugins.chat_history.chat_message, lineno=39)
03-01 01:34:31 [INFO] nonebot | Matcher(type='message', module=zhenxun.builtin_plugins.chat_history.chat_message, lineno=39) running complete
03-01 01:34:50 [SUCCESS] nonebot | OneBot V11 3042447114 | [message.group.normal]: Message 1346775233 from 3414580087@[群:816890778] '换了家具随便打一刀伤害正常多了'
03-01 01:34:50 [INFO] nonebot | Event will be handled by Matcher(type='message', module=zhenxun.builtin_plugins.chat_history.chat_message, lineno=39)
03-01 01:34:50 [INFO] nonebot | Matcher(type='message', module=zhenxun.builtin_plugins.chat_history.chat_message, lineno=39) running complete
03-01 01:35:18 [SUCCESS] nonebot | OneBot V11 3042447114 | [message.group.normal]: Message 1040107223 from 3624321510@[群:756230132] '[image:summary=[动画表情],file=8B0AD48789ECEA0D385E8CFC3EB149B0.jpg,sub_type=1,url=https://multimedia.nt.qq.com.cn/download?appid=1407&fileid=EhSAcM9r...,file_size=26774]'
03-01 01:35:18 [INFO] nonebot | Event will be handled by Matcher(type='message', module=zhenxun.builtin_plugins.chat_history.chat_message, lineno=39)
03-01 01:35:18 [INFO] nonebot | Matcher(type='message', module=zhenxun.builtin_plugins.chat_history.chat_message, lineno=39) running complete
03-01 01:35:35 [SUCCESS] nonebot | OneBot V11 3042447114 | [notice.group_recall]: {'time': 1740764135, 'self_id': 3042447114, 'post_type': 'notice', 'notice_type': 'group_recall', 'user_id': 3414580087, 'group_id': 645741432, 'operator_id': 3414580087, 'message_id': 705553845}
03-01 01:35:35 [INFO] nonebot | Event will be handled by Matcher(type='notice', module=zhenxun.plugins.zhenxun_plugin_draw_painting, lineno=61)
03-01 01:35:35 [INFO] nonebot | Event will be handled by Matcher(type='notice', module=zhenxun.plugins.zhenxun_plugin_draw_painting, lineno=62)
03-01 01:35:35 [INFO] nonebot | Event will be handled by Matcher(type='notice', module=zhenxun.plugins.monitor, lineno=18)
03-01 01:35:35 [INFO] nonebot | Event will be handled by Matcher(type='notice', module=zhenxun.plugins.monitor, lineno=19)
03-01 01:35:35 [INFO] nonebot | Event will be handled by Matcher(type='notice', module=zhenxun.plugins.monitor, lineno=20)
03-01 01:35:35 [INFO] nonebot | Matcher(type='notice', module=zhenxun.plugins.monitor, lineno=19) running complete
03-01 01:35:35 [INFO] nonebot | Matcher(type='notice', module=zhenxun.plugins.zhenxun_plugin_draw_painting, lineno=61) running complete
03-01 01:35:35 [INFO] nonebot | Matcher(type='notice', module=zhenxun.plugins.monitor, lineno=20) running complete
03-01 01:35:35 [INFO] nonebot | Matcher(type='notice', module=zhenxun.plugins.monitor, lineno=18) running complete
03-01 01:35:35 [INFO] nonebot | Matcher(type='notice', module=zhenxun.plugins.zhenxun_plugin_draw_painting, lineno=62) running complete
03-01 01:35:39 [SUCCESS] nonebot | OneBot V11 3042447114 | [message.group.normal]: Message 2058605984 from 3414580087@[群:645741432] '[image:summary=,file=924AC52D6996392F4547BF86D05B96CB.png,sub_type=0,url=https://multimedia.nt.qq.com.cn/download?appid=1407&fileid=EhRs7PwN...,file_size=221918]'
03-01 01:35:39 [INFO] nonebot | Event will be handled by Matcher(type='message', module=zhenxun.builtin_plugins.chat_history.chat_message, lineno=39)
03-01 01:35:39 [INFO] nonebot | Matcher(type='message', module=zhenxun.builtin_plugins.chat_history.chat_message, lineno=39) running complete
03-01 01:36:06 [SUCCESS] nonebot | OneBot V11 3042447114 | [message.group.normal]: Message 1501248125 from 3414580087@[群:645741432] '暗赛是mvp 拉利玛是躺赢狗'
03-01 01:36:06 [INFO] nonebot | Event will be handled by Matcher(type='message', module=zhenxun.builtin_plugins.chat_history.chat_message, lineno=39)
03-01 01:36:06 [INFO] nonebot | Matcher(type='message', module=zhenxun.builtin_plugins.chat_history.chat_message, lineno=39) running complete
03-01 01:38:11 [SUCCESS] nonebot | OneBot V11 3042447114 | [message.group.normal]: Message 1334417017 from 867770305@[群:645741432] '为什么输出这么高的'
03-01 01:38:11 [INFO] nonebot | Event will be handled by Matcher(type='message', module=zhenxun.builtin_plugins.chat_history.chat_message, lineno=39)
03-01 01:38:11 [INFO] nonebot | Matcher(type='message', module=zhenxun.builtin_plugins.chat_history.chat_message, lineno=39) running complete
03-01 01:38:17 [SUCCESS] nonebot | OneBot V11 3042447114 | [message.group.normal]: Message 1769458096 from 867770305@[群:645741432] '带加速套还是爆伤套的'
03-01 01:38:17 [INFO] nonebot | Event will be handled by Matcher(type='message', module=zhenxun.builtin_plugins.chat_history.chat_message, lineno=39)
03-01 01:38:17 [INFO] nonebot | Matcher(type='message', module=zhenxun.builtin_plugins.chat_history.chat_message, lineno=39) running complete
03-01 01:39:31 [SUCCESS] nonebot | OneBot V11 3042447114 | [message.group.normal]: Message 2092696521 from 969650756@[群:756230132] '跟叔叔一起睡'
03-01 01:39:31 [INFO] nonebot | Event will be handled by Matcher(type='message', module=zhenxun.builtin_plugins.chat_history.chat_message, lineno=39)
03-01 01:39:31 [INFO] nonebot | Matcher(type='message', module=zhenxun.builtin_plugins.chat_history.chat_message, lineno=39) running complete
03-01 01:40:32 [SUCCESS] nonebot | OneBot V11 3042447114 | [message.group.normal]: Message 827998234 from 630737912@[群:475899384] '[image:summary=,file=98E6E2B33E6D5F0A9E33A4014199A7A8.png,sub_type=0,url=https://multimedia.nt.qq.com.cn/download?appid=1407&fileid=EhRSnX3r...,file_size=50881]蛙趣，这么抽象'
03-01 01:40:32 [INFO] nonebot | Event will be handled by Matcher(type='message', module=zhenxun.builtin_plugins.chat_history.chat_message, lineno=39)
03-01 01:40:32 [INFO] nonebot | Matcher(type='message', module=zhenxun.builtin_plugins.chat_history.chat_message, lineno=39) running complete
03-01 01:40:34 [SUCCESS] nonebot | OneBot V11 3042447114 | [message.group.normal]: Message 286566743 from 815690231@[群:816890778] '[image:summary=,file=A3CC3851A85168CDC2AA34B40CA8AD72.png,sub_type=0,url=https://multimedia.nt.qq.com.cn/download?appid=1407&fileid=EhSwcqiw...,file_size=1271189]出个烂分先'
03-01 01:40:34 [INFO] nonebot | Event will be handled by Matcher(type='message', module=zhenxun.builtin_plugins.chat_history.chat_message, lineno=39)
03-01 01:40:34 [INFO] nonebot | Matcher(type='message', module=zhenxun.builtin_plugins.chat_history.chat_message, lineno=39) running complete
03-01 01:40:36 [SUCCESS] nonebot | OneBot V11 3042447114 | [message.group.normal]: Message 1147962924 from 3399421580@[群:864523321] '[image:summary=[动画表情],file=BE85A05BDAB5F3E6945D95145EFA638F.jpg,sub_type=1,url=https://multimedia.nt.qq.com.cn/download?appid=1407&fileid=EhRueCKB...,file_size=576711]'
03-01 01:40:36 [INFO] nonebot | Event will be handled by Matcher(type='message', module=zhenxun.builtin_plugins.chat_history.chat_message, lineno=39)
03-01 01:40:36 [INFO] nonebot | Matcher(type='message', module=zhenxun.builtin_plugins.chat_history.chat_message, lineno=39) running complete
03-01 01:41:16 [SUCCESS] nonebot | OneBot V11 3042447114 | [message.group.normal]: Message 136222735 from 1304663137@[群:645741432] '首选你得全朽5+朽遗'
03-01 01:41:16 [INFO] nonebot | Event will be handled by Matcher(type='message', module=zhenxun.builtin_plugins.chat_history.chat_message, lineno=39)
03-01 01:41:16 [INFO] nonebot | Matcher(type='message', module=zhenxun.builtin_plugins.chat_history.chat_message, lineno=39) running complete
03-01 01:41:19 [SUCCESS] nonebot | OneBot V11 3042447114 | [message.group.normal]: Message 437083931 from 3414580087@[群:816890778] '好猛'
03-01 01:41:19 [INFO] nonebot | Event will be handled by Matcher(type='message', module=zhenxun.builtin_plugins.chat_history.chat_message, lineno=39)
03-01 01:41:19 [INFO] nonebot | Matcher(type='message', module=zhenxun.builtin_plugins.chat_history.chat_message, lineno=39) running complete
03-01 01:41:36 [SUCCESS] nonebot | OneBot V11 3042447114 | [notice.notify.poke]: {'time': 1740764496, 'self_id': 3042447114, 'post_type': 'notice', 'notice_type': 'notify', 'sub_type': 'poke', 'user_id': 2246241738, 'group_id': 864523321, 'target_id': 3399421580, 'raw_info': [{'col': '1', 'nm': '', 'type': 'qq', 'uid': 'u_d555n21mf27zhiMkpK0kiA'}, {'jp': 'https://zb.vip.qq.com/v2/pages/nudgeMall?_wv=2&actionId=0', 'src': 'http://tianquan.gtimg.cn/nudgeaction/item/0/expression.jpg', 'type': 'img'}, {'txt': '戳了戳', 'type': 'nor'}, {'col': '1', 'nm': '', 'tp': '0', 'type': 'qq', 'uid': 'u_5hMe9FXo_A-2qYtpFSP9Yg'}, {'txt': '的眼珠子', 'type': 'nor'}]}
03-01 01:41:36 [INFO] nonebot | Event will be handled by Matcher(type='notice', module=zhenxun.plugins.zhenxun_plugin_draw_painting, lineno=61)
03-01 01:41:36 [INFO] nonebot | Event will be handled by Matcher(type='notice', module=zhenxun.plugins.zhenxun_plugin_draw_painting, lineno=62)
03-01 01:41:36 [INFO] nonebot | Event will be handled by Matcher(type='notice', module=zhenxun.plugins.monitor, lineno=18)
03-01 01:41:36 [INFO] nonebot | Event will be handled by Matcher(type='notice', module=zhenxun.plugins.monitor, lineno=19)
03-01 01:41:36 [INFO] nonebot | Event will be handled by Matcher(type='notice', module=zhenxun.plugins.monitor, lineno=20)
03-01 01:41:36 [INFO] nonebot | Matcher(type='notice', module=zhenxun.plugins.monitor, lineno=18) running complete
03-01 01:41:36 [INFO] nonebot | Matcher(type='notice', module=zhenxun.plugins.monitor, lineno=20) running complete
03-01 01:41:36 [INFO] nonebot | Matcher(type='notice', module=zhenxun.plugins.monitor, lineno=19) running complete
03-01 01:41:36 [INFO] nonebot | Matcher(type='notice', module=zhenxun.plugins.zhenxun_plugin_draw_painting, lineno=61) running complete
03-01 01:41:36 [INFO] nonebot | Matcher(type='notice', module=zhenxun.plugins.zhenxun_plugin_draw_painting, lineno=62) running is cancelled
03-01 01:41:36 [SUCCESS] nonebot | OneBot V11 3042447114 | [message.group.normal]: Message 1704518222 from 3414580087@[群:816890778] '我油管上看到个400e的轴'
03-01 01:41:36 [INFO] nonebot | Event will be handled by Matcher(type='message', module=zhenxun.builtin_plugins.chat_history.chat_message, lineno=39)
03-01 01:41:36 [INFO] nonebot | Matcher(type='message', module=zhenxun.builtin_plugins.chat_history.chat_message, lineno=39) running complete
03-01 01:41:41 [SUCCESS] nonebot | OneBot V11 3042447114 | [message.group.normal]: Message 624525369 from 2246241738@[群:864523321] "[face:id=179,raw={'faceIndex': 179, 'faceText': None, 'faceType': 1, 'packId': None,...]"
03-01 01:41:41 [INFO] nonebot | Event will be handled by Matcher(type='message', module=zhenxun.builtin_plugins.chat_history.chat_message, lineno=39)
03-01 01:41:41 [INFO] nonebot | Matcher(type='message', module=zhenxun.builtin_plugins.chat_history.chat_message, lineno=39) running complete
03-01 01:41:45 [SUCCESS] nonebot | OneBot V11 3042447114 | [message.group.normal]: Message 2054879338 from 3414580087@[群:816890778] '1个月前发的'
03-01 01:41:45 [INFO] nonebot | Event will be handled by Matcher(type='message', module=zhenxun.builtin_plugins.chat_history.chat_message, lineno=39)
03-01 01:41:45 [INFO] nonebot | Matcher(type='message', module=zhenxun.builtin_plugins.chat_history.chat_message, lineno=39) running complete
03-01 01:41:56 [SUCCESS] nonebot | OneBot V11 3042447114 | [message.group.normal]: Message 392418276 from 815690231@[群:816890778] '发个网址看看'
03-01 01:41:56 [INFO] nonebot | Event will be handled by Matcher(type='message', module=zhenxun.builtin_plugins.chat_history.chat_message, lineno=39)
03-01 01:41:56 [INFO] nonebot | Matcher(type='message', module=zhenxun.builtin_plugins.chat_history.chat_message, lineno=39) running complete
03-01 01:42:20 [SUCCESS] nonebot | OneBot V11 3042447114 | [message.group.normal]: Message 1617030865 from 208469464@[群:707984972] '[image:summary=[图片],file=7c2cf2c8f30f9afb72df92dd4b1f07bd.webp,sub_type=0,url=https://multimedia.nt.qq.com.cn/download?appid=1407&fileid=EhR7gmsr...,file_size=5106]'
03-01 01:42:20 [INFO] nonebot | Event will be handled by Matcher(type='message', module=zhenxun.builtin_plugins.chat_history.chat_message, lineno=39)
03-01 01:42:20 [INFO] nonebot | Matcher(type='message', module=zhenxun.builtin_plugins.chat_history.chat_message, lineno=39) running complete
03-01 01:43:37 [SUCCESS] nonebot | OneBot V11 3042447114 | [message.group.normal]: Message 234995451 from 2321440960@[群:864523321] '[reply:id=1147962924][at:qq=3399421580] 原来牢鲨你的精神状态是这样的'
03-01 01:43:37 [INFO] nonebot | Event will be handled by Matcher(type='message', module=zhenxun.builtin_plugins.chat_history.chat_message, lineno=39)
03-01 01:43:37 [INFO] nonebot | Matcher(type='message', module=zhenxun.builtin_plugins.chat_history.chat_message, lineno=39) running complete
03-01 01:43:46 [SUCCESS] nonebot | OneBot V11 3042447114 | [message.group.normal]: Message 919680896 from 2321440960@[群:864523321] '精神状态堪忧了属实'
03-01 01:43:46 [INFO] nonebot | Event will be handled by Matcher(type='message', module=zhenxun.builtin_plugins.chat_history.chat_message, lineno=39)
03-01 01:43:46 [INFO] nonebot | Matcher(type='message', module=zhenxun.builtin_plugins.chat_history.chat_message, lineno=39) running complete
03-01 01:43:49 [SUCCESS] nonebot | OneBot V11 3042447114 | [message.group.normal]: Message 1597847631 from 2321440960@[群:864523321] '[image:summary=[动画表情],file=C26005B0819AA90E163000F1AA23AA45.jpg,sub_type=1,url=https://multimedia.nt.qq.com.cn/download?appid=1407&fileid=EhTlg45O...,file_size=10139]'
03-01 01:43:49 [INFO] nonebot | Event will be handled by Matcher(type='message', module=zhenxun.builtin_plugins.chat_history.chat_message, lineno=39)
03-01 01:43:49 [INFO] nonebot | Matcher(type='message', module=zhenxun.builtin_plugins.chat_history.chat_message, lineno=39) running complete
03-01 01:43:57 [SUCCESS] nonebot | OneBot V11 3042447114 | [message.group.normal]: Message 527622505 from 3414580087@[群:816890778] 'https://youtu.be/hz2NOtbA4X8?si=5IVtf84QJAZO2NHG'
03-01 01:43:57 [INFO] nonebot | Event will be handled by Matcher(type='message', module=zhenxun.builtin_plugins.chat_history.chat_message, lineno=39)
03-01 01:43:57 [INFO] nonebot | Matcher(type='message', module=zhenxun.builtin_plugins.chat_history.chat_message, lineno=39) running complete
03-01 01:44:44 [SUCCESS] nonebot | OneBot V11 3042447114 | [message.group.normal]: Message 1397975345 from 1657203032@[群:864523321] '[reply:id=1132617286][at:qq=3034109192] 天理云'
03-01 01:44:44 [INFO] nonebot | Event will be handled by Matcher(type='message', module=zhenxun.builtin_plugins.chat_history.chat_message, lineno=39)
03-01 01:44:44 [INFO] nonebot | Matcher(type='message', module=zhenxun.builtin_plugins.chat_history.chat_message, lineno=39) running complete
03-01 01:44:47 [SUCCESS] nonebot | OneBot V11 3042447114 | [message.group.normal]: Message 1035259571 from 1657203032@[群:864523321] '[image:summary=,file=835826BEA3166EE2183DA793EDA0A11C.jpg,sub_type=0,url=https://multimedia.nt.qq.com.cn/download?appid=1407&fileid=EhQm3w_G...,file_size=87225]'
03-01 01:44:47 [INFO] nonebot | Event will be handled by Matcher(type='message', module=zhenxun.builtin_plugins.chat_history.chat_message, lineno=39)
03-01 01:44:47 [INFO] nonebot | Matcher(type='message', module=zhenxun.builtin_plugins.chat_history.chat_message, lineno=39) running complete
03-01 01:45:23 [SUCCESS] nonebot | OneBot V11 3042447114 | [message.group.normal]: Message 313264886 from 3414580087@[群:816890778] 'https://arca.live/b/eversoul/126799876原贴'
03-01 01:45:23 [INFO] nonebot | Event will be handled by Matcher(type='message', module=zhenxun.builtin_plugins.chat_history.chat_message, lineno=39)
03-01 01:45:23 [INFO] nonebot | Matcher(type='message', module=zhenxun.builtin_plugins.chat_history.chat_message, lineno=39) running complete
03-01 01:45:47 [SUCCESS] nonebot | OneBot V11 3042447114 | [message.group.normal]: Message 1257092199 from 3414580087@[群:816890778] '有韩文的技能释放顺序'
03-01 01:45:47 [INFO] nonebot | Event will be handled by Matcher(type='message', module=zhenxun.builtin_plugins.chat_history.chat_message, lineno=39)
03-01 01:45:47 [INFO] nonebot | Matcher(type='message', module=zhenxun.builtin_plugins.chat_history.chat_message, lineno=39) running complete
03-01 01:45:52 [SUCCESS] nonebot | OneBot V11 3042447114 | [message.group.normal]: Message 730855067 from 3414580087@[群:816890778] '[image:summary=,file=821C256210F97C48056F121740339AAE.png,sub_type=0,url=https://multimedia.nt.qq.com.cn/download?appid=1407&fileid=EhThSWIR...,file_size=5434]'
03-01 01:45:52 [INFO] nonebot | Event will be handled by Matcher(type='message', module=zhenxun.builtin_plugins.chat_history.chat_message, lineno=39)
03-01 01:45:52 [INFO] nonebot | Matcher(type='message', module=zhenxun.builtin_plugins.chat_history.chat_message, lineno=39) running complete
03-01 01:48:37 [SUCCESS] nonebot | OneBot V11 3042447114 | [message.group.normal]: Message 2035790791 from 3414580087@[群:816890778] '他昨天发的帖子打了398e'
03-01 01:48:37 [INFO] nonebot | Event will be handled by Matcher(type='message', module=zhenxun.builtin_plugins.chat_history.chat_message, lineno=39)
03-01 01:48:37 [INFO] nonebot | Matcher(type='message', module=zhenxun.builtin_plugins.chat_history.chat_message, lineno=39) running complete
03-01 01:48:45 [SUCCESS] nonebot | OneBot V11 3042447114 | [message.group.normal]: Message 368080909 from 3414580087@[群:816890778] '找不到了'
03-01 01:48:45 [INFO] nonebot | Event will be handled by Matcher(type='message', module=zhenxun.builtin_plugins.chat_history.chat_message, lineno=39)
03-01 01:48:45 [INFO] nonebot | Matcher(type='message', module=zhenxun.builtin_plugins.chat_history.chat_message, lineno=39) running complete
03-01 01:48:52 [SUCCESS] nonebot | OneBot V11 3042447114 | [message.group.normal]: Message 502906602 from 3414580087@[群:816890778] '还是这个轴'
03-01 01:48:52 [INFO] nonebot | Event will be handled by Matcher(type='message', module=zhenxun.builtin_plugins.chat_history.chat_message, lineno=39)
03-01 01:48:52 [INFO] nonebot | Matcher(type='message', module=zhenxun.builtin_plugins.chat_history.chat_message, lineno=39) running complete
03-01 01:50:09 [SUCCESS] nonebot | OneBot V11 3042447114 | [message.group.normal]: Message 966894717 from 815690231@[群:816890778] '甚至不带减攻[image:summary=[动画表情],file=1D023C9D98BCF79E038B9927788D24AA.jpg,sub_type=1,url=https://multimedia.nt.qq.com.cn/download?appid=1407&fileid=EhQu6gUz...,file_size=2156]'
03-01 01:50:09 [INFO] nonebot | Event will be handled by Matcher(type='message', module=zhenxun.builtin_plugins.chat_history.chat_message, lineno=39)
03-01 01:50:09 [INFO] nonebot | Matcher(type='message', module=zhenxun.builtin_plugins.chat_history.chat_message, lineno=39) running complete
03-01 01:50:42 [SUCCESS] nonebot | OneBot V11 3042447114 | [message.group.normal]: Message 533028163 from 3034109192@[群:864523321] '666'
03-01 01:50:42 [INFO] nonebot | Event will be handled by Matcher(type='message', module=zhenxun.builtin_plugins.chat_history.chat_message, lineno=39)
03-01 01:50:42 [INFO] nonebot | Matcher(type='message', module=zhenxun.builtin_plugins.chat_history.chat_message, lineno=39) running complete
03-01 01:51:20 [SUCCESS] nonebot | OneBot V11 3042447114 | [message.group.normal]: Message 19909385 from 815690231@[群:816890778] '哦不对，这是老版梅妃抄不了'
03-01 01:51:20 [INFO] nonebot | Event will be handled by Matcher(type='message', module=zhenxun.builtin_plugins.chat_history.chat_message, lineno=39)
03-01 01:51:20 [INFO] nonebot | Matcher(type='message', module=zhenxun.builtin_plugins.chat_history.chat_message, lineno=39) running complete
03-01 01:52:12 [SUCCESS] nonebot | OneBot V11 3042447114 | [message.group.normal]: Message 2069928876 from 3414580087@[群:816890778] '哦对'
03-01 01:52:12 [INFO] nonebot | Event will be handled by Matcher(type='message', module=zhenxun.builtin_plugins.chat_history.chat_message, lineno=39)
03-01 01:52:12 [INFO] nonebot | Matcher(type='message', module=zhenxun.builtin_plugins.chat_history.chat_message, lineno=39) running complete
03-01 01:52:12 [SUCCESS] nonebot | OneBot V11 3042447114 | [message.group.normal]: Message 337068975 from 1574078497@[群:475899384] '[image:summary=,file=A77FA2B6ED2491EB5AB01C043462E186.png,sub_type=0,url=https://multimedia.nt.qq.com.cn/download?appid=1407&fileid=EhTohbkE...,file_size=4568349]'
03-01 01:52:12 [INFO] nonebot | Event will be handled by Matcher(type='message', module=zhenxun.builtin_plugins.chat_history.chat_message, lineno=39)
03-01 01:52:12 [INFO] nonebot | Matcher(type='message', module=zhenxun.builtin_plugins.chat_history.chat_message, lineno=39) running complete
03-01 01:52:17 [SUCCESS] nonebot | OneBot V11 3042447114 | [message.group.normal]: Message 1253436618 from 3414580087@[群:816890778] '1个月前的了'
03-01 01:52:17 [INFO] nonebot | Event will be handled by Matcher(type='message', module=zhenxun.builtin_plugins.chat_history.chat_message, lineno=39)
03-01 01:52:17 [INFO] nonebot | Matcher(type='message', module=zhenxun.builtin_plugins.chat_history.chat_message, lineno=39) running complete
03-01 01:52:19 [SUCCESS] nonebot | OneBot V11 3042447114 | [message.group.normal]: Message 2074728677 from 1574078497@[群:475899384] '终于过一次 了'
03-01 01:52:19 [INFO] nonebot | Event will be handled by Matcher(type='message', module=zhenxun.builtin_plugins.chat_history.chat_message, lineno=39)
03-01 01:52:19 [INFO] nonebot | Matcher(type='message', module=zhenxun.builtin_plugins.chat_history.chat_message, lineno=39) running complete
03-01 01:52:21 [SUCCESS] nonebot | OneBot V11 3042447114 | [message.group.normal]: Message 1726185643 from 1574078497@[群:475899384] '好难啊这次'
03-01 01:52:21 [INFO] nonebot | Event will be handled by Matcher(type='message', module=zhenxun.builtin_plugins.chat_history.chat_message, lineno=39)
03-01 01:52:21 [INFO] nonebot | Matcher(type='message', module=zhenxun.builtin_plugins.chat_history.chat_message, lineno=39) running complete
03-01 01:52:31 [SUCCESS] nonebot | OneBot V11 3042447114 | [message.group.normal]: Message 140631712 from 3414580087@[群:816890778] '[image:summary=,file=D4529388A299E55260A28B31D6F3372F.png,sub_type=0,url=https://multimedia.nt.qq.com.cn/download?appid=1407&fileid=EhRxAks9...,file_size=4249]'
03-01 01:52:31 [INFO] nonebot | Event will be handled by Matcher(type='message', module=zhenxun.builtin_plugins.chat_history.chat_message, lineno=39)
03-01 01:52:31 [INFO] nonebot | Matcher(type='message', module=zhenxun.builtin_plugins.chat_history.chat_message, lineno=39) running complete
03-01 01:52:32 [SUCCESS] nonebot | OneBot V11 3042447114 | [message.group.normal]: Message 1088152645 from 2998234114@[群:864523321] '早'
03-01 01:52:32 [INFO] nonebot | Event will be handled by Matcher(type='message', module=zhenxun.builtin_plugins.chat_history.chat_message, lineno=39)
03-01 01:52:32 [INFO] nonebot | Matcher(type='message', module=zhenxun.builtin_plugins.chat_history.chat_message, lineno=39) running complete
03-01 01:52:33 [SUCCESS] nonebot | OneBot V11 3042447114 | [message.group.normal]: Message 1256591363 from 2732748188@[群:864523321] '早个屁，快去睡觉啊！'
03-01 01:52:33 [INFO] nonebot | Event will be handled by Matcher(type='message', module=zhenxun.builtin_plugins.chat_history.chat_message, lineno=39)
03-01 01:52:33 [INFO] nonebot | Matcher(type='message', module=zhenxun.builtin_plugins.chat_history.chat_message, lineno=39) running complete
03-01 01:52:34 [SUCCESS] nonebot | OneBot V11 3042447114 | [message.group.normal]: Message 492554130 from 1471974278@[群:864523321] '早安。。？有做一个好梦吗。。？#睡眼惺忪的坐在床边'
03-01 01:52:34 [INFO] nonebot | Event will be handled by Matcher(type='message', module=zhenxun.builtin_plugins.chat_history.chat_message, lineno=39)
03-01 01:52:34 [INFO] nonebot | Matcher(type='message', module=zhenxun.builtin_plugins.chat_history.chat_message, lineno=39) running complete
03-01 01:52:36 [SUCCESS] nonebot | OneBot V11 3042447114 | [notice.notify.poke]: {'time': 1740765156, 'self_id': 3042447114, 'post_type': 'notice', 'notice_type': 'notify', 'sub_type': 'poke', 'user_id': 2998234114, 'group_id': 864523321, 'target_id': 2732748188, 'raw_info': [{'col': '1', 'nm': '', 'type': 'qq', 'uid': 'u_8sl2mJLXv4up69t5C8q8Ow'}, {'jp': 'https://zb.vip.qq.com/v2/pages/nudgeMall?_wv=2&actionId=8', 'src': 'http://tianquan.gtimg.cn/nudgeaction/item/8/expression.jpg', 'type': 'img'}, {'txt': '揉了揉', 'type': 'nor'}, {'col': '1', 'nm': '', 'tp': '0', 'type': 'qq', 'uid': 'u_rVlKjvh7D5qwcS3FJz_dgQ'}, {'txt': '的头，摸摸头最棒了', 'type': 'nor'}]}
03-01 01:52:36 [INFO] nonebot | Event will be handled by Matcher(type='notice', module=zhenxun.plugins.zhenxun_plugin_draw_painting, lineno=61)
03-01 01:52:36 [INFO] nonebot | Event will be handled by Matcher(type='notice', module=zhenxun.plugins.zhenxun_plugin_draw_painting, lineno=62)
03-01 01:52:36 [INFO] nonebot | Event will be handled by Matcher(type='notice', module=zhenxun.plugins.monitor, lineno=18)
03-01 01:52:36 [INFO] nonebot | Event will be handled by Matcher(type='notice', module=zhenxun.plugins.monitor, lineno=19)
03-01 01:52:36 [INFO] nonebot | Event will be handled by Matcher(type='notice', module=zhenxun.plugins.monitor, lineno=20)
03-01 01:52:36 [INFO] nonebot | Matcher(type='notice', module=zhenxun.plugins.monitor, lineno=18) running complete
03-01 01:52:36 [INFO] nonebot | Matcher(type='notice', module=zhenxun.plugins.monitor, lineno=19) running complete
03-01 01:52:36 [INFO] nonebot | Matcher(type='notice', module=zhenxun.plugins.monitor, lineno=20) running complete
03-01 01:52:36 [INFO] nonebot | Matcher(type='notice', module=zhenxun.plugins.zhenxun_plugin_draw_painting, lineno=62) running complete
03-01 01:52:36 [INFO] nonebot | Matcher(type='notice', module=zhenxun.plugins.zhenxun_plugin_draw_painting, lineno=61) running is cancelled
03-01 01:52:37 [SUCCESS] nonebot | OneBot V11 3042447114 | [message.group.normal]: Message 1091669168 from 2732748188@[群:864523321] '喵呜~（蹭蹭手心）'
03-01 01:52:37 [INFO] nonebot | Event will be handled by Matcher(type='message', module=zhenxun.builtin_plugins.chat_history.chat_message, lineno=39)
03-01 01:52:37 [INFO] nonebot | Matcher(type='message', module=zhenxun.builtin_plugins.chat_history.chat_message, lineno=39) running complete
03-01 01:52:41 [SUCCESS] nonebot | OneBot V11 3042447114 | [message.group.normal]: Message 747960374 from 2998234114@[群:864523321] '摸摸琪露诺'
03-01 01:52:41 [INFO] nonebot | Event will be handled by Matcher(type='message', module=zhenxun.builtin_plugins.chat_history.chat_message, lineno=39)
03-01 01:52:41 [INFO] nonebot | Matcher(type='message', module=zhenxun.builtin_plugins.chat_history.chat_message, lineno=39) running complete
03-01 01:52:43 [SUCCESS] nonebot | OneBot V11 3042447114 | [message.group.normal]: Message 1298085548 from 2732748188@[群:864523321] '呜...发型都被揉乱啦\n好感度增加3，当前好感度为：121'
03-01 01:52:43 [INFO] nonebot | Event will be handled by Matcher(type='message', module=zhenxun.builtin_plugins.chat_history.chat_message, lineno=39)
03-01 01:52:43 [INFO] nonebot | Matcher(type='message', module=zhenxun.builtin_plugins.chat_history.chat_message, lineno=39) running complete
03-01 01:52:45 [SUCCESS] nonebot | OneBot V11 3042447114 | [message.group.normal]: Message 418877631 from 2998234114@[群:864523321] '抱抱琪露诺'
03-01 01:52:45 [INFO] nonebot | Event will be handled by Matcher(type='message', module=zhenxun.builtin_plugins.chat_history.chat_message, lineno=39)
03-01 01:52:45 [INFO] nonebot | Matcher(type='message', module=zhenxun.builtin_plugins.chat_history.chat_message, lineno=39) running complete
03-01 01:52:48 [SUCCESS] nonebot | OneBot V11 3042447114 | [message.group.normal]: Message 803069595 from 2732748188@[群:864523321] 'zZZz真的吃不下了.....#蹭了蹭你的胸口\n对你的好感度增加了7，当前好感度为：128'
03-01 01:52:48 [INFO] nonebot | Event will be handled by Matcher(type='message', module=zhenxun.builtin_plugins.chat_history.chat_message, lineno=39)
03-01 01:52:48 [INFO] nonebot | Matcher(type='message', module=zhenxun.builtin_plugins.chat_history.chat_message, lineno=39) running complete
03-01 01:53:59 [SUCCESS] nonebot | OneBot V11 3042447114 | [message.group.normal]: Message 1594111242 from 1183921197@[群:308422658] '找老婆永恒灵魂'
03-01 01:53:59 [INFO] nonebot | Event will be handled by Matcher(type='message', module=zhenxun.builtin_plugins.chat_history.chat_message, lineno=39)
03-01 01:53:59 [INFO] nonebot | Matcher(type='message', module=zhenxun.builtin_plugins.chat_history.chat_message, lineno=39) running complete
03-01 01:54:31 [SUCCESS] nonebot | OneBot V11 3042447114 | [message.group.normal]: Message 1422946299 from 815690231@[群:816890778] '我第二次眩晕前只打4次林赛主动都差点死人，不带减攻打不了一点'
03-01 01:54:31 [INFO] nonebot | Event will be handled by Matcher(type='message', module=zhenxun.builtin_plugins.chat_history.chat_message, lineno=39)
03-01 01:54:31 [INFO] nonebot | Matcher(type='message', module=zhenxun.builtin_plugins.chat_history.chat_message, lineno=39) running complete
03-01 01:54:34 [SUCCESS] nonebot | OneBot V11 3042447114 | [message.group.normal]: Message 1463021996 from 1183921197@[群:308422658] '抽老婆永恒灵魂'
03-01 01:54:34 [INFO] nonebot | Event will be handled by Matcher(type='message', module=zhenxun.builtin_plugins.chat_history.chat_message, lineno=39)
03-01 01:54:34 [INFO] nonebot | Matcher(type='message', module=zhenxun.builtin_plugins.chat_history.chat_message, lineno=39) running complete
03-01 01:54:34 [INFO] nonebot | Event will be handled by Matcher(type='message', module=zhenxun.plugins.zhenxun_plugin_draw_painting, lineno=46)
03-01 01:54:37 [SUCCESS] nonebot | OneBot V11 3042447114 | [notice.group_recall]: {'time': 1740765276, 'self_id': 3042447114, 'post_type': 'notice', 'notice_type': 'group_recall', 'user_id': 1183921197, 'group_id': 308422658, 'operator_id': 1183921197, 'message_id': 1594111242}
03-01 01:54:37 [INFO] nonebot | Event will be handled by Matcher(type='notice', module=zhenxun.plugins.zhenxun_plugin_draw_painting, lineno=61)
03-01 01:54:37 [INFO] nonebot | Event will be handled by Matcher(type='notice', module=zhenxun.plugins.zhenxun_plugin_draw_painting, lineno=62)
03-01 01:54:37 [INFO] nonebot | Event will be handled by Matcher(type='notice', module=zhenxun.plugins.monitor, lineno=18)
03-01 01:54:37 [INFO] nonebot | Event will be handled by Matcher(type='notice', module=zhenxun.plugins.monitor, lineno=19)
03-01 01:54:37 [INFO] nonebot | Event will be handled by Matcher(type='notice', module=zhenxun.plugins.monitor, lineno=20)
03-01 01:54:37 [INFO] nonebot | Matcher(type='notice', module=zhenxun.plugins.monitor, lineno=20) running complete
03-01 01:54:37 [INFO] nonebot | Matcher(type='notice', module=zhenxun.plugins.zhenxun_plugin_draw_painting, lineno=62) running complete
03-01 01:54:37 [INFO] nonebot | Matcher(type='notice', module=zhenxun.plugins.monitor, lineno=18) running complete
03-01 01:54:37 [INFO] nonebot | Matcher(type='notice', module=zhenxun.plugins.zhenxun_plugin_draw_painting, lineno=61) running complete
03-01 01:54:37 [INFO] nonebot | Matcher(type='notice', module=zhenxun.plugins.monitor, lineno=19) running complete
03-01 01:54:38 [INFO] nonebot | Matcher(type='message', module=zhenxun.plugins.zhenxun_plugin_draw_painting, lineno=46) running complete
03-01 01:54:54 [SUCCESS] nonebot | OneBot V11 3042447114 | [message.group.normal]: Message 1155249956 from 3399421580@[群:864523321] '[reply:id=234995451][at:qq=2321440960] 那咋了'
03-01 01:54:54 [INFO] nonebot | Event will be handled by Matcher(type='message', module=zhenxun.builtin_plugins.chat_history.chat_message, lineno=39)
03-01 01:54:54 [INFO] nonebot | Matcher(type='message', module=zhenxun.builtin_plugins.chat_history.chat_message, lineno=39) running complete
03-01 01:55:04 [SUCCESS] nonebot | OneBot V11 3042447114 | [message.group.normal]: Message 2102629554 from 415051556@[群:475899384] '[image:summary=,file=FB248CE6D5B98B952063CE83AB9B6A93.jpg,sub_type=0,url=https://multimedia.nt.qq.com.cn/download?appid=1407&fileid=EhRjSX6K...,file_size=309513]'
03-01 01:55:04 [INFO] nonebot | Event will be handled by Matcher(type='message', module=zhenxun.builtin_plugins.chat_history.chat_message, lineno=39)
03-01 01:55:04 [INFO] nonebot | Matcher(type='message', module=zhenxun.builtin_plugins.chat_history.chat_message, lineno=39) running complete
03-01 01:55:04 [SUCCESS] nonebot | OneBot V11 3042447114 | [message.group.normal]: Message 2058302439 from 1183921197@[群:308422658] '[image:summary=[动画表情],file=67D5FB13F615B4BA13D52313F2001396.jpg,sub_type=1,url=https://multimedia.nt.qq.com.cn/download?appid=1407&fileid=EhRfMqEK...,file_size=16344]'
03-01 01:55:04 [INFO] nonebot | Event will be handled by Matcher(type='message', module=zhenxun.builtin_plugins.chat_history.chat_message, lineno=39)
03-01 01:55:04 [INFO] nonebot | Matcher(type='message', module=zhenxun.builtin_plugins.chat_history.chat_message, lineno=39) running complete
03-01 01:55:23 [SUCCESS] nonebot | OneBot V11 3042447114 | [message.group.normal]: Message 789573278 from 2605310013@[群:308422658] '我朋友给我p图美死我了'
03-01 01:55:23 [INFO] nonebot | Event will be handled by Matcher(type='message', module=zhenxun.builtin_plugins.chat_history.chat_message, lineno=39)
03-01 01:55:23 [INFO] nonebot | Matcher(type='message', module=zhenxun.builtin_plugins.chat_history.chat_message, lineno=39) running complete
03-01 01:55:25 [SUCCESS] nonebot | OneBot V11 3042447114 | [message.group.normal]: Message 1063597739 from 1183921197@[群:645741432] '抽老婆永恒灵魂'
03-01 01:55:25 [INFO] nonebot | Event will be handled by Matcher(type='message', module=zhenxun.builtin_plugins.chat_history.chat_message, lineno=39)
03-01 01:55:25 [INFO] nonebot | Matcher(type='message', module=zhenxun.builtin_plugins.chat_history.chat_message, lineno=39) running complete
03-01 01:55:25 [INFO] nonebot | Event will be handled by Matcher(type='message', module=zhenxun.plugins.zhenxun_plugin_draw_painting, lineno=46)
03-01 01:55:25 [INFO] nonebot | Matcher(type='message', module=zhenxun.plugins.zhenxun_plugin_draw_painting, lineno=46) running complete
03-01 01:55:27 [SUCCESS] nonebot | OneBot V11 3042447114 | [notice.group_recall]: {'time': 1740765327, 'self_id': 3042447114, 'post_type': 'notice', 'notice_type': 'group_recall', 'user_id': 2605310013, 'group_id': 308422658, 'operator_id': 2605310013, 'message_id': 789573278}
03-01 01:55:27 [INFO] nonebot | Event will be handled by Matcher(type='notice', module=zhenxun.plugins.zhenxun_plugin_draw_painting, lineno=61)
03-01 01:55:27 [INFO] nonebot | Event will be handled by Matcher(type='notice', module=zhenxun.plugins.zhenxun_plugin_draw_painting, lineno=62)
03-01 01:55:27 [INFO] nonebot | Event will be handled by Matcher(type='notice', module=zhenxun.plugins.monitor, lineno=18)
03-01 01:55:27 [INFO] nonebot | Event will be handled by Matcher(type='notice', module=zhenxun.plugins.monitor, lineno=19)
03-01 01:55:27 [INFO] nonebot | Event will be handled by Matcher(type='notice', module=zhenxun.plugins.monitor, lineno=20)
03-01 01:55:27 [INFO] nonebot | Matcher(type='notice', module=zhenxun.plugins.zhenxun_plugin_draw_painting, lineno=61) running complete
03-01 01:55:27 [INFO] nonebot | Matcher(type='notice', module=zhenxun.plugins.monitor, lineno=18) running complete
03-01 01:55:27 [INFO] nonebot | Matcher(type='notice', module=zhenxun.plugins.monitor, lineno=20) running complete
03-01 01:55:27 [INFO] nonebot | Matcher(type='notice', module=zhenxun.plugins.monitor, lineno=19) running complete
03-01 01:55:27 [INFO] nonebot | Matcher(type='notice', module=zhenxun.plugins.zhenxun_plugin_draw_painting, lineno=62) running complete
03-01 01:55:38 [SUCCESS] nonebot | OneBot V11 3042447114 | [message.group.normal]: Message 201027097 from 485516179@[群:308422658] '抽老婆永恒灵魂'
03-01 01:55:38 [INFO] nonebot | Event will be handled by Matcher(type='message', module=zhenxun.builtin_plugins.chat_history.chat_message, lineno=39)
03-01 01:55:38 [INFO] nonebot | Matcher(type='message', module=zhenxun.builtin_plugins.chat_history.chat_message, lineno=39) running complete
03-01 01:55:38 [INFO] nonebot | Event will be handled by Matcher(type='message', module=zhenxun.plugins.zhenxun_plugin_draw_painting, lineno=46)
03-01 01:55:40 [INFO] nonebot | Matcher(type='message', module=zhenxun.plugins.zhenxun_plugin_draw_painting, lineno=46) running complete
03-01 01:55:46 [SUCCESS] nonebot | OneBot V11 3042447114 | [message.group.normal]: Message 1357340589 from 1183921197@[群:645741432] '[at:qq=3042447114] ？'
03-01 01:55:46 [INFO] nonebot | Event will be handled by Matcher(type='message', module=zhenxun.builtin_plugins.chat_history.chat_message, lineno=39)
03-01 01:55:46 [INFO] nonebot | Matcher(type='message', module=zhenxun.builtin_plugins.chat_history.chat_message, lineno=39) running complete
03-01 01:55:46 [INFO] nonebot | Event will be handled by Matcher(type='message', module=zhenxun.builtin_plugins.help_help, lineno=32)
03-01 01:55:46 [INFO] nonebot | Matcher(type='message', module=zhenxun.builtin_plugins.help_help, lineno=32) running complete
03-01 01:55:55 [SUCCESS] nonebot | OneBot V11 3042447114 | [notice.group_msg_emoji_like]: {'time': 1740765355, 'self_id': 3042447114, 'post_type': 'notice', 'notice_type': 'group_msg_emoji_like', 'group_id': 308422658, 'user_id': 485516179, 'message_id': 939811971, 'likes': [{'emoji_id': '38', 'count': 1}]}
03-01 01:55:55 [INFO] nonebot | Event will be handled by Matcher(type='notice', module=zhenxun.plugins.zhenxun_plugin_draw_painting, lineno=61)
03-01 01:55:55 [INFO] nonebot | Event will be handled by Matcher(type='notice', module=zhenxun.plugins.zhenxun_plugin_draw_painting, lineno=62)
03-01 01:55:55 [INFO] nonebot | Event will be handled by Matcher(type='notice', module=zhenxun.plugins.monitor, lineno=18)
03-01 01:55:55 [INFO] nonebot | Event will be handled by Matcher(type='notice', module=zhenxun.plugins.monitor, lineno=19)
03-01 01:55:55 [INFO] nonebot | Event will be handled by Matcher(type='notice', module=zhenxun.plugins.monitor, lineno=20)
03-01 01:55:55 [INFO] nonebot | Matcher(type='notice', module=zhenxun.plugins.monitor, lineno=18) running complete
03-01 01:55:55 [INFO] nonebot | Matcher(type='notice', module=zhenxun.plugins.monitor, lineno=19) running complete
03-01 01:55:55 [INFO] nonebot | Matcher(type='notice', module=zhenxun.plugins.monitor, lineno=20) running complete
03-01 01:55:55 [INFO] nonebot | Matcher(type='notice', module=zhenxun.plugins.zhenxun_plugin_draw_painting, lineno=62) running complete
03-01 01:55:56 [INFO] nonebot | Matcher(type='notice', module=zhenxun.plugins.zhenxun_plugin_draw_painting, lineno=61) running complete
03-01 01:56:05 [SUCCESS] nonebot | OneBot V11 3042447114 | [message.group.normal]: Message 1627545014 from 485516179@[群:308422658] '抽老婆永恒灵魂'
03-01 01:56:05 [INFO] nonebot | Event will be handled by Matcher(type='message', module=zhenxun.builtin_plugins.chat_history.chat_message, lineno=39)
03-01 01:56:05 [INFO] nonebot | Matcher(type='message', module=zhenxun.builtin_plugins.chat_history.chat_message, lineno=39) running complete
03-01 01:56:05 [INFO] nonebot | Event will be handled by Matcher(type='message', module=zhenxun.plugins.zhenxun_plugin_draw_painting, lineno=46)
03-01 01:56:08 [INFO] nonebot | Matcher(type='message', module=zhenxun.plugins.zhenxun_plugin_draw_painting, lineno=46) running complete
03-01 01:56:09 [ERROR] zhenxun | 清理日常签到图片数据数据失败... || 错误 <class 'FileNotFoundError'>: [Errno 2] No such file or directory: 'resources/image/sign/today_card'
03-01 01:56:21 [SUCCESS] nonebot | OneBot V11 3042447114 | [message.group.normal]: Message 301705156 from 485516179@[群:308422658] '抽老婆永恒灵魂'
03-01 01:56:21 [INFO] nonebot | Event will be handled by Matcher(type='message', module=zhenxun.builtin_plugins.chat_history.chat_message, lineno=39)
03-01 01:56:21 [INFO] nonebot | Matcher(type='message', module=zhenxun.builtin_plugins.chat_history.chat_message, lineno=39) running complete
03-01 01:56:21 [INFO] nonebot | Event will be handled by Matcher(type='message', module=zhenxun.plugins.zhenxun_plugin_draw_painting, lineno=46)
03-01 01:56:25 [INFO] nonebot | Matcher(type='message', module=zhenxun.plugins.zhenxun_plugin_draw_painting, lineno=46) running complete
03-01 01:56:33 [SUCCESS] nonebot | OneBot V11 3042447114 | [message.group.normal]: Message 1807309163 from 485516179@[群:308422658] '抽老婆永恒灵魂'
03-01 01:56:33 [INFO] nonebot | Event will be handled by Matcher(type='message', module=zhenxun.builtin_plugins.chat_history.chat_message, lineno=39)
03-01 01:56:33 [INFO] nonebot | Matcher(type='message', module=zhenxun.builtin_plugins.chat_history.chat_message, lineno=39) running complete
03-01 01:56:33 [INFO] nonebot | Event will be handled by Matcher(type='message', module=zhenxun.plugins.zhenxun_plugin_draw_painting, lineno=46)
03-01 01:56:36 [INFO] nonebot | Matcher(type='message', module=zhenxun.plugins.zhenxun_plugin_draw_painting, lineno=46) running complete
03-01 01:56:47 [SUCCESS] nonebot | OneBot V11 3042447114 | [message.group.normal]: Message 191354345 from 485516179@[群:308422658] '抽老婆永恒灵魂'
03-01 01:56:47 [INFO] nonebot | Event will be handled by Matcher(type='message', module=zhenxun.builtin_plugins.chat_history.chat_message, lineno=39)
03-01 01:56:47 [INFO] nonebot | Matcher(type='message', module=zhenxun.builtin_plugins.chat_history.chat_message, lineno=39) running complete
03-01 01:56:47 [INFO] nonebot | Event will be handled by Matcher(type='message', module=zhenxun.plugins.zhenxun_plugin_draw_painting, lineno=46)
03-01 01:56:49 [INFO] nonebot | Matcher(type='message', module=zhenxun.plugins.zhenxun_plugin_draw_painting, lineno=46) running complete
03-01 01:56:57 [SUCCESS] nonebot | OneBot V11 3042447114 | [message.group.normal]: Message 1816931128 from 485516179@[群:308422658] '抽老婆永恒灵魂'
03-01 01:56:57 [INFO] nonebot | Event will be handled by Matcher(type='message', module=zhenxun.builtin_plugins.chat_history.chat_message, lineno=39)
03-01 01:56:57 [INFO] nonebot | Matcher(type='message', module=zhenxun.builtin_plugins.chat_history.chat_message, lineno=39) running complete
03-01 01:56:57 [INFO] nonebot | Event will be handled by Matcher(type='message', module=zhenxun.plugins.zhenxun_plugin_draw_painting, lineno=46)
03-01 01:56:59 [INFO] nonebot | Matcher(type='message', module=zhenxun.plugins.zhenxun_plugin_draw_painting, lineno=46) running complete
03-01 01:57:06 [SUCCESS] nonebot | OneBot V11 3042447114 | [message.group.normal]: Message 1782504748 from 485516179@[群:308422658] '抽老婆永恒灵魂'
03-01 01:57:06 [INFO] nonebot | Event will be handled by Matcher(type='message', module=zhenxun.builtin_plugins.chat_history.chat_message, lineno=39)
03-01 01:57:06 [INFO] nonebot | Matcher(type='message', module=zhenxun.builtin_plugins.chat_history.chat_message, lineno=39) running complete
03-01 01:57:07 [INFO] nonebot | Event will be handled by Matcher(type='message', module=zhenxun.plugins.zhenxun_plugin_draw_painting, lineno=46)
03-01 01:57:09 [INFO] nonebot | Matcher(type='message', module=zhenxun.plugins.zhenxun_plugin_draw_painting, lineno=46) running complete
03-01 01:57:13 [SUCCESS] nonebot | OneBot V11 3042447114 | [message.group.normal]: Message 209363948 from 485516179@[群:308422658] '抽老婆永恒灵魂'
03-01 01:57:13 [INFO] nonebot | Event will be handled by Matcher(type='message', module=zhenxun.builtin_plugins.chat_history.chat_message, lineno=39)
03-01 01:57:13 [INFO] nonebot | Matcher(type='message', module=zhenxun.builtin_plugins.chat_history.chat_message, lineno=39) running complete
03-01 01:57:13 [INFO] nonebot | Event will be handled by Matcher(type='message', module=zhenxun.plugins.zhenxun_plugin_draw_painting, lineno=46)
03-01 01:57:16 [INFO] nonebot | Matcher(type='message', module=zhenxun.plugins.zhenxun_plugin_draw_painting, lineno=46) running complete
03-01 01:57:25 [SUCCESS] nonebot | OneBot V11 3042447114 | [message.group.normal]: Message 1986848241 from 1183921197@[群:308422658] '[image:summary=[动画表情],file=EC59146DF201B6FF67E88DA11C77FF39.jpg,sub_type=1,url=https://multimedia.nt.qq.com.cn/download?appid=1407&fileid=EhRrPtXF...,file_size=115157]'
03-01 01:57:25 [INFO] nonebot | Event will be handled by Matcher(type='message', module=zhenxun.builtin_plugins.chat_history.chat_message, lineno=39)
03-01 01:57:25 [INFO] nonebot | Matcher(type='message', module=zhenxun.builtin_plugins.chat_history.chat_message, lineno=39) running complete
03-01 01:57:27 [SUCCESS] nonebot | OneBot V11 3042447114 | [message.group.normal]: Message 805063851 from 485516179@[群:308422658] '抽老婆永恒灵魂'
03-01 01:57:27 [INFO] nonebot | Event will be handled by Matcher(type='message', module=zhenxun.builtin_plugins.chat_history.chat_message, lineno=39)
03-01 01:57:27 [INFO] nonebot | Matcher(type='message', module=zhenxun.builtin_plugins.chat_history.chat_message, lineno=39) running complete
03-01 01:57:27 [INFO] nonebot | Event will be handled by Matcher(type='message', module=zhenxun.plugins.zhenxun_plugin_draw_painting, lineno=46)
03-01 01:57:30 [INFO] nonebot | Matcher(type='message', module=zhenxun.plugins.zhenxun_plugin_draw_painting, lineno=46) running complete
03-01 01:58:23 [SUCCESS] nonebot | OneBot V11 3042447114 | [message.group.normal]: Message 1911848549 from 485516179@[群:308422658] "[forward:id=7476530907496701761,content=[{'self_id': 3042447114, 'user_id': 1094950020, 'time': 1740765493,...]"
03-01 01:58:23 [INFO] nonebot | Event will be handled by Matcher(type='message', module=zhenxun.builtin_plugins.chat_history.chat_message, lineno=39)
03-01 01:58:23 [INFO] nonebot | Matcher(type='message', module=zhenxun.builtin_plugins.chat_history.chat_message, lineno=39) running complete
03-01 01:58:40 [SUCCESS] nonebot | OneBot V11 3042447114 | [message.group.normal]: Message 1821786108 from 485516179@[群:308422658] '抽老婆永恒灵魂'
03-01 01:58:40 [INFO] nonebot | Event will be handled by Matcher(type='message', module=zhenxun.builtin_plugins.chat_history.chat_message, lineno=39)
03-01 01:58:40 [INFO] nonebot | Matcher(type='message', module=zhenxun.builtin_plugins.chat_history.chat_message, lineno=39) running complete
03-01 01:58:40 [INFO] nonebot | Event will be handled by Matcher(type='message', module=zhenxun.plugins.zhenxun_plugin_draw_painting, lineno=46)
03-01 01:58:43 [INFO] nonebot | Matcher(type='message', module=zhenxun.plugins.zhenxun_plugin_draw_painting, lineno=46) running complete
03-01 01:58:59 [SUCCESS] nonebot | OneBot V11 3042447114 | [message.group.normal]: Message 492134095 from 485516179@[群:308422658] '抽老婆永恒灵魂'
03-01 01:58:59 [INFO] nonebot | Event will be handled by Matcher(type='message', module=zhenxun.builtin_plugins.chat_history.chat_message, lineno=39)
03-01 01:58:59 [INFO] nonebot | Matcher(type='message', module=zhenxun.builtin_plugins.chat_history.chat_message, lineno=39) running complete
03-01 01:58:59 [INFO] nonebot | Event will be handled by Matcher(type='message', module=zhenxun.plugins.zhenxun_plugin_draw_painting, lineno=46)
03-01 01:59:03 [INFO] nonebot | Matcher(type='message', module=zhenxun.plugins.zhenxun_plugin_draw_painting, lineno=46) running complete
03-01 01:59:04 [SUCCESS] nonebot | OneBot V11 3042447114 | [message.group.normal]: Message 621169386 from 3032557950@[群:392644938] '不会清'
03-01 01:59:04 [INFO] nonebot | Event will be handled by Matcher(type='message', module=zhenxun.builtin_plugins.chat_history.chat_message, lineno=39)
03-01 01:59:04 [INFO] nonebot | Matcher(type='message', module=zhenxun.builtin_plugins.chat_history.chat_message, lineno=39) running complete
03-01 01:59:31 [SUCCESS] nonebot | OneBot V11 3042447114 | [message.group.normal]: Message 1500469024 from 485516179@[群:308422658] '抽老婆永恒灵魂'
03-01 01:59:31 [INFO] nonebot | Event will be handled by Matcher(type='message', module=zhenxun.builtin_plugins.chat_history.chat_message, lineno=39)
03-01 01:59:31 [INFO] nonebot | Matcher(type='message', module=zhenxun.builtin_plugins.chat_history.chat_message, lineno=39) running complete
03-01 01:59:31 [INFO] nonebot | Event will be handled by Matcher(type='message', module=zhenxun.plugins.zhenxun_plugin_draw_painting, lineno=46)
03-01 01:59:34 [INFO] nonebot | Matcher(type='message', module=zhenxun.plugins.zhenxun_plugin_draw_painting, lineno=46) running complete
03-01 01:59:43 [SUCCESS] nonebot | OneBot V11 3042447114 | [message.group.normal]: Message 1266588770 from 485516179@[群:308422658] '抽老婆永恒灵魂'
03-01 01:59:43 [INFO] nonebot | Event will be handled by Matcher(type='message', module=zhenxun.builtin_plugins.chat_history.chat_message, lineno=39)
03-01 01:59:43 [INFO] nonebot | Matcher(type='message', module=zhenxun.builtin_plugins.chat_history.chat_message, lineno=39) running complete
03-01 01:59:43 [INFO] nonebot | Event will be handled by Matcher(type='message', module=zhenxun.plugins.zhenxun_plugin_draw_painting, lineno=46)
03-01 01:59:45 [SUCCESS] nonebot | OneBot V11 3042447114 | [message.group.normal]: Message 1380754817 from 1074375218@[群:392644938] '[image:summary=,file=DE399DF0842C088A78A7BCC8B018DE40.png,sub_type=0,url=https://multimedia.nt.qq.com.cn/download?appid=1407&fileid=EhQ3jshL...,file_size=627057]有妹有房，父母双亡'
03-01 01:59:45 [INFO] nonebot | Event will be handled by Matcher(type='message', module=zhenxun.builtin_plugins.chat_history.chat_message, lineno=39)
03-01 01:59:45 [INFO] nonebot | Matcher(type='message', module=zhenxun.builtin_plugins.chat_history.chat_message, lineno=39) running complete
03-01 01:59:45 [INFO] nonebot | Matcher(type='message', module=zhenxun.plugins.zhenxun_plugin_draw_painting, lineno=46) running complete
03-01 01:59:46 [SUCCESS] nonebot | OneBot V11 3042447114 | [message.group.normal]: Message 981708926 from 1183921197@[群:308422658] '[image:summary=[动画表情],file=5E2FF99267C32832E89BB62984C35C71.jpg,sub_type=1,url=https://multimedia.nt.qq.com.cn/download?appid=1407&fileid=EhSauXS-...,file_size=117499]'
03-01 01:59:46 [INFO] nonebot | Event will be handled by Matcher(type='message', module=zhenxun.builtin_plugins.chat_history.chat_message, lineno=39)
03-01 01:59:46 [INFO] nonebot | Matcher(type='message', module=zhenxun.builtin_plugins.chat_history.chat_message, lineno=39) running complete
03-01 02:00:06 [SUCCESS] nonebot | OneBot V11 3042447114 | [notice.group_recall]: {'time': 1740765606, 'self_id': 3042447114, 'post_type': 'notice', 'notice_type': 'group_recall', 'user_id': 485516179, 'group_id': 308422658, 'operator_id': 485516179, 'message_id': 1911848549}
03-01 02:00:06 [INFO] nonebot | Event will be handled by Matcher(type='notice', module=zhenxun.plugins.zhenxun_plugin_draw_painting, lineno=61)
03-01 02:00:06 [INFO] nonebot | Event will be handled by Matcher(type='notice', module=zhenxun.plugins.zhenxun_plugin_draw_painting, lineno=62)
03-01 02:00:06 [INFO] nonebot | Event will be handled by Matcher(type='notice', module=zhenxun.plugins.monitor, lineno=18)
03-01 02:00:06 [INFO] nonebot | Event will be handled by Matcher(type='notice', module=zhenxun.plugins.monitor, lineno=19)
03-01 02:00:06 [INFO] nonebot | Event will be handled by Matcher(type='notice', module=zhenxun.plugins.monitor, lineno=20)
03-01 02:00:06 [INFO] nonebot | Matcher(type='notice', module=zhenxun.plugins.monitor, lineno=19) running complete
03-01 02:00:06 [INFO] nonebot | Matcher(type='notice', module=zhenxun.plugins.monitor, lineno=18) running complete
03-01 02:00:06 [INFO] nonebot | Matcher(type='notice', module=zhenxun.plugins.monitor, lineno=20) running complete
03-01 02:00:06 [INFO] nonebot | Matcher(type='notice', module=zhenxun.plugins.zhenxun_plugin_draw_painting, lineno=62) running complete
03-01 02:00:06 [INFO] nonebot | Matcher(type='notice', module=zhenxun.plugins.zhenxun_plugin_draw_painting, lineno=61) running complete
03-01 02:00:09 [SUCCESS] nonebot | OneBot V11 3042447114 | [message.group.normal]: Message 595411598 from 1433290406@[群:475899384] '[reply:id=1726185643][at:qq=1574078497] 天赋树刷满了?'
03-01 02:00:09 [INFO] nonebot | Event will be handled by Matcher(type='message', module=zhenxun.builtin_plugins.chat_history.chat_message, lineno=39)
03-01 02:00:09 [INFO] nonebot | Matcher(type='message', module=zhenxun.builtin_plugins.chat_history.chat_message, lineno=39) running complete
03-01 02:00:16 [SUCCESS] nonebot | OneBot V11 3042447114 | [message.group.normal]: Message 109241550 from 485516179@[群:308422658] "[forward:id=7476531391321753122,content=[{'self_id': 3042447114, 'user_id': 1094950020, 'time': 1740765493,...]"
03-01 02:00:16 [INFO] nonebot | Event will be handled by Matcher(type='message', module=zhenxun.builtin_plugins.chat_history.chat_message, lineno=39)
03-01 02:00:16 [INFO] nonebot | Matcher(type='message', module=zhenxun.builtin_plugins.chat_history.chat_message, lineno=39) running complete
03-01 02:00:47 [SUCCESS] nonebot | OneBot V11 3042447114 | [message.group.normal]: Message 108051364 from 1574078497@[群:475899384] '我这把是没满'
03-01 02:00:47 [INFO] nonebot | Event will be handled by Matcher(type='message', module=zhenxun.builtin_plugins.chat_history.chat_message, lineno=39)
03-01 02:00:47 [INFO] nonebot | Matcher(type='message', module=zhenxun.builtin_plugins.chat_history.chat_message, lineno=39) running complete
03-01 02:00:50 [SUCCESS] nonebot | OneBot V11 3042447114 | [message.group.normal]: Message 343053376 from 1574078497@[群:475899384] '毕竟胡穿了'
03-01 02:00:50 [INFO] nonebot | Event will be handled by Matcher(type='message', module=zhenxun.builtin_plugins.chat_history.chat_message, lineno=39)
03-01 02:00:50 [INFO] nonebot | Matcher(type='message', module=zhenxun.builtin_plugins.chat_history.chat_message, lineno=39) running complete
03-01 02:00:52 [SUCCESS] nonebot | OneBot V11 3042447114 | [message.group.normal]: Message 1483667183 from 1574078497@[群:475899384] '现在满了'
03-01 02:00:52 [INFO] nonebot | Event will be handled by Matcher(type='message', module=zhenxun.builtin_plugins.chat_history.chat_message, lineno=39)
03-01 02:00:52 [INFO] nonebot | Matcher(type='message', module=zhenxun.builtin_plugins.chat_history.chat_message, lineno=39) running complete
03-01 02:00:55 [SUCCESS] nonebot | OneBot V11 3042447114 | [message.group.normal]: Message 1121928692 from 1574078497@[群:475899384] '科技树'
03-01 02:00:55 [INFO] nonebot | Event will be handled by Matcher(type='message', module=zhenxun.builtin_plugins.chat_history.chat_message, lineno=39)
03-01 02:00:55 [INFO] nonebot | Matcher(type='message', module=zhenxun.builtin_plugins.chat_history.chat_message, lineno=39) running complete
03-01 02:01:02 [SUCCESS] nonebot | OneBot V11 3042447114 | [message.group.normal]: Message 1715571099 from 1574078497@[群:475899384] '没多少'
03-01 02:01:02 [INFO] nonebot | Event will be handled by Matcher(type='message', module=zhenxun.builtin_plugins.chat_history.chat_message, lineno=39)
03-01 02:01:02 [INFO] nonebot | Matcher(type='message', module=zhenxun.builtin_plugins.chat_history.chat_message, lineno=39) running complete
03-01 02:01:03 [SUCCESS] nonebot | OneBot V11 3042447114 | [notice.notify.poke]: {'time': 1740765663, 'self_id': 3042447114, 'post_type': 'notice', 'notice_type': 'notify', 'sub_type': 'poke', 'user_id': 1657203032, 'group_id': 864523321, 'target_id': 3034109192, 'raw_info': [{'col': '1', 'nm': '', 'type': 'qq', 'uid': 'u_2uYAZbZqXcmqhDxCcPgL-Q'}, {'jp': 'https://zb.vip.qq.com/v2/pages/nudgeMall?_wv=2&actionId=0', 'src': 'http://tianquan.gtimg.cn/nudgeaction/item/0/expression.jpg', 'type': 'img'}, {'txt': '戳了戳', 'type': 'nor'}, {'col': '1', 'nm': '', 'tp': '0', 'type': 'qq', 'uid': 'u_EofrflECir98_mej5IkHTA'}, {'txt': '的平板 发现断触严重', 'type': 'nor'}]}
03-01 02:01:03 [INFO] nonebot | Event will be handled by Matcher(type='notice', module=zhenxun.plugins.zhenxun_plugin_draw_painting, lineno=61)
03-01 02:01:03 [INFO] nonebot | Event will be handled by Matcher(type='notice', module=zhenxun.plugins.zhenxun_plugin_draw_painting, lineno=62)
03-01 02:01:03 [INFO] nonebot | Event will be handled by Matcher(type='notice', module=zhenxun.plugins.monitor, lineno=18)
03-01 02:01:03 [INFO] nonebot | Event will be handled by Matcher(type='notice', module=zhenxun.plugins.monitor, lineno=19)
03-01 02:01:03 [INFO] nonebot | Event will be handled by Matcher(type='notice', module=zhenxun.plugins.monitor, lineno=20)
03-01 02:01:03 [INFO] nonebot | Matcher(type='notice', module=zhenxun.plugins.monitor, lineno=18) running complete
03-01 02:01:03 [INFO] nonebot | Matcher(type='notice', module=zhenxun.plugins.monitor, lineno=20) running complete
03-01 02:01:03 [INFO] nonebot | Matcher(type='notice', module=zhenxun.plugins.monitor, lineno=19) running complete
03-01 02:01:03 [INFO] nonebot | Matcher(type='notice', module=zhenxun.plugins.zhenxun_plugin_draw_painting, lineno=62) running complete
03-01 02:01:03 [INFO] nonebot | Matcher(type='notice', module=zhenxun.plugins.zhenxun_plugin_draw_painting, lineno=61) running is cancelled
03-01 02:01:11 [SUCCESS] nonebot | OneBot V11 3042447114 | [message.group.normal]: Message 1883434015 from 1574078497@[群:475899384] '不对'
03-01 02:01:11 [INFO] nonebot | Event will be handled by Matcher(type='message', module=zhenxun.builtin_plugins.chat_history.chat_message, lineno=39)
03-01 02:01:11 [INFO] nonebot | Matcher(type='message', module=zhenxun.builtin_plugins.chat_history.chat_message, lineno=39) running complete
03-01 02:01:18 [SUCCESS] nonebot | OneBot V11 3042447114 | [message.group.normal]: Message 1337218531 from 1574078497@[群:475899384] '我现在也差一点'
03-01 02:01:18 [INFO] nonebot | Event will be handled by Matcher(type='message', module=zhenxun.builtin_plugins.chat_history.chat_message, lineno=39)
03-01 02:01:18 [INFO] nonebot | Matcher(type='message', module=zhenxun.builtin_plugins.chat_history.chat_message, lineno=39) running complete
03-01 02:01:37 [SUCCESS] nonebot | OneBot V11 3042447114 | [message.group.normal]: Message 1950758931 from 1183921197@[群:308422658] '[image:summary=[动画表情],file=304FB54870BA9F2479DCF4FE36209260.jpg,sub_type=1,url=https://multimedia.nt.qq.com.cn/download?appid=1407&fileid=EhSV5TNn...,file_size=50970]'
03-01 02:01:37 [INFO] nonebot | Event will be handled by Matcher(type='message', module=zhenxun.builtin_plugins.chat_history.chat_message, lineno=39)
03-01 02:01:37 [INFO] nonebot | Matcher(type='message', module=zhenxun.builtin_plugins.chat_history.chat_message, lineno=39) running complete
03-01 02:02:58 [SUCCESS] nonebot | OneBot V11 3042447114 | [message.group.normal]: Message 191308041 from 867770305@[群:645741432] '拉自己朽5朽遗还不行么'
03-01 02:02:58 [INFO] nonebot | Event will be handled by Matcher(type='message', module=zhenxun.builtin_plugins.chat_history.chat_message, lineno=39)
03-01 02:02:58 [INFO] nonebot | Matcher(type='message', module=zhenxun.builtin_plugins.chat_history.chat_message, lineno=39) running complete
03-01 02:03:01 [SUCCESS] nonebot | OneBot V11 3042447114 | [message.group.normal]: Message 1934604758 from 1573305026@[群:645741432] '[image:summary=[动画表情],file=4BF42043BEFEB290748DC8AEA90E2643.jpg,sub_type=1,url=https://multimedia.nt.qq.com.cn/download?appid=1407&fileid=EhQMf17F...,file_size=83857]'
03-01 02:03:01 [INFO] nonebot | Event will be handled by Matcher(type='message', module=zhenxun.builtin_plugins.chat_history.chat_message, lineno=39)
03-01 02:03:01 [INFO] nonebot | Matcher(type='message', module=zhenxun.builtin_plugins.chat_history.chat_message, lineno=39) running complete
03-01 02:04:42 [SUCCESS] nonebot | OneBot V11 3042447114 | [message.group.normal]: Message 681668954 from 3142611989@[群:308422658] '[image:summary=,file=A23EBED28C69C3C793112C5E0C9DCAB8.jpg,sub_type=0,url=https://multimedia.nt.qq.com.cn/download?appid=1407&fileid=EhQ2HObH...,file_size=13674]'
03-01 02:04:42 [INFO] nonebot | Event will be handled by Matcher(type='message', module=zhenxun.builtin_plugins.chat_history.chat_message, lineno=39)
03-01 02:04:42 [INFO] nonebot | Matcher(type='message', module=zhenxun.builtin_plugins.chat_history.chat_message, lineno=39) running complete
03-01 02:04:47 [SUCCESS] nonebot | OneBot V11 3042447114 | [message.group.normal]: Message 307277620 from 3142611989@[群:308422658] '这是那个精灵'
03-01 02:04:47 [INFO] nonebot | Event will be handled by Matcher(type='message', module=zhenxun.builtin_plugins.chat_history.chat_message, lineno=39)
03-01 02:04:47 [INFO] nonebot | Matcher(type='message', module=zhenxun.builtin_plugins.chat_history.chat_message, lineno=39) running complete
03-01 02:05:05 [SUCCESS] nonebot | OneBot V11 3042447114 | [message.group.normal]: Message 1476345526 from 2069167022@[群:392644938] '怎么到处都有你'
03-01 02:05:05 [INFO] nonebot | Event will be handled by Matcher(type='message', module=zhenxun.builtin_plugins.chat_history.chat_message, lineno=39)
03-01 02:05:05 [INFO] nonebot | Matcher(type='message', module=zhenxun.builtin_plugins.chat_history.chat_message, lineno=39) running complete
03-01 02:05:21 [SUCCESS] nonebot | OneBot V11 3042447114 | [message.group.normal]: Message 590708671 from 1074375218@[群:392644938] "[face:id=178,raw={'faceIndex': 178, 'faceText': None, 'faceType': 1, 'packId': None,...]"
03-01 02:05:21 [INFO] nonebot | Event will be handled by Matcher(type='message', module=zhenxun.builtin_plugins.chat_history.chat_message, lineno=39)
03-01 02:05:21 [INFO] nonebot | Matcher(type='message', module=zhenxun.builtin_plugins.chat_history.chat_message, lineno=39) running complete
03-01 02:05:37 [SUCCESS] nonebot | OneBot V11 3042447114 | [message.group.normal]: Message 917921218 from 485516179@[群:308422658] '阿德里安'
03-01 02:05:37 [INFO] nonebot | Event will be handled by Matcher(type='message', module=zhenxun.builtin_plugins.chat_history.chat_message, lineno=39)
03-01 02:05:37 [INFO] nonebot | Matcher(type='message', module=zhenxun.builtin_plugins.chat_history.chat_message, lineno=39) running complete
03-01 02:05:43 [SUCCESS] nonebot | OneBot V11 3042447114 | [message.group.normal]: Message 1893151292 from 485516179@[群:308422658] '泳装'
03-01 02:05:43 [INFO] nonebot | Event will be handled by Matcher(type='message', module=zhenxun.builtin_plugins.chat_history.chat_message, lineno=39)
03-01 02:05:43 [INFO] nonebot | Matcher(type='message', module=zhenxun.builtin_plugins.chat_history.chat_message, lineno=39) running complete
03-01 02:05:50 [SUCCESS] nonebot | OneBot V11 3042447114 | [message.group.normal]: Message 889421689 from 485516179@[群:308422658] '[image:summary=,file=39A7A5805F1C894B9BFC2F9CC05C6A4E.jpg,sub_type=0,url=https://multimedia.nt.qq.com.cn/download?appid=1407&fileid=EhQQ19ig...,file_size=155912]'
03-01 02:05:50 [INFO] nonebot | Event will be handled by Matcher(type='message', module=zhenxun.builtin_plugins.chat_history.chat_message, lineno=39)
03-01 02:05:50 [INFO] nonebot | Matcher(type='message', module=zhenxun.builtin_plugins.chat_history.chat_message, lineno=39) running complete
03-01 02:06:08 [SUCCESS] nonebot | OneBot V11 3042447114 | [message.group.normal]: Message 262900310 from 2321440960@[群:864523321] '[reply:id=1155249956][at:qq=3399421580] 精神状态堪忧'
03-01 02:06:08 [INFO] nonebot | Event will be handled by Matcher(type='message', module=zhenxun.builtin_plugins.chat_history.chat_message, lineno=39)
03-01 02:06:08 [INFO] nonebot | Matcher(type='message', module=zhenxun.builtin_plugins.chat_history.chat_message, lineno=39) running complete
03-01 02:06:46 [SUCCESS] nonebot | OneBot V11 3042447114 | [message.group.normal]: Message 1802057826 from 3142611989@[群:308422658] '[image:summary=[动画表情],file=6464000F10C37273ADF85FBEE3C10F80.jpg,sub_type=1,url=https://multimedia.nt.qq.com.cn/download?appid=1407&fileid=EhRA5ufO...,file_size=732580]'
03-01 02:06:46 [INFO] nonebot | Event will be handled by Matcher(type='message', module=zhenxun.builtin_plugins.chat_history.chat_message, lineno=39)
03-01 02:06:46 [INFO] nonebot | Matcher(type='message', module=zhenxun.builtin_plugins.chat_history.chat_message, lineno=39) running complete
03-01 02:08:47 [SUCCESS] nonebot | OneBot V11 3042447114 | [message.group.normal]: Message 1430730399 from 1183921197@[群:308422658] '[image:summary=[动画表情],file=B051082587007ACB48E26D3F397ABD1F.jpg,sub_type=1,url=https://multimedia.nt.qq.com.cn/download?appid=1407&fileid=EhRv6KuN...,file_size=2496]'
03-01 02:08:47 [INFO] nonebot | Event will be handled by Matcher(type='message', module=zhenxun.builtin_plugins.chat_history.chat_message, lineno=39)
03-01 02:08:47 [INFO] nonebot | Matcher(type='message', module=zhenxun.builtin_plugins.chat_history.chat_message, lineno=39) running complete
03-01 02:11:49 [SUCCESS] nonebot | OneBot V11 3042447114 | [message.group.normal]: Message 386974488 from 1074375218@[群:392644938] '[image:summary=,file=A83B76E11EE6471F3B92E91A562E740D.png,sub_type=0,url=https://multimedia.nt.qq.com.cn/download?appid=1407&fileid=EhRWr2vr...,file_size=2023686]感觉翻译的还是有点生硬'
03-01 02:11:49 [INFO] nonebot | Event will be handled by Matcher(type='message', module=zhenxun.builtin_plugins.chat_history.chat_message, lineno=39)
03-01 02:11:49 [INFO] nonebot | Matcher(type='message', module=zhenxun.builtin_plugins.chat_history.chat_message, lineno=39) running complete
03-01 02:12:54 [SUCCESS] nonebot | OneBot V11 3042447114 | [message.group.normal]: Message 1904338882 from 1099442088@[群:645741432] '[image:summary=,file={F4464977-1514-B00D-0B6E-C10B3B801647}.png,sub_type=0,url=https://gchat.qpic.cn/gchatpic_new/0/0-0-F44649771514B00D0B6EC10B3B...,file_size=2643416]'
03-01 02:12:54 [INFO] nonebot | Event will be handled by Matcher(type='message', module=zhenxun.builtin_plugins.chat_history.chat_message, lineno=39)
03-01 02:12:54 [INFO] nonebot | Matcher(type='message', module=zhenxun.builtin_plugins.chat_history.chat_message, lineno=39) running complete
03-01 02:12:54 [SUCCESS] nonebot | OneBot V11 3042447114 | [message.group.normal]: Message 902137191 from 1433290406@[群:475899384] '太肝了'
03-01 02:12:54 [INFO] nonebot | Event will be handled by Matcher(type='message', module=zhenxun.builtin_plugins.chat_history.chat_message, lineno=39)
03-01 02:12:54 [INFO] nonebot | Matcher(type='message', module=zhenxun.builtin_plugins.chat_history.chat_message, lineno=39) running complete
03-01 02:12:57 [SUCCESS] nonebot | OneBot V11 3042447114 | [message.group.normal]: Message 205194821 from 1099442088@[群:645741432] '他技能必暴击?'
03-01 02:12:57 [INFO] nonebot | Event will be handled by Matcher(type='message', module=zhenxun.builtin_plugins.chat_history.chat_message, lineno=39)
03-01 02:12:57 [INFO] nonebot | Matcher(type='message', module=zhenxun.builtin_plugins.chat_history.chat_message, lineno=39) running complete
03-01 02:15:32 [SUCCESS] nonebot | OneBot V11 3042447114 | [message.group.normal]: Message 1063010415 from 3034109192@[群:864523321] '抱抱琪露诺'
03-01 02:15:32 [INFO] nonebot | Event will be handled by Matcher(type='message', module=zhenxun.builtin_plugins.chat_history.chat_message, lineno=39)
03-01 02:15:32 [INFO] nonebot | Matcher(type='message', module=zhenxun.builtin_plugins.chat_history.chat_message, lineno=39) running complete
03-01 02:15:35 [SUCCESS] nonebot | OneBot V11 3042447114 | [message.group.normal]: Message 50896517 from 2732748188@[群:864523321] '哼哼哼，大意了哦，看招吧，『冰符·冰爆』...诶？为什么会打不中？！\n增加了6，当前好感度为：45'
03-01 02:15:35 [INFO] nonebot | Event will be handled by Matcher(type='message', module=zhenxun.builtin_plugins.chat_history.chat_message, lineno=39)
03-01 02:15:35 [INFO] nonebot | Matcher(type='message', module=zhenxun.builtin_plugins.chat_history.chat_message, lineno=39) running complete
03-01 02:15:54 [SUCCESS] nonebot | OneBot V11 3042447114 | [message.group.normal]: Message 1846421825 from 2371404055@[群:1032235226] '[at:qq=821923589] v1遐蝶无限大复刻出来了'
03-01 02:15:54 [INFO] nonebot | Event will be handled by Matcher(type='message', module=zhenxun.builtin_plugins.chat_history.chat_message, lineno=39)
03-01 02:15:54 [INFO] nonebot | Matcher(type='message', module=zhenxun.builtin_plugins.chat_history.chat_message, lineno=39) running complete
03-01 02:16:00 [SUCCESS] nonebot | OneBot V11 3042447114 | [message.group.normal]: Message 1018132521 from 867770305@[群:645741432] '不用看面板'
03-01 02:16:00 [INFO] nonebot | Event will be handled by Matcher(type='message', module=zhenxun.builtin_plugins.chat_history.chat_message, lineno=39)
03-01 02:16:00 [INFO] nonebot | Matcher(type='message', module=zhenxun.builtin_plugins.chat_history.chat_message, lineno=39) running complete
03-01 02:16:01 [SUCCESS] nonebot | OneBot V11 3042447114 | [message.group.normal]: Message 507378471 from 2371404055@[群:1032235226] '挂自动就能打完('
03-01 02:16:01 [INFO] nonebot | Event will be handled by Matcher(type='message', module=zhenxun.builtin_plugins.chat_history.chat_message, lineno=39)
03-01 02:16:01 [INFO] nonebot | Matcher(type='message', module=zhenxun.builtin_plugins.chat_history.chat_message, lineno=39) running complete
03-01 02:16:05 [SUCCESS] nonebot | OneBot V11 3042447114 | [message.group.normal]: Message 1027006494 from 867770305@[群:645741432] '队友带谁了'
03-01 02:16:05 [INFO] nonebot | Event will be handled by Matcher(type='message', module=zhenxun.builtin_plugins.chat_history.chat_message, lineno=39)
03-01 02:16:05 [INFO] nonebot | Matcher(type='message', module=zhenxun.builtin_plugins.chat_history.chat_message, lineno=39) running complete
03-01 02:16:18 [SUCCESS] nonebot | OneBot V11 3042447114 | [message.group.normal]: Message 1128323567 from 1099442088@[群:645741432] '带的vva'
03-01 02:16:18 [INFO] nonebot | Event will be handled by Matcher(type='message', module=zhenxun.builtin_plugins.chat_history.chat_message, lineno=39)
03-01 02:16:18 [INFO] nonebot | Matcher(type='message', module=zhenxun.builtin_plugins.chat_history.chat_message, lineno=39) running complete
03-01 02:16:28 [SUCCESS] nonebot | OneBot V11 3042447114 | [notice.group_decrease.leave]: {'time': 1740766588, 'self_id': 3042447114, 'post_type': 'notice', 'notice_type': 'group_decrease', 'sub_type': 'leave', 'user_id': 425904328, 'group_id': 645741432, 'operator_id': 0}
03-01 02:16:28 [INFO] nonebot | Event will be handled by Matcher(type='notice', module=zhenxun.plugins.zhenxun_plugin_draw_painting, lineno=61)
03-01 02:16:28 [INFO] nonebot | Event will be handled by Matcher(type='notice', module=zhenxun.plugins.zhenxun_plugin_draw_painting, lineno=62)
03-01 02:16:28 [INFO] nonebot | Event will be handled by Matcher(type='notice', module=zhenxun.plugins.monitor, lineno=18)
03-01 02:16:28 [INFO] nonebot | Event will be handled by Matcher(type='notice', module=zhenxun.plugins.monitor, lineno=19)
03-01 02:16:28 [INFO] nonebot | Event will be handled by Matcher(type='notice', module=zhenxun.plugins.monitor, lineno=20)
03-01 02:16:28 [INFO] nonebot | Event will be handled by Matcher(type='notice', module=zhenxun.builtin_plugins.platform.qq.group_handle, lineno=103)
03-01 02:16:28 [INFO] nonebot | Matcher(type='notice', module=zhenxun.plugins.zhenxun_plugin_draw_painting, lineno=62) running complete
03-01 02:16:28 [INFO] nonebot | Matcher(type='notice', module=zhenxun.plugins.zhenxun_plugin_draw_painting, lineno=61) running complete
03-01 02:16:28 [INFO] nonebot | Matcher(type='notice', module=zhenxun.plugins.monitor, lineno=19) running complete
03-01 02:16:28 [INFO] nonebot | Matcher(type='notice', module=zhenxun.plugins.monitor, lineno=20) running complete
03-01 02:16:29 [INFO] zhenxun | 群聊[645741432] 用户[425904328] CMD[group_decrease_handle] 名称: F̸̨҇̾̾O҈̈́̚͢͝O҉͠L̷ 退出群聊
03-01 02:16:29 [INFO] nonebot | Matcher(type='notice', module=zhenxun.builtin_plugins.platform.qq.group_handle, lineno=103) running complete
03-01 02:16:29 [INFO] nonebot | Matcher(type='notice', module=zhenxun.plugins.monitor, lineno=18) running complete
03-01 02:16:36 [SUCCESS] nonebot | OneBot V11 3042447114 | [message.group.normal]: Message 2010049907 from 1099442088@[群:645741432] '我看他好像有buff就必爆'
03-01 02:16:36 [INFO] nonebot | Event will be handled by Matcher(type='message', module=zhenxun.builtin_plugins.chat_history.chat_message, lineno=39)
03-01 02:16:36 [INFO] nonebot | Matcher(type='message', module=zhenxun.builtin_plugins.chat_history.chat_message, lineno=39) running complete
03-01 02:17:58 [SUCCESS] nonebot | OneBot V11 3042447114 | [message.group.normal]: Message 1865229659 from 495662862@[群:308422658] '抽老婆永恒灵魂'
03-01 02:17:58 [INFO] nonebot | Event will be handled by Matcher(type='message', module=zhenxun.builtin_plugins.chat_history.chat_message, lineno=39)
03-01 02:17:58 [INFO] nonebot | Matcher(type='message', module=zhenxun.builtin_plugins.chat_history.chat_message, lineno=39) running complete
03-01 02:17:58 [INFO] nonebot | Event will be handled by Matcher(type='message', module=zhenxun.plugins.zhenxun_plugin_draw_painting, lineno=46)
03-01 02:18:00 [INFO] nonebot | Matcher(type='message', module=zhenxun.plugins.zhenxun_plugin_draw_painting, lineno=46) running complete
03-01 02:19:24 [SUCCESS] nonebot | OneBot V11 3042447114 | [message.group.normal]: Message 2117317659 from 867770305@[群:645741432] '有加攻buff必爆'
03-01 02:19:24 [INFO] nonebot | Event will be handled by Matcher(type='message', module=zhenxun.builtin_plugins.chat_history.chat_message, lineno=39)
03-01 02:19:24 [INFO] nonebot | Matcher(type='message', module=zhenxun.builtin_plugins.chat_history.chat_message, lineno=39) running complete
03-01 02:21:31 [SUCCESS] nonebot | OneBot V11 3042447114 | [message.group.normal]: Message 1527238116 from 3414580087@[群:816890778] '伤害浮动有点夸张'
03-01 02:21:31 [INFO] nonebot | Event will be handled by Matcher(type='message', module=zhenxun.builtin_plugins.chat_history.chat_message, lineno=39)
03-01 02:21:31 [INFO] nonebot | Matcher(type='message', module=zhenxun.builtin_plugins.chat_history.chat_message, lineno=39) running complete
03-01 02:21:50 [SUCCESS] nonebot | OneBot V11 3042447114 | [message.group.normal]: Message 1852114549 from 1565873274@[群:816890778] '毕竟是拉利玛'
03-01 02:21:50 [INFO] nonebot | Event will be handled by Matcher(type='message', module=zhenxun.builtin_plugins.chat_history.chat_message, lineno=39)
03-01 02:21:50 [INFO] nonebot | Matcher(type='message', module=zhenxun.builtin_plugins.chat_history.chat_message, lineno=39) running complete
03-01 02:21:54 [SUCCESS] nonebot | OneBot V11 3042447114 | [message.group.normal]: Message 1746233813 from 1565873274@[群:816890778] "[face:id=317,raw={'faceIndex': 317, 'faceText': '/菜汪', 'faceType': 2, 'packId': None...][face:id=317,raw={'faceIndex': 317, 'faceText': '/菜汪', 'faceType': 2, 'packId': None...][face:id=317,raw={'faceIndex': 317, 'faceText': '/菜汪', 'faceType': 2, 'packId': None...]"
03-01 02:21:54 [INFO] nonebot | Event will be handled by Matcher(type='message', module=zhenxun.builtin_plugins.chat_history.chat_message, lineno=39)
03-01 02:21:54 [INFO] nonebot | Matcher(type='message', module=zhenxun.builtin_plugins.chat_history.chat_message, lineno=39) running complete
03-01 02:21:58 [SUCCESS] nonebot | OneBot V11 3042447114 | [message.group.normal]: Message 1542764460 from 3414580087@[群:816890778] '又打了四遍每一个上6w管血的'
03-01 02:21:58 [INFO] nonebot | Event will be handled by Matcher(type='message', module=zhenxun.builtin_plugins.chat_history.chat_message, lineno=39)
03-01 02:21:58 [INFO] nonebot | Matcher(type='message', module=zhenxun.builtin_plugins.chat_history.chat_message, lineno=39) running complete
03-01 02:22:11 [SUCCESS] nonebot | OneBot V11 3042447114 | [message.group.normal]: Message 1169799916 from 3414580087@[群:816890778] '老卡5w9多'
03-01 02:22:11 [INFO] nonebot | Event will be handled by Matcher(type='message', module=zhenxun.builtin_plugins.chat_history.chat_message, lineno=39)
03-01 02:22:11 [INFO] nonebot | Matcher(type='message', module=zhenxun.builtin_plugins.chat_history.chat_message, lineno=39) running complete
03-01 02:22:15 [SUCCESS] nonebot | OneBot V11 3042447114 | [message.group.normal]: Message 268243205 from 3414580087@[群:816890778] '[image:summary=,file=821C256210F97C48056F121740339AAE.png,sub_type=0,url=https://multimedia.nt.qq.com.cn/download?appid=1407&fileid=EhThSWIR...,file_size=5434]'
03-01 02:22:15 [INFO] nonebot | Event will be handled by Matcher(type='message', module=zhenxun.builtin_plugins.chat_history.chat_message, lineno=39)
03-01 02:22:15 [INFO] nonebot | Matcher(type='message', module=zhenxun.builtin_plugins.chat_history.chat_message, lineno=39) running complete
03-01 02:22:29 [SUCCESS] nonebot | OneBot V11 3042447114 | [message.group.normal]: Message 28806590 from 1565873274@[群:816890778] '多一点契合都不一样'
03-01 02:22:29 [INFO] nonebot | Event will be handled by Matcher(type='message', module=zhenxun.builtin_plugins.chat_history.chat_message, lineno=39)
03-01 02:22:29 [INFO] nonebot | Matcher(type='message', module=zhenxun.builtin_plugins.chat_history.chat_message, lineno=39) running complete
03-01 02:22:30 [SUCCESS] nonebot | OneBot V11 3042447114 | [message.group.normal]: Message 1945685586 from 1565873274@[群:816890778] "[face:id=178,raw={'faceIndex': 178, 'faceText': None, 'faceType': 1, 'packId': None,...][face:id=178,raw={'faceIndex': 178, 'faceText': None, 'faceType': 1, 'packId': None,...][face:id=178,raw={'faceIndex': 178, 'faceText': None, 'faceType': 1, 'packId': None,...]"
03-01 02:22:30 [INFO] nonebot | Event will be handled by Matcher(type='message', module=zhenxun.builtin_plugins.chat_history.chat_message, lineno=39)
03-01 02:22:30 [INFO] nonebot | Matcher(type='message', module=zhenxun.builtin_plugins.chat_history.chat_message, lineno=39) running complete
03-01 02:22:43 [SUCCESS] nonebot | OneBot V11 3042447114 | [message.group.normal]: Message 685960481 from 2169636114@[群:392644938] '摆了小半年不想摆了，有没有大佬看看这些没练的卡里有没有什么好用的'
03-01 02:22:43 [INFO] nonebot | Event will be handled by Matcher(type='message', module=zhenxun.builtin_plugins.chat_history.chat_message, lineno=39)
03-01 02:22:43 [INFO] nonebot | Matcher(type='message', module=zhenxun.builtin_plugins.chat_history.chat_message, lineno=39) running complete
03-01 02:22:58 [SUCCESS] nonebot | OneBot V11 3042447114 | [message.group.normal]: Message 959455420 from 2605310013@[群:308422658] "[forward:id=7476537237294593198,content=[{'self_id': 3042447114, 'user_id': 1094950020, 'time': 1740655040,...]"
03-01 02:22:58 [INFO] nonebot | Event will be handled by Matcher(type='message', module=zhenxun.builtin_plugins.chat_history.chat_message, lineno=39)
03-01 02:22:58 [INFO] nonebot | Matcher(type='message', module=zhenxun.builtin_plugins.chat_history.chat_message, lineno=39) running complete
03-01 02:23:05 [SUCCESS] nonebot | OneBot V11 3042447114 | [message.group.normal]: Message 2103814691 from 2169636114@[群:392644938] '[image:summary=,file=DEA26D1C9D1C9278C8533B2BEB8F489C.jpg,sub_type=0,url=https://multimedia.nt.qq.com.cn/download?appid=1407&fileid=EhSlqJ1Y...,file_size=244411]'
03-01 02:23:05 [INFO] nonebot | Event will be handled by Matcher(type='message', module=zhenxun.builtin_plugins.chat_history.chat_message, lineno=39)
03-01 02:23:05 [INFO] nonebot | Matcher(type='message', module=zhenxun.builtin_plugins.chat_history.chat_message, lineno=39) running complete
03-01 02:23:06 [SUCCESS] nonebot | OneBot V11 3042447114 | [message.group.normal]: Message 178368535 from 2169636114@[群:392644938] '[image:summary=,file=BA257D69D5DC5434A962DC5026FE77CA.jpg,sub_type=0,url=https://multimedia.nt.qq.com.cn/download?appid=1407&fileid=EhTbGTCP...,file_size=63540]'
03-01 02:23:06 [INFO] nonebot | Event will be handled by Matcher(type='message', module=zhenxun.builtin_plugins.chat_history.chat_message, lineno=39)
03-01 02:23:06 [INFO] nonebot | Matcher(type='message', module=zhenxun.builtin_plugins.chat_history.chat_message, lineno=39) running complete
03-01 02:25:03 [SUCCESS] nonebot | OneBot V11 3042447114 | [message.group.normal]: Message 1101617691 from 1960735950@[群:392644938] '不打高难也用不到啊'
03-01 02:25:03 [INFO] nonebot | Event will be handled by Matcher(type='message', module=zhenxun.builtin_plugins.chat_history.chat_message, lineno=39)
03-01 02:25:03 [INFO] nonebot | Matcher(type='message', module=zhenxun.builtin_plugins.chat_history.chat_message, lineno=39) running complete
03-01 02:25:14 [SUCCESS] nonebot | OneBot V11 3042447114 | [message.group.normal]: Message 1285685809 from 1960735950@[群:392644938] '摆了大半年你不应该强化起码除了宝珠全点满了么'
03-01 02:25:14 [INFO] nonebot | Event will be handled by Matcher(type='message', module=zhenxun.builtin_plugins.chat_history.chat_message, lineno=39)
03-01 02:25:14 [INFO] nonebot | Matcher(type='message', module=zhenxun.builtin_plugins.chat_history.chat_message, lineno=39) running complete
03-01 02:25:26 [SUCCESS] nonebot | OneBot V11 3042447114 | [notice.group_recall]: {'time': 1740767126, 'self_id': 3042447114, 'post_type': 'notice', 'notice_type': 'group_recall', 'user_id': 1960735950, 'group_id': 392644938, 'operator_id': 1960735950, 'message_id': 1285685809}
03-01 02:25:26 [INFO] nonebot | Event will be handled by Matcher(type='notice', module=zhenxun.plugins.zhenxun_plugin_draw_painting, lineno=61)
03-01 02:25:26 [INFO] nonebot | Event will be handled by Matcher(type='notice', module=zhenxun.plugins.zhenxun_plugin_draw_painting, lineno=62)
03-01 02:25:26 [INFO] nonebot | Event will be handled by Matcher(type='notice', module=zhenxun.plugins.monitor, lineno=18)
03-01 02:25:26 [INFO] nonebot | Event will be handled by Matcher(type='notice', module=zhenxun.plugins.monitor, lineno=19)
03-01 02:25:26 [INFO] nonebot | Event will be handled by Matcher(type='notice', module=zhenxun.plugins.monitor, lineno=20)
03-01 02:25:26 [INFO] nonebot | Matcher(type='notice', module=zhenxun.plugins.monitor, lineno=19) running complete
03-01 02:25:26 [INFO] nonebot | Matcher(type='notice', module=zhenxun.plugins.monitor, lineno=18) running complete
03-01 02:25:26 [INFO] nonebot | Matcher(type='notice', module=zhenxun.plugins.zhenxun_plugin_draw_painting, lineno=61) running complete
03-01 02:25:26 [INFO] nonebot | Matcher(type='notice', module=zhenxun.plugins.monitor, lineno=20) running complete
03-01 02:25:26 [INFO] nonebot | Matcher(type='notice', module=zhenxun.plugins.zhenxun_plugin_draw_painting, lineno=62) running complete
03-01 02:25:29 [SUCCESS] nonebot | OneBot V11 3042447114 | [message.group.normal]: Message 1751936733 from 1960735950@[群:392644938] '摆了小半年你不应该强化起码除了宝珠全点满了么'
03-01 02:25:29 [INFO] nonebot | Event will be handled by Matcher(type='message', module=zhenxun.builtin_plugins.chat_history.chat_message, lineno=39)
03-01 02:25:29 [INFO] nonebot | Matcher(type='message', module=zhenxun.builtin_plugins.chat_history.chat_message, lineno=39) running complete
03-01 02:27:19 [SUCCESS] nonebot | OneBot V11 3042447114 | [message.group.normal]: Message 1622436204 from 208469464@[群:707984972] '[image:summary=[图片],file=463adab9d56383553983339a2eed0bd2.webp,sub_type=0,url=https://multimedia.nt.qq.com.cn/download?appid=1407&fileid=EhRE61TJ...,file_size=5304]'
03-01 02:27:20 [INFO] nonebot | Event will be handled by Matcher(type='message', module=zhenxun.builtin_plugins.chat_history.chat_message, lineno=39)
03-01 02:27:20 [INFO] nonebot | Matcher(type='message', module=zhenxun.builtin_plugins.chat_history.chat_message, lineno=39) running complete
03-01 02:27:44 [SUCCESS] nonebot | OneBot V11 3042447114 | [message.group.normal]: Message 1991522590 from 2169636114@[群:392644938] '不是啊，我差不多从攒了一套每期能打20w左右分的阵容以后'
03-01 02:27:44 [INFO] nonebot | Event will be handled by Matcher(type='message', module=zhenxun.builtin_plugins.chat_history.chat_message, lineno=39)
03-01 02:27:44 [INFO] nonebot | Matcher(type='message', module=zhenxun.builtin_plugins.chat_history.chat_message, lineno=39) running complete
03-01 02:27:50 [SUCCESS] nonebot | OneBot V11 3042447114 | [message.group.normal]: Message 1338762421 from 2605310013@[群:308422658] '[image:summary=[动画表情],file=07442B629629B820B046CB64037E5035.jpg,sub_type=1,url=https://multimedia.nt.qq.com.cn/download?appid=1407&fileid=EhRbhT_d...,file_size=25830]'
03-01 02:27:50 [INFO] nonebot | Event will be handled by Matcher(type='message', module=zhenxun.builtin_plugins.chat_history.chat_message, lineno=39)
03-01 02:27:50 [INFO] nonebot | Matcher(type='message', module=zhenxun.builtin_plugins.chat_history.chat_message, lineno=39) running complete
03-01 02:27:59 [SUCCESS] nonebot | OneBot V11 3042447114 | [message.group.normal]: Message 1506381121 from 2169636114@[群:392644938] '就没咋练过卡了'
03-01 02:27:59 [INFO] nonebot | Event will be handled by Matcher(type='message', module=zhenxun.builtin_plugins.chat_history.chat_message, lineno=39)
03-01 02:27:59 [INFO] nonebot | Matcher(type='message', module=zhenxun.builtin_plugins.chat_history.chat_message, lineno=39) running complete
03-01 02:28:11 [SUCCESS] nonebot | OneBot V11 3042447114 | [message.group.normal]: Message 2083114921 from 1960735950@[群:392644938] '养成材料挂时修挂的啊'
03-01 02:28:11 [INFO] nonebot | Event will be handled by Matcher(type='message', module=zhenxun.builtin_plugins.chat_history.chat_message, lineno=39)
03-01 02:28:11 [INFO] nonebot | Matcher(type='message', module=zhenxun.builtin_plugins.chat_history.chat_message, lineno=39) running complete
03-01 02:28:17 [SUCCESS] nonebot | OneBot V11 3042447114 | [message.group.normal]: Message 1966658812 from 2169636114@[群:392644938] '今年好像就练了一张西装玉一张雷aoi'
03-01 02:28:17 [INFO] nonebot | Event will be handled by Matcher(type='message', module=zhenxun.builtin_plugins.chat_history.chat_message, lineno=39)
03-01 02:28:17 [INFO] nonebot | Matcher(type='message', module=zhenxun.builtin_plugins.chat_history.chat_message, lineno=39) running complete
03-01 02:28:32 [SUCCESS] nonebot | OneBot V11 3042447114 | [message.group.normal]: Message 898679645 from 2169636114@[群:392644938] '时修都好久没刷了'
03-01 02:28:32 [INFO] nonebot | Event will be handled by Matcher(type='message', module=zhenxun.builtin_plugins.chat_history.chat_message, lineno=39)
03-01 02:28:32 [INFO] nonebot | Matcher(type='message', module=zhenxun.builtin_plugins.chat_history.chat_message, lineno=39) running complete
03-01 02:28:59 [SUCCESS] nonebot | OneBot V11 3042447114 | [message.group.normal]: Message 1577915014 from 2169636114@[群:392644938] '每天上号进活动关把体力清了就润了'
03-01 02:28:59 [INFO] nonebot | Event will be handled by Matcher(type='message', module=zhenxun.builtin_plugins.chat_history.chat_message, lineno=39)
03-01 02:28:59 [INFO] nonebot | Matcher(type='message', module=zhenxun.builtin_plugins.chat_history.chat_message, lineno=39) running complete
03-01 02:29:16 [SUCCESS] nonebot | OneBot V11 3042447114 | [message.group.normal]: Message 116848148 from 2169636114@[群:392644938] '现在感觉有点膨胀了，该再练点卡了'
03-01 02:29:16 [INFO] nonebot | Event will be handled by Matcher(type='message', module=zhenxun.builtin_plugins.chat_history.chat_message, lineno=39)
03-01 02:29:17 [INFO] nonebot | Matcher(type='message', module=zhenxun.builtin_plugins.chat_history.chat_message, lineno=39) running complete
03-01 02:29:22 [SUCCESS] nonebot | OneBot V11 3042447114 | [message.group.normal]: Message 1032853122 from 1960735950@[群:392644938] '时修现在都不用进去就能一键挂机'
03-01 02:29:23 [INFO] nonebot | Event will be handled by Matcher(type='message', module=zhenxun.builtin_plugins.chat_history.chat_message, lineno=39)
03-01 02:29:23 [INFO] nonebot | Matcher(type='message', module=zhenxun.builtin_plugins.chat_history.chat_message, lineno=39) running complete
03-01 02:29:36 [SUCCESS] nonebot | OneBot V11 3042447114 | [message.group.normal]: Message 1735034833 from 724930803@[群:645741432] '攻击百分比和攻击等级潜能能同时出现吗'
03-01 02:29:36 [INFO] nonebot | Event will be handled by Matcher(type='message', module=zhenxun.builtin_plugins.chat_history.chat_message, lineno=39)
03-01 02:29:36 [INFO] nonebot | Matcher(type='message', module=zhenxun.builtin_plugins.chat_history.chat_message, lineno=39) running complete
03-01 02:29:40 [SUCCESS] nonebot | OneBot V11 3042447114 | [message.group.normal]: Message 947395298 from 1960735950@[群:392644938] '先把卡强化点满再说吧'
03-01 02:29:40 [INFO] nonebot | Event will be handled by Matcher(type='message', module=zhenxun.builtin_plugins.chat_history.chat_message, lineno=39)
03-01 02:29:40 [INFO] nonebot | Matcher(type='message', module=zhenxun.builtin_plugins.chat_history.chat_message, lineno=39) running complete
03-01 02:29:53 [SUCCESS] nonebot | OneBot V11 3042447114 | [message.group.normal]: Message 1259771887 from 1960735950@[群:392644938] '现在这么多模式你有很多有用的卡'
03-01 02:29:53 [INFO] nonebot | Event will be handled by Matcher(type='message', module=zhenxun.builtin_plugins.chat_history.chat_message, lineno=39)
03-01 02:29:53 [INFO] nonebot | Matcher(type='message', module=zhenxun.builtin_plugins.chat_history.chat_message, lineno=39) running complete
03-01 02:30:25 [SUCCESS] nonebot | OneBot V11 3042447114 | [message.group.normal]: Message 1234256864 from 2169636114@[群:392644938] '推荐点，来点优先级'
03-01 02:30:25 [INFO] nonebot | Event will be handled by Matcher(type='message', module=zhenxun.builtin_plugins.chat_history.chat_message, lineno=39)
03-01 02:30:25 [INFO] nonebot | Matcher(type='message', module=zhenxun.builtin_plugins.chat_history.chat_message, lineno=39) running complete
03-01 02:30:32 [SUCCESS] nonebot | OneBot V11 3042447114 | [message.group.normal]: Message 594291230 from 867770305@[群:645741432] '好像不能'
03-01 02:30:32 [INFO] nonebot | Event will be handled by Matcher(type='message', module=zhenxun.builtin_plugins.chat_history.chat_message, lineno=39)
03-01 02:30:32 [INFO] nonebot | Matcher(type='message', module=zhenxun.builtin_plugins.chat_history.chat_message, lineno=39) running complete
03-01 02:30:37 [SUCCESS] nonebot | OneBot V11 3042447114 | [message.group.normal]: Message 2139403752 from 1960735950@[群:392644938] '自己全点满不就得了'
03-01 02:30:37 [INFO] nonebot | Event will be handled by Matcher(type='message', module=zhenxun.builtin_plugins.chat_history.chat_message, lineno=39)
03-01 02:30:37 [INFO] nonebot | Matcher(type='message', module=zhenxun.builtin_plugins.chat_history.chat_message, lineno=39) running complete
03-01 02:30:55 [SUCCESS] nonebot | OneBot V11 3042447114 | [message.group.normal]: Message 1883151962 from 2169636114@[群:392644938] '全点满也分先后呀'
03-01 02:30:55 [INFO] nonebot | Event will be handled by Matcher(type='message', module=zhenxun.builtin_plugins.chat_history.chat_message, lineno=39)
03-01 02:30:55 [INFO] nonebot | Matcher(type='message', module=zhenxun.builtin_plugins.chat_history.chat_message, lineno=39) running complete
03-01 02:31:11 [SUCCESS] nonebot | OneBot V11 3042447114 | [message.group.normal]: Message 2094931038 from 1960735950@[群:392644938] '摆的跟个退游一样的'
03-01 02:31:11 [INFO] nonebot | Event will be handled by Matcher(type='message', module=zhenxun.builtin_plugins.chat_history.chat_message, lineno=39)
03-01 02:31:11 [INFO] nonebot | Matcher(type='message', module=zhenxun.builtin_plugins.chat_history.chat_message, lineno=39) running complete
03-01 02:31:25 [SUCCESS] nonebot | OneBot V11 3042447114 | [message.group.normal]: Message 852692491 from 1960735950@[群:392644938] '[image:summary=,file=21431F90DE60F6D6FDC70DDDF3F74614.jpg,sub_type=0,url=https://multimedia.nt.qq.com.cn/download?appid=1407&fileid=EhRu44oc...,file_size=114242]'
03-01 02:31:25 [INFO] nonebot | Event will be handled by Matcher(type='message', module=zhenxun.builtin_plugins.chat_history.chat_message, lineno=39)
03-01 02:31:25 [INFO] nonebot | Matcher(type='message', module=zhenxun.builtin_plugins.chat_history.chat_message, lineno=39) running complete
03-01 02:31:32 [SUCCESS] nonebot | OneBot V11 3042447114 | [message.group.normal]: Message 235783249 from 2371404055@[群:1032235226] '明天把我的box复刻到测试服'
03-01 02:31:32 [INFO] nonebot | Event will be handled by Matcher(type='message', module=zhenxun.builtin_plugins.chat_history.chat_message, lineno=39)
03-01 02:31:32 [INFO] nonebot | Matcher(type='message', module=zhenxun.builtin_plugins.chat_history.chat_message, lineno=39) running complete
03-01 02:31:40 [SUCCESS] nonebot | OneBot V11 3042447114 | [message.group.normal]: Message 1066808771 from 2371404055@[群:1032235226] '就知道打不打得过深渊了('
03-01 02:31:40 [INFO] nonebot | Event will be handled by Matcher(type='message', module=zhenxun.builtin_plugins.chat_history.chat_message, lineno=39)
03-01 02:31:40 [INFO] nonebot | Matcher(type='message', module=zhenxun.builtin_plugins.chat_history.chat_message, lineno=39) running complete
03-01 02:31:48 [SUCCESS] nonebot | OneBot V11 3042447114 | [message.group.normal]: Message 971533416 from 1960735950@[群:392644938] '我也摆，这全是时修挂的'
03-01 02:31:48 [INFO] nonebot | Event will be handled by Matcher(type='message', module=zhenxun.builtin_plugins.chat_history.chat_message, lineno=39)
03-01 02:31:48 [INFO] nonebot | Matcher(type='message', module=zhenxun.builtin_plugins.chat_history.chat_message, lineno=39) running complete
03-01 02:32:39 [SUCCESS] nonebot | OneBot V11 3042447114 | [message.group.normal]: Message 1418057751 from 1960735950@[群:392644938] '[reply:id=1883151962]你雷队点满不就得了'
03-01 02:32:39 [INFO] nonebot | Event will be handled by Matcher(type='message', module=zhenxun.builtin_plugins.chat_history.chat_message, lineno=39)
03-01 02:32:39 [INFO] nonebot | Matcher(type='message', module=zhenxun.builtin_plugins.chat_history.chat_message, lineno=39) running complete
03-01 02:32:46 [SUCCESS] nonebot | OneBot V11 3042447114 | [message.group.normal]: Message 311828030 from 2169636114@[群:392644938] 'ok'
03-01 02:32:46 [INFO] nonebot | Event will be handled by Matcher(type='message', module=zhenxun.builtin_plugins.chat_history.chat_message, lineno=39)
03-01 02:32:46 [INFO] nonebot | Matcher(type='message', module=zhenxun.builtin_plugins.chat_history.chat_message, lineno=39) running complete
03-01 02:32:48 [SUCCESS] nonebot | OneBot V11 3042447114 | [message.group.normal]: Message 1917161197 from 1960735950@[群:392644938] '除了雷还有别的'
03-01 02:32:48 [INFO] nonebot | Event will be handled by Matcher(type='message', module=zhenxun.builtin_plugins.chat_history.chat_message, lineno=39)
03-01 02:32:48 [INFO] nonebot | Matcher(type='message', module=zhenxun.builtin_plugins.chat_history.chat_message, lineno=39) running complete
03-01 02:32:55 [SUCCESS] nonebot | OneBot V11 3042447114 | [message.group.normal]: Message 1283691068 from 1960735950@[群:392644938] '你既然都摆了'
03-01 02:32:55 [INFO] nonebot | Event will be handled by Matcher(type='message', module=zhenxun.builtin_plugins.chat_history.chat_message, lineno=39)
03-01 02:32:55 [INFO] nonebot | Matcher(type='message', module=zhenxun.builtin_plugins.chat_history.chat_message, lineno=39) running complete
03-01 02:33:01 [SUCCESS] nonebot | OneBot V11 3042447114 | [message.group.normal]: Message 993294431 from 1960735950@[群:392644938] '还有什么需要打的么'
03-01 02:33:01 [INFO] nonebot | Event will be handled by Matcher(type='message', module=zhenxun.builtin_plugins.chat_history.chat_message, lineno=39)
03-01 02:33:01 [INFO] nonebot | Matcher(type='message', module=zhenxun.builtin_plugins.chat_history.chat_message, lineno=39) running complete
03-01 02:33:32 [SUCCESS] nonebot | OneBot V11 3042447114 | [message.group.normal]: Message 1231304952 from 2169636114@[群:392644938] '[image:summary=,file=D66281C7795D10E9C506BEC85EE7BD50.jpg,sub_type=0,url=https://multimedia.nt.qq.com.cn/download?appid=1407&fileid=EhSr7ika...,file_size=673633]'
03-01 02:33:32 [INFO] nonebot | Event will be handled by Matcher(type='message', module=zhenxun.builtin_plugins.chat_history.chat_message, lineno=39)
03-01 02:33:32 [INFO] nonebot | Matcher(type='message', module=zhenxun.builtin_plugins.chat_history.chat_message, lineno=39) running complete
03-01 02:33:39 [SUCCESS] nonebot | OneBot V11 3042447114 | [message.group.normal]: Message 1528173584 from 2169636114@[群:392644938] '我这雷的好像不太行啊'
03-01 02:33:39 [INFO] nonebot | Event will be handled by Matcher(type='message', module=zhenxun.builtin_plugins.chat_history.chat_message, lineno=39)
03-01 02:33:39 [INFO] nonebot | Matcher(type='message', module=zhenxun.builtin_plugins.chat_history.chat_message, lineno=39) running complete
03-01 02:34:08 [SUCCESS] nonebot | OneBot V11 3042447114 | [message.group.normal]: Message 453201988 from 1960735950@[群:392644938] '西装玉呢'
03-01 02:34:08 [INFO] nonebot | Event will be handled by Matcher(type='message', module=zhenxun.builtin_plugins.chat_history.chat_message, lineno=39)
03-01 02:34:08 [INFO] nonebot | Matcher(type='message', module=zhenxun.builtin_plugins.chat_history.chat_message, lineno=39) running complete
03-01 02:34:10 [SUCCESS] nonebot | OneBot V11 3042447114 | [message.group.normal]: Message 681700031 from 1960735950@[群:392644938] '为什么不抽'
03-01 02:34:10 [INFO] nonebot | Event will be handled by Matcher(type='message', module=zhenxun.builtin_plugins.chat_history.chat_message, lineno=39)
03-01 02:34:10 [INFO] nonebot | Matcher(type='message', module=zhenxun.builtin_plugins.chat_history.chat_message, lineno=39) running complete
03-01 02:34:20 [SUCCESS] nonebot | OneBot V11 3042447114 | [message.group.normal]: Message 1243404766 from 2169636114@[群:392644938] '不是啊，就是想要套现在很强的，然后继续摆到他不强，西装玉我有啊'
03-01 02:34:20 [INFO] nonebot | Event will be handled by Matcher(type='message', module=zhenxun.builtin_plugins.chat_history.chat_message, lineno=39)
03-01 02:34:20 [INFO] nonebot | Matcher(type='message', module=zhenxun.builtin_plugins.chat_history.chat_message, lineno=39) running complete
03-01 02:34:53 [SUCCESS] nonebot | OneBot V11 3042447114 | [message.group.normal]: Message 2144173561 from 1960735950@[群:392644938] '雷夏洛，西装玉，雷aoi，旗袍，孔明，浴衣500'
03-01 02:34:53 [INFO] nonebot | Event will be handled by Matcher(type='message', module=zhenxun.builtin_plugins.chat_history.chat_message, lineno=39)
03-01 02:34:53 [INFO] nonebot | Matcher(type='message', module=zhenxun.builtin_plugins.chat_history.chat_message, lineno=39) running complete
03-01 02:35:08 [SUCCESS] nonebot | OneBot V11 3042447114 | [message.group.normal]: Message 769845923 from 1960735950@[群:392644938] '六个人够你摆到100w打分改版了'
03-01 02:35:08 [INFO] nonebot | Event will be handled by Matcher(type='message', module=zhenxun.builtin_plugins.chat_history.chat_message, lineno=39)
03-01 02:35:08 [INFO] nonebot | Matcher(type='message', module=zhenxun.builtin_plugins.chat_history.chat_message, lineno=39) running complete
03-01 02:35:53 [SUCCESS] nonebot | OneBot V11 3042447114 | [message.group.normal]: Message 66672581 from 1960735950@[群:392644938] '雷夏洛强化都不点'
03-01 02:35:53 [INFO] nonebot | Event will be handled by Matcher(type='message', module=zhenxun.builtin_plugins.chat_history.chat_message, lineno=39)
03-01 02:35:53 [INFO] nonebot | Matcher(type='message', module=zhenxun.builtin_plugins.chat_history.chat_message, lineno=39) running complete
03-01 02:35:56 [SUCCESS] nonebot | OneBot V11 3042447114 | [message.group.normal]: Message 751560085 from 1960735950@[群:392644938] "[face:id=352,raw={'faceIndex': 352, 'faceText': '/咦', 'faceType': 2, 'packId': None,...]"
03-01 02:35:56 [INFO] nonebot | Event will be handled by Matcher(type='message', module=zhenxun.builtin_plugins.chat_history.chat_message, lineno=39)
03-01 02:35:56 [INFO] nonebot | Matcher(type='message', module=zhenxun.builtin_plugins.chat_history.chat_message, lineno=39) running complete
03-01 02:38:21 [SUCCESS] nonebot | OneBot V11 3042447114 | [message.group.normal]: Message 1812581044 from 2169636114@[群:392644938] 'ok'
03-01 02:38:21 [INFO] nonebot | Event will be handled by Matcher(type='message', module=zhenxun.builtin_plugins.chat_history.chat_message, lineno=39)
03-01 02:38:21 [INFO] nonebot | Matcher(type='message', module=zhenxun.builtin_plugins.chat_history.chat_message, lineno=39) running complete
03-01 02:38:25 [SUCCESS] nonebot | OneBot V11 3042447114 | [message.group.normal]: Message 977802215 from 3573380236@[群:864523321] '[image:summary=,file=E46C676B903F5E1A528EDB49C92837DD.jpg,sub_type=0,url=https://multimedia.nt.qq.com.cn/download?appid=1407&fileid=EhS7592Z...,file_size=203880]'
03-01 02:38:25 [INFO] nonebot | Event will be handled by Matcher(type='message', module=zhenxun.builtin_plugins.chat_history.chat_message, lineno=39)
03-01 02:38:25 [INFO] nonebot | Matcher(type='message', module=zhenxun.builtin_plugins.chat_history.chat_message, lineno=39) running complete
03-01 02:38:28 [SUCCESS] nonebot | OneBot V11 3042447114 | [message.group.normal]: Message 116411443 from 2169636114@[群:392644938] '开练'
03-01 02:38:28 [INFO] nonebot | Event will be handled by Matcher(type='message', module=zhenxun.builtin_plugins.chat_history.chat_message, lineno=39)
03-01 02:38:28 [INFO] nonebot | Matcher(type='message', module=zhenxun.builtin_plugins.chat_history.chat_message, lineno=39) running complete
03-01 02:38:31 [SUCCESS] nonebot | OneBot V11 3042447114 | [message.group.normal]: Message 1830910588 from 2169636114@[群:392644938] "[face:id=318,raw={'faceIndex': 318, 'faceText': '/崇拜', 'faceType': 3, 'packId': '1',...,resultId=,chainCount=0]"
03-01 02:38:31 [INFO] nonebot | Event will be handled by Matcher(type='message', module=zhenxun.builtin_plugins.chat_history.chat_message, lineno=39)
03-01 02:38:31 [INFO] nonebot | Matcher(type='message', module=zhenxun.builtin_plugins.chat_history.chat_message, lineno=39) running complete
03-01 02:41:07 [SUCCESS] nonebot | OneBot V11 3042447114 | [message.group.normal]: Message 1962782199 from 3142611989@[群:308422658] '抽老婆永恒灵魂'
03-01 02:41:07 [INFO] nonebot | Event will be handled by Matcher(type='message', module=zhenxun.builtin_plugins.chat_history.chat_message, lineno=39)
03-01 02:41:07 [INFO] nonebot | Matcher(type='message', module=zhenxun.builtin_plugins.chat_history.chat_message, lineno=39) running complete
03-01 02:41:07 [INFO] nonebot | Event will be handled by Matcher(type='message', module=zhenxun.plugins.zhenxun_plugin_draw_painting, lineno=46)
03-01 02:41:09 [INFO] nonebot | Matcher(type='message', module=zhenxun.plugins.zhenxun_plugin_draw_painting, lineno=46) running complete
03-01 02:41:17 [SUCCESS] nonebot | OneBot V11 3042447114 | [notice.group_msg_emoji_like]: {'time': 1740768077, 'self_id': 3042447114, 'post_type': 'notice', 'notice_type': 'group_msg_emoji_like', 'group_id': 308422658, 'user_id': 3142611989, 'message_id': 846839271, 'likes': [{'emoji_id': '38', 'count': 1}]}
03-01 02:41:17 [INFO] nonebot | Event will be handled by Matcher(type='notice', module=zhenxun.plugins.zhenxun_plugin_draw_painting, lineno=61)
03-01 02:41:17 [INFO] nonebot | Event will be handled by Matcher(type='notice', module=zhenxun.plugins.zhenxun_plugin_draw_painting, lineno=62)
03-01 02:41:17 [INFO] nonebot | Event will be handled by Matcher(type='notice', module=zhenxun.plugins.monitor, lineno=18)
03-01 02:41:17 [INFO] nonebot | Event will be handled by Matcher(type='notice', module=zhenxun.plugins.monitor, lineno=19)
03-01 02:41:17 [INFO] nonebot | Event will be handled by Matcher(type='notice', module=zhenxun.plugins.monitor, lineno=20)
03-01 02:41:17 [INFO] nonebot | Matcher(type='notice', module=zhenxun.plugins.monitor, lineno=18) running complete
03-01 02:41:17 [INFO] nonebot | Matcher(type='notice', module=zhenxun.plugins.monitor, lineno=19) running complete
03-01 02:41:17 [INFO] nonebot | Matcher(type='notice', module=zhenxun.plugins.monitor, lineno=20) running complete
03-01 02:41:17 [INFO] nonebot | Matcher(type='notice', module=zhenxun.plugins.zhenxun_plugin_draw_painting, lineno=62) running complete
03-01 02:41:17 [INFO] nonebot | Matcher(type='notice', module=zhenxun.plugins.zhenxun_plugin_draw_painting, lineno=61) running complete
03-01 02:41:23 [SUCCESS] nonebot | OneBot V11 3042447114 | [message.group.normal]: Message 898282351 from 3142611989@[群:308422658] '抽老婆永恒灵魂'
03-01 02:41:23 [INFO] nonebot | Event will be handled by Matcher(type='message', module=zhenxun.builtin_plugins.chat_history.chat_message, lineno=39)
03-01 02:41:23 [INFO] nonebot | Matcher(type='message', module=zhenxun.builtin_plugins.chat_history.chat_message, lineno=39) running complete
03-01 02:41:23 [INFO] nonebot | Event will be handled by Matcher(type='message', module=zhenxun.plugins.zhenxun_plugin_draw_painting, lineno=46)
03-01 02:41:26 [INFO] nonebot | Matcher(type='message', module=zhenxun.plugins.zhenxun_plugin_draw_painting, lineno=46) running complete
03-01 02:41:37 [SUCCESS] nonebot | OneBot V11 3042447114 | [message.group.normal]: Message 1246776201 from 3142611989@[群:308422658] '抽老婆永恒灵魂'
03-01 02:41:37 [INFO] nonebot | Event will be handled by Matcher(type='message', module=zhenxun.builtin_plugins.chat_history.chat_message, lineno=39)
03-01 02:41:37 [INFO] nonebot | Matcher(type='message', module=zhenxun.builtin_plugins.chat_history.chat_message, lineno=39) running complete
03-01 02:41:37 [INFO] nonebot | Event will be handled by Matcher(type='message', module=zhenxun.plugins.zhenxun_plugin_draw_painting, lineno=46)
03-01 02:41:40 [INFO] nonebot | Matcher(type='message', module=zhenxun.plugins.zhenxun_plugin_draw_painting, lineno=46) running complete
03-01 02:41:52 [SUCCESS] nonebot | OneBot V11 3042447114 | [message.group.normal]: Message 1101141617 from 1355363221@[群:308422658] '抽老婆永恒灵魂'
03-01 02:41:52 [INFO] nonebot | Event will be handled by Matcher(type='message', module=zhenxun.builtin_plugins.chat_history.chat_message, lineno=39)
03-01 02:41:52 [INFO] nonebot | Matcher(type='message', module=zhenxun.builtin_plugins.chat_history.chat_message, lineno=39) running complete
03-01 02:41:52 [INFO] nonebot | Event will be handled by Matcher(type='message', module=zhenxun.plugins.zhenxun_plugin_draw_painting, lineno=46)
03-01 02:41:54 [INFO] nonebot | Matcher(type='message', module=zhenxun.plugins.zhenxun_plugin_draw_painting, lineno=46) running complete
03-01 02:41:59 [SUCCESS] nonebot | OneBot V11 3042447114 | [notice.group_msg_emoji_like]: {'time': 1740768119, 'self_id': 3042447114, 'post_type': 'notice', 'notice_type': 'group_msg_emoji_like', 'group_id': 308422658, 'user_id': 1355363221, 'message_id': 881690591, 'likes': [{'emoji_id': '38', 'count': 1}]}
03-01 02:41:59 [INFO] nonebot | Event will be handled by Matcher(type='notice', module=zhenxun.plugins.zhenxun_plugin_draw_painting, lineno=61)
03-01 02:41:59 [INFO] nonebot | Event will be handled by Matcher(type='notice', module=zhenxun.plugins.zhenxun_plugin_draw_painting, lineno=62)
03-01 02:41:59 [INFO] nonebot | Event will be handled by Matcher(type='notice', module=zhenxun.plugins.monitor, lineno=18)
03-01 02:41:59 [INFO] nonebot | Event will be handled by Matcher(type='notice', module=zhenxun.plugins.monitor, lineno=19)
03-01 02:41:59 [INFO] nonebot | Event will be handled by Matcher(type='notice', module=zhenxun.plugins.monitor, lineno=20)
03-01 02:41:59 [INFO] nonebot | Matcher(type='notice', module=zhenxun.plugins.monitor, lineno=18) running complete
03-01 02:41:59 [INFO] nonebot | Matcher(type='notice', module=zhenxun.plugins.monitor, lineno=19) running complete
03-01 02:41:59 [INFO] nonebot | Matcher(type='notice', module=zhenxun.plugins.monitor, lineno=20) running complete
03-01 02:41:59 [INFO] nonebot | Matcher(type='notice', module=zhenxun.plugins.zhenxun_plugin_draw_painting, lineno=62) running complete
03-01 02:41:59 [INFO] nonebot | Matcher(type='notice', module=zhenxun.plugins.zhenxun_plugin_draw_painting, lineno=61) running complete
03-01 02:42:05 [SUCCESS] nonebot | OneBot V11 3042447114 | [message.group.normal]: Message 1507055812 from 1355363221@[群:308422658] '抽老婆永恒灵魂'
03-01 02:42:05 [INFO] nonebot | Event will be handled by Matcher(type='message', module=zhenxun.builtin_plugins.chat_history.chat_message, lineno=39)
03-01 02:42:05 [INFO] nonebot | Matcher(type='message', module=zhenxun.builtin_plugins.chat_history.chat_message, lineno=39) running complete
03-01 02:42:05 [INFO] nonebot | Event will be handled by Matcher(type='message', module=zhenxun.plugins.zhenxun_plugin_draw_painting, lineno=46)
03-01 02:42:07 [INFO] nonebot | Matcher(type='message', module=zhenxun.plugins.zhenxun_plugin_draw_painting, lineno=46) running complete
03-01 02:42:50 [SUCCESS] nonebot | OneBot V11 3042447114 | [message.group.normal]: Message 1085242481 from 2605310013@[群:308422658] '抽老婆永恒灵魂'
03-01 02:42:50 [INFO] nonebot | Event will be handled by Matcher(type='message', module=zhenxun.builtin_plugins.chat_history.chat_message, lineno=39)
03-01 02:42:50 [INFO] nonebot | Matcher(type='message', module=zhenxun.builtin_plugins.chat_history.chat_message, lineno=39) running complete
03-01 02:42:50 [INFO] nonebot | Event will be handled by Matcher(type='message', module=zhenxun.plugins.zhenxun_plugin_draw_painting, lineno=46)
03-01 02:42:52 [INFO] nonebot | Matcher(type='message', module=zhenxun.plugins.zhenxun_plugin_draw_painting, lineno=46) running complete
03-01 02:42:55 [SUCCESS] nonebot | OneBot V11 3042447114 | [notice.group_msg_emoji_like]: {'time': 1740768175, 'self_id': 3042447114, 'post_type': 'notice', 'notice_type': 'group_msg_emoji_like', 'group_id': 308422658, 'user_id': 2605310013, 'message_id': 1774792853, 'likes': [{'emoji_id': '38', 'count': 1}]}
03-01 02:42:55 [INFO] nonebot | Event will be handled by Matcher(type='notice', module=zhenxun.plugins.zhenxun_plugin_draw_painting, lineno=61)
03-01 02:42:55 [INFO] nonebot | Event will be handled by Matcher(type='notice', module=zhenxun.plugins.zhenxun_plugin_draw_painting, lineno=62)
03-01 02:42:55 [INFO] nonebot | Event will be handled by Matcher(type='notice', module=zhenxun.plugins.monitor, lineno=18)
03-01 02:42:55 [INFO] nonebot | Event will be handled by Matcher(type='notice', module=zhenxun.plugins.monitor, lineno=19)
03-01 02:42:55 [INFO] nonebot | Event will be handled by Matcher(type='notice', module=zhenxun.plugins.monitor, lineno=20)
03-01 02:42:55 [INFO] nonebot | Matcher(type='notice', module=zhenxun.plugins.monitor, lineno=18) running complete
03-01 02:42:55 [INFO] nonebot | Matcher(type='notice', module=zhenxun.plugins.monitor, lineno=19) running complete
03-01 02:42:55 [INFO] nonebot | Matcher(type='notice', module=zhenxun.plugins.monitor, lineno=20) running complete
03-01 02:42:55 [INFO] nonebot | Matcher(type='notice', module=zhenxun.plugins.zhenxun_plugin_draw_painting, lineno=62) running complete
03-01 02:42:56 [INFO] nonebot | Matcher(type='notice', module=zhenxun.plugins.zhenxun_plugin_draw_painting, lineno=61) running complete
03-01 02:43:00 [SUCCESS] nonebot | OneBot V11 3042447114 | [message.group.normal]: Message 289630371 from 2605310013@[群:308422658] '抽老婆永恒灵魂'
03-01 02:43:00 [INFO] nonebot | Event will be handled by Matcher(type='message', module=zhenxun.builtin_plugins.chat_history.chat_message, lineno=39)
03-01 02:43:00 [INFO] nonebot | Matcher(type='message', module=zhenxun.builtin_plugins.chat_history.chat_message, lineno=39) running complete
03-01 02:43:00 [INFO] nonebot | Event will be handled by Matcher(type='message', module=zhenxun.plugins.zhenxun_plugin_draw_painting, lineno=46)
03-01 02:43:03 [INFO] nonebot | Matcher(type='message', module=zhenxun.plugins.zhenxun_plugin_draw_painting, lineno=46) running complete
03-01 02:43:10 [SUCCESS] nonebot | OneBot V11 3042447114 | [message.group.normal]: Message 445231701 from 1355363221@[群:308422658] '话说男性是什么意思，难道还能中大奖不成'
03-01 02:43:10 [INFO] nonebot | Event will be handled by Matcher(type='message', module=zhenxun.builtin_plugins.chat_history.chat_message, lineno=39)
03-01 02:43:10 [INFO] nonebot | Matcher(type='message', module=zhenxun.builtin_plugins.chat_history.chat_message, lineno=39) running complete
03-01 02:43:18 [SUCCESS] nonebot | OneBot V11 3042447114 | [message.group.normal]: Message 1444109812 from 2605310013@[群:308422658] '不知道'
03-01 02:43:18 [INFO] nonebot | Event will be handled by Matcher(type='message', module=zhenxun.builtin_plugins.chat_history.chat_message, lineno=39)
03-01 02:43:18 [INFO] nonebot | Matcher(type='message', module=zhenxun.builtin_plugins.chat_history.chat_message, lineno=39) running complete
03-01 02:43:29 [SUCCESS] nonebot | OneBot V11 3042447114 | [message.group.normal]: Message 1476875377 from 1355363221@[群:308422658] '[image:summary=[动画表情],file=38D989E7FAD1808323F2C49A871AD612.jpg,sub_type=1,url=https://multimedia.nt.qq.com.cn/download?appid=1407&fileid=EhTlkfBS...,file_size=61658]'
03-01 02:43:29 [INFO] nonebot | Event will be handled by Matcher(type='message', module=zhenxun.builtin_plugins.chat_history.chat_message, lineno=39)
03-01 02:43:29 [INFO] nonebot | Matcher(type='message', module=zhenxun.builtin_plugins.chat_history.chat_message, lineno=39) running complete
03-01 02:43:29 [SUCCESS] nonebot | OneBot V11 3042447114 | [message.group.normal]: Message 1169142643 from 2605310013@[群:308422658] '抽老婆永恒灵魂'
03-01 02:43:29 [INFO] nonebot | Event will be handled by Matcher(type='message', module=zhenxun.builtin_plugins.chat_history.chat_message, lineno=39)
03-01 02:43:29 [INFO] nonebot | Matcher(type='message', module=zhenxun.builtin_plugins.chat_history.chat_message, lineno=39) running complete
03-01 02:43:29 [INFO] nonebot | Event will be handled by Matcher(type='message', module=zhenxun.plugins.zhenxun_plugin_draw_painting, lineno=46)
03-01 02:43:32 [INFO] nonebot | Matcher(type='message', module=zhenxun.plugins.zhenxun_plugin_draw_painting, lineno=46) running complete
03-01 02:43:51 [SUCCESS] nonebot | OneBot V11 3042447114 | [message.group.normal]: Message 328609863 from 1355363221@[群:308422658] '抽老婆永恒灵魂'
03-01 02:43:51 [INFO] nonebot | Event will be handled by Matcher(type='message', module=zhenxun.builtin_plugins.chat_history.chat_message, lineno=39)
03-01 02:43:51 [INFO] nonebot | Matcher(type='message', module=zhenxun.builtin_plugins.chat_history.chat_message, lineno=39) running complete
03-01 02:43:51 [INFO] nonebot | Event will be handled by Matcher(type='message', module=zhenxun.plugins.zhenxun_plugin_draw_painting, lineno=46)
03-01 02:43:53 [INFO] nonebot | Matcher(type='message', module=zhenxun.plugins.zhenxun_plugin_draw_painting, lineno=46) running complete
03-01 02:43:57 [SUCCESS] nonebot | OneBot V11 3042447114 | [message.group.normal]: Message 844220845 from 2605310013@[群:308422658] '抽老婆永恒灵魂'
03-01 02:43:57 [INFO] nonebot | Event will be handled by Matcher(type='message', module=zhenxun.builtin_plugins.chat_history.chat_message, lineno=39)
03-01 02:43:57 [INFO] nonebot | Matcher(type='message', module=zhenxun.builtin_plugins.chat_history.chat_message, lineno=39) running complete
03-01 02:43:57 [INFO] nonebot | Event will be handled by Matcher(type='message', module=zhenxun.plugins.zhenxun_plugin_draw_painting, lineno=46)
03-01 02:43:59 [INFO] nonebot | Matcher(type='message', module=zhenxun.plugins.zhenxun_plugin_draw_painting, lineno=46) running complete
03-01 02:44:32 [SUCCESS] nonebot | OneBot V11 3042447114 | [message.group.normal]: Message 1200119126 from 2605310013@[群:308422658] '抽老婆永恒灵魂'
03-01 02:44:32 [INFO] nonebot | Event will be handled by Matcher(type='message', module=zhenxun.builtin_plugins.chat_history.chat_message, lineno=39)
03-01 02:44:32 [INFO] nonebot | Matcher(type='message', module=zhenxun.builtin_plugins.chat_history.chat_message, lineno=39) running complete
03-01 02:44:32 [INFO] nonebot | Event will be handled by Matcher(type='message', module=zhenxun.plugins.zhenxun_plugin_draw_painting, lineno=46)
03-01 02:44:34 [INFO] nonebot | Matcher(type='message', module=zhenxun.plugins.zhenxun_plugin_draw_painting, lineno=46) running complete
03-01 02:45:20 [SUCCESS] nonebot | OneBot V11 3042447114 | [message.group.normal]: Message 1239965326 from 2605310013@[群:308422658] '如果把老婆改成老公会怎么样（？）'
03-01 02:45:20 [INFO] nonebot | Event will be handled by Matcher(type='message', module=zhenxun.builtin_plugins.chat_history.chat_message, lineno=39)
03-01 02:45:20 [INFO] nonebot | Matcher(type='message', module=zhenxun.builtin_plugins.chat_history.chat_message, lineno=39) running complete
03-01 02:45:25 [SUCCESS] nonebot | OneBot V11 3042447114 | [message.group.normal]: Message 276803078 from 2605310013@[群:308422658] '抽老公永恒灵魂'
03-01 02:45:25 [INFO] nonebot | Event will be handled by Matcher(type='message', module=zhenxun.builtin_plugins.chat_history.chat_message, lineno=39)
03-01 02:45:25 [INFO] nonebot | Matcher(type='message', module=zhenxun.builtin_plugins.chat_history.chat_message, lineno=39) running complete
03-01 02:45:25 [INFO] nonebot | Event will be handled by Matcher(type='message', module=zhenxun.plugins.zhenxun_plugin_draw_painting, lineno=52)
03-01 02:45:26 [INFO] nonebot | Matcher(type='message', module=zhenxun.plugins.zhenxun_plugin_draw_painting, lineno=52) running complete
03-01 02:51:56 [SUCCESS] nonebot | OneBot V11 3042447114 | [message.group.normal]: Message 50155277 from 280182457@[群:308422658] '抽老婆永恒灵魂'
03-01 02:51:56 [INFO] nonebot | Event will be handled by Matcher(type='message', module=zhenxun.builtin_plugins.chat_history.chat_message, lineno=39)
03-01 02:51:56 [INFO] nonebot | Matcher(type='message', module=zhenxun.builtin_plugins.chat_history.chat_message, lineno=39) running complete
03-01 02:51:56 [INFO] nonebot | Event will be handled by Matcher(type='message', module=zhenxun.plugins.zhenxun_plugin_draw_painting, lineno=46)
03-01 02:51:58 [INFO] nonebot | Matcher(type='message', module=zhenxun.plugins.zhenxun_plugin_draw_painting, lineno=46) running complete
03-01 02:52:09 [SUCCESS] nonebot | OneBot V11 3042447114 | [notice.group_msg_emoji_like]: {'time': 1740768729, 'self_id': 3042447114, 'post_type': 'notice', 'notice_type': 'group_msg_emoji_like', 'group_id': 308422658, 'user_id': 280182457, 'message_id': 924919706, 'likes': [{'emoji_id': '38', 'count': 1}]}
03-01 02:52:09 [INFO] nonebot | Event will be handled by Matcher(type='notice', module=zhenxun.plugins.zhenxun_plugin_draw_painting, lineno=61)
03-01 02:52:09 [INFO] nonebot | Event will be handled by Matcher(type='notice', module=zhenxun.plugins.zhenxun_plugin_draw_painting, lineno=62)
03-01 02:52:09 [INFO] nonebot | Event will be handled by Matcher(type='notice', module=zhenxun.plugins.monitor, lineno=18)
03-01 02:52:09 [INFO] nonebot | Event will be handled by Matcher(type='notice', module=zhenxun.plugins.monitor, lineno=19)
03-01 02:52:09 [INFO] nonebot | Event will be handled by Matcher(type='notice', module=zhenxun.plugins.monitor, lineno=20)
03-01 02:52:09 [INFO] nonebot | Matcher(type='notice', module=zhenxun.plugins.monitor, lineno=18) running complete
03-01 02:52:09 [INFO] nonebot | Matcher(type='notice', module=zhenxun.plugins.monitor, lineno=19) running complete
03-01 02:52:09 [INFO] nonebot | Matcher(type='notice', module=zhenxun.plugins.monitor, lineno=20) running complete
03-01 02:52:09 [INFO] nonebot | Matcher(type='notice', module=zhenxun.plugins.zhenxun_plugin_draw_painting, lineno=62) running complete
03-01 02:52:09 [INFO] nonebot | Matcher(type='notice', module=zhenxun.plugins.zhenxun_plugin_draw_painting, lineno=61) running complete
03-01 02:52:18 [SUCCESS] nonebot | OneBot V11 3042447114 | [message.group.normal]: Message 385876472 from 280182457@[群:308422658] '抽老婆永恒灵魂'
03-01 02:52:18 [INFO] nonebot | Event will be handled by Matcher(type='message', module=zhenxun.builtin_plugins.chat_history.chat_message, lineno=39)
03-01 02:52:18 [INFO] nonebot | Matcher(type='message', module=zhenxun.builtin_plugins.chat_history.chat_message, lineno=39) running complete
03-01 02:52:18 [INFO] nonebot | Event will be handled by Matcher(type='message', module=zhenxun.plugins.zhenxun_plugin_draw_painting, lineno=46)
03-01 02:52:21 [INFO] nonebot | Matcher(type='message', module=zhenxun.plugins.zhenxun_plugin_draw_painting, lineno=46) running complete
03-01 02:53:25 [SUCCESS] nonebot | OneBot V11 3042447114 | [message.group.normal]: Message 35413182 from 1355363221@[群:308422658] '[image:summary=[动画表情],file=8AF15A640C18BC477505F1915F5F7ABD.jpg,sub_type=1,url=https://multimedia.nt.qq.com.cn/download?appid=1407&fileid=EhQXhWfi...,file_size=41417]'
03-01 02:53:25 [INFO] nonebot | Event will be handled by Matcher(type='message', module=zhenxun.builtin_plugins.chat_history.chat_message, lineno=39)
03-01 02:53:25 [INFO] nonebot | Matcher(type='message', module=zhenxun.builtin_plugins.chat_history.chat_message, lineno=39) running complete
03-01 02:53:42 [SUCCESS] nonebot | OneBot V11 3042447114 | [message.group.normal]: Message 1643483795 from 1355363221@[群:308422658] '感觉周末好无聊，有没有二游推荐'
03-01 02:53:42 [INFO] nonebot | Event will be handled by Matcher(type='message', module=zhenxun.builtin_plugins.chat_history.chat_message, lineno=39)
03-01 02:53:42 [INFO] nonebot | Matcher(type='message', module=zhenxun.builtin_plugins.chat_history.chat_message, lineno=39) running complete
03-01 02:56:09 [ERROR] zhenxun | 清理日常签到图片数据数据失败... || 错误 <class 'FileNotFoundError'>: [Errno 2] No such file or directory: 'resources/image/sign/today_card'
03-01 03:01:00 [INFO] zhenxun | 自动更新好友信息成功...
03-01 03:01:00 [INFO] zhenxun | 自动更新群组成员信息成功...
03-01 03:11:02 [SUCCESS] nonebot | OneBot V11 3042447114 | [message.group.normal]: Message 400387563 from 485516179@[群:308422658] '战争雷霆'
03-01 03:11:02 [INFO] nonebot | Event will be handled by Matcher(type='message', module=zhenxun.builtin_plugins.chat_history.chat_message, lineno=39)
03-01 03:11:02 [INFO] nonebot | Matcher(type='message', module=zhenxun.builtin_plugins.chat_history.chat_message, lineno=39) running complete
03-01 03:11:48 [SUCCESS] nonebot | OneBot V11 3042447114 | [message.group.normal]: Message 1964255544 from 3414580087@[群:308422658] '钢铁雄心'
03-01 03:11:48 [INFO] nonebot | Event will be handled by Matcher(type='message', module=zhenxun.builtin_plugins.chat_history.chat_message, lineno=39)
03-01 03:11:48 [INFO] nonebot | Matcher(type='message', module=zhenxun.builtin_plugins.chat_history.chat_message, lineno=39) running complete
03-01 03:12:20 [SUCCESS] nonebot | OneBot V11 3042447114 | [message.group.normal]: Message 1755514301 from 208469464@[群:707984972] '[image:summary=[图片],file=f06ed263e806a5a14e50ad77a86b5728.webp,sub_type=0,url=https://multimedia.nt.qq.com.cn/download?appid=1407&fileid=EhT5ue_C...,file_size=5070]'
03-01 03:12:20 [INFO] nonebot | Event will be handled by Matcher(type='message', module=zhenxun.builtin_plugins.chat_history.chat_message, lineno=39)
03-01 03:12:20 [INFO] nonebot | Matcher(type='message', module=zhenxun.builtin_plugins.chat_history.chat_message, lineno=39) running complete
03-01 03:14:15 [SUCCESS] nonebot | OneBot V11 3042447114 | [message.group.normal]: Message 1311189764 from 2806207836@[群:475899384] '[image:summary=,file=74768A93777ADA868EFEDA982DA7CE35.png,sub_type=0,url=https://multimedia.nt.qq.com.cn/download?appid=1407&fileid=EhQ6gXyq...,file_size=618333]'
03-01 03:14:15 [INFO] nonebot | Event will be handled by Matcher(type='message', module=zhenxun.builtin_plugins.chat_history.chat_message, lineno=39)
03-01 03:14:15 [INFO] nonebot | Matcher(type='message', module=zhenxun.builtin_plugins.chat_history.chat_message, lineno=39) running complete
03-01 03:14:18 [SUCCESS] nonebot | OneBot V11 3042447114 | [message.group.normal]: Message 1456241038 from 2806207836@[群:475899384] '不知熬还有多少'
03-01 03:14:18 [INFO] nonebot | Event will be handled by Matcher(type='message', module=zhenxun.builtin_plugins.chat_history.chat_message, lineno=39)
03-01 03:14:18 [INFO] nonebot | Matcher(type='message', module=zhenxun.builtin_plugins.chat_history.chat_message, lineno=39) running complete
03-01 03:14:21 [SUCCESS] nonebot | OneBot V11 3042447114 | [notice.group_recall]: {'time': 1740770061, 'self_id': 3042447114, 'post_type': 'notice', 'notice_type': 'group_recall', 'user_id': 2806207836, 'group_id': 475899384, 'operator_id': 2806207836, 'message_id': 1456241038}
03-01 03:14:21 [INFO] nonebot | Event will be handled by Matcher(type='notice', module=zhenxun.plugins.zhenxun_plugin_draw_painting, lineno=61)
03-01 03:14:21 [INFO] nonebot | Event will be handled by Matcher(type='notice', module=zhenxun.plugins.zhenxun_plugin_draw_painting, lineno=62)
03-01 03:14:21 [INFO] nonebot | Event will be handled by Matcher(type='notice', module=zhenxun.plugins.monitor, lineno=18)
03-01 03:14:21 [INFO] nonebot | Event will be handled by Matcher(type='notice', module=zhenxun.plugins.monitor, lineno=19)
03-01 03:14:21 [INFO] nonebot | Event will be handled by Matcher(type='notice', module=zhenxun.plugins.monitor, lineno=20)
03-01 03:14:21 [INFO] nonebot | Matcher(type='notice', module=zhenxun.plugins.monitor, lineno=19) running complete
03-01 03:14:21 [INFO] nonebot | Matcher(type='notice', module=zhenxun.plugins.zhenxun_plugin_draw_painting, lineno=61) running complete
03-01 03:14:21 [INFO] nonebot | Matcher(type='notice', module=zhenxun.plugins.monitor, lineno=20) running complete
03-01 03:14:21 [INFO] nonebot | Matcher(type='notice', module=zhenxun.plugins.zhenxun_plugin_draw_painting, lineno=62) running complete
03-01 03:14:21 [INFO] nonebot | Matcher(type='notice', module=zhenxun.plugins.monitor, lineno=18) running complete
03-01 03:14:26 [SUCCESS] nonebot | OneBot V11 3042447114 | [message.group.normal]: Message 1937348814 from 2806207836@[群:475899384] '不知到还有多少'
03-01 03:14:26 [INFO] nonebot | Event will be handled by Matcher(type='message', module=zhenxun.builtin_plugins.chat_history.chat_message, lineno=39)
03-01 03:14:26 [INFO] nonebot | Matcher(type='message', module=zhenxun.builtin_plugins.chat_history.chat_message, lineno=39) running complete
03-01 03:14:38 [SUCCESS] nonebot | OneBot V11 3042447114 | [message.group.normal]: Message 242265458 from 2806207836@[群:475899384] '还没打到封面怪'
03-01 03:14:38 [INFO] nonebot | Event will be handled by Matcher(type='message', module=zhenxun.builtin_plugins.chat_history.chat_message, lineno=39)
03-01 03:14:38 [INFO] nonebot | Matcher(type='message', module=zhenxun.builtin_plugins.chat_history.chat_message, lineno=39) running complete
03-01 03:15:12 [SUCCESS] nonebot | OneBot V11 3042447114 | [message.group.normal]: Message 1899417340 from 2806207836@[群:475899384] '应该说是打到了但没打死 剧情没到那个地方'
03-01 03:15:12 [INFO] nonebot | Event will be handled by Matcher(type='message', module=zhenxun.builtin_plugins.chat_history.chat_message, lineno=39)
03-01 03:15:12 [INFO] nonebot | Matcher(type='message', module=zhenxun.builtin_plugins.chat_history.chat_message, lineno=39) running complete
03-01 03:15:46 [SUCCESS] nonebot | OneBot V11 3042447114 | [message.group.normal]: Message 116643374 from 2806207836@[群:475899384] '刚打完暗影蛸'
03-01 03:15:46 [INFO] nonebot | Event will be handled by Matcher(type='message', module=zhenxun.builtin_plugins.chat_history.chat_message, lineno=39)
03-01 03:15:46 [INFO] nonebot | Matcher(type='message', module=zhenxun.builtin_plugins.chat_history.chat_message, lineno=39) running complete
03-01 03:15:53 [SUCCESS] nonebot | OneBot V11 3042447114 | [message.group.normal]: Message 1921046581 from 2806207836@[群:475899384] '睡了 明天再打'
03-01 03:15:53 [INFO] nonebot | Event will be handled by Matcher(type='message', module=zhenxun.builtin_plugins.chat_history.chat_message, lineno=39)
03-01 03:15:53 [INFO] nonebot | Matcher(type='message', module=zhenxun.builtin_plugins.chat_history.chat_message, lineno=39) running complete
03-01 03:17:17 [SUCCESS] nonebot | OneBot V11 3042447114 | [message.group.normal]: Message 1242525803 from 1580289363@[群:475899384] '打猎不叫群友喵'
03-01 03:17:17 [INFO] nonebot | Event will be handled by Matcher(type='message', module=zhenxun.builtin_plugins.chat_history.chat_message, lineno=39)
03-01 03:17:17 [INFO] nonebot | Matcher(type='message', module=zhenxun.builtin_plugins.chat_history.chat_message, lineno=39) running complete
03-01 03:21:00 [SUCCESS] nonebot | OneBot V11 3042447114 | [message.group.normal]: Message 1924754521 from 2605310013@[群:308422658] '不知道，我打王者（？）'
03-01 03:21:00 [INFO] nonebot | Event will be handled by Matcher(type='message', module=zhenxun.builtin_plugins.chat_history.chat_message, lineno=39)
03-01 03:21:00 [INFO] nonebot | Matcher(type='message', module=zhenxun.builtin_plugins.chat_history.chat_message, lineno=39) running complete
03-01 03:22:24 [SUCCESS] nonebot | OneBot V11 3042447114 | [message.group.normal]: Message 12366373 from 2806207836@[群:475899384] '明天打'
03-01 03:22:24 [INFO] nonebot | Event will be handled by Matcher(type='message', module=zhenxun.builtin_plugins.chat_history.chat_message, lineno=39)
03-01 03:22:24 [INFO] nonebot | Matcher(type='message', module=zhenxun.builtin_plugins.chat_history.chat_message, lineno=39) running complete
03-01 03:22:30 [SUCCESS] nonebot | OneBot V11 3042447114 | [message.group.normal]: Message 673795436 from 2806207836@[群:475899384] '当务之急是先解禁'
03-01 03:22:30 [INFO] nonebot | Event will be handled by Matcher(type='message', module=zhenxun.builtin_plugins.chat_history.chat_message, lineno=39)
03-01 03:22:30 [INFO] nonebot | Matcher(type='message', module=zhenxun.builtin_plugins.chat_history.chat_message, lineno=39) running complete
03-01 03:25:00 [INFO] zhenxun | CMD[自动备份] 自动备份成功...
03-01 03:34:23 [SUCCESS] nonebot | OneBot V11 3042447114 | [message.group.normal]: Message 1845033287 from 1355363221@[群:308422658] '[image:summary=[动画表情],file=8AF15A640C18BC477505F1915F5F7ABD.jpg,sub_type=1,url=https://multimedia.nt.qq.com.cn/download?appid=1407&fileid=EhQXhWfi...,file_size=41417]'
03-01 03:34:23 [INFO] nonebot | Event will be handled by Matcher(type='message', module=zhenxun.builtin_plugins.chat_history.chat_message, lineno=39)
03-01 03:34:23 [INFO] nonebot | Matcher(type='message', module=zhenxun.builtin_plugins.chat_history.chat_message, lineno=39) running complete
03-01 03:44:11 [SUCCESS] nonebot | OneBot V11 3042447114 | [message.group.normal]: Message 1154167409 from 415051556@[群:475899384] '[image:summary=,file=7BF38FAADB80028BA06EBE42C44A867F.png,sub_type=0,url=https://multimedia.nt.qq.com.cn/download?appid=1407&fileid=EhTNYUDI...,file_size=2991474]'
03-01 03:44:11 [INFO] nonebot | Event will be handled by Matcher(type='message', module=zhenxun.builtin_plugins.chat_history.chat_message, lineno=39)
03-01 03:44:11 [INFO] nonebot | Matcher(type='message', module=zhenxun.builtin_plugins.chat_history.chat_message, lineno=39) running complete
03-01 03:56:09 [ERROR] zhenxun | 清理日常签到图片数据数据失败... || 错误 <class 'FileNotFoundError'>: [Errno 2] No such file or directory: 'resources/image/sign/today_card'
03-01 03:57:19 [SUCCESS] nonebot | OneBot V11 3042447114 | [message.group.normal]: Message 14006064 from 208469464@[群:707984972] '[image:summary=[图片],file=18ff25149df7eb8583b96df4bb14d676.webp,sub_type=0,url=https://multimedia.nt.qq.com.cn/download?appid=1407&fileid=EhSt4OEZ...,file_size=5078]'
03-01 03:57:19 [INFO] nonebot | Event will be handled by Matcher(type='message', module=zhenxun.builtin_plugins.chat_history.chat_message, lineno=39)
03-01 03:57:19 [INFO] nonebot | Matcher(type='message', module=zhenxun.builtin_plugins.chat_history.chat_message, lineno=39) running complete
03-01 04:00:57 [SUCCESS] nonebot | OneBot V11 3042447114 | [notice.group_decrease.leave]: {'time': 1740772857, 'self_id': 3042447114, 'post_type': 'notice', 'notice_type': 'group_decrease', 'sub_type': 'leave', 'user_id': 3390143167, 'group_id': 308422658, 'operator_id': 0}
03-01 04:00:57 [INFO] nonebot | Event will be handled by Matcher(type='notice', module=zhenxun.plugins.zhenxun_plugin_draw_painting, lineno=61)
03-01 04:00:57 [INFO] nonebot | Event will be handled by Matcher(type='notice', module=zhenxun.plugins.zhenxun_plugin_draw_painting, lineno=62)
03-01 04:00:57 [INFO] nonebot | Event will be handled by Matcher(type='notice', module=zhenxun.plugins.monitor, lineno=18)
03-01 04:00:57 [INFO] nonebot | Event will be handled by Matcher(type='notice', module=zhenxun.plugins.monitor, lineno=19)
03-01 04:00:57 [INFO] nonebot | Event will be handled by Matcher(type='notice', module=zhenxun.plugins.monitor, lineno=20)
03-01 04:00:57 [INFO] nonebot | Event will be handled by Matcher(type='notice', module=zhenxun.builtin_plugins.platform.qq.group_handle, lineno=103)
03-01 04:00:57 [INFO] nonebot | Matcher(type='notice', module=zhenxun.plugins.zhenxun_plugin_draw_painting, lineno=61) running complete
03-01 04:00:57 [INFO] nonebot | Matcher(type='notice', module=zhenxun.plugins.monitor, lineno=19) running complete
03-01 04:00:57 [INFO] nonebot | Matcher(type='notice', module=zhenxun.plugins.zhenxun_plugin_draw_painting, lineno=62) running complete
03-01 04:00:57 [INFO] nonebot | Matcher(type='notice', module=zhenxun.plugins.monitor, lineno=20) running complete
03-01 04:01:03 [INFO] zhenxun | 群聊[308422658] 用户[3390143167] CMD[group_decrease_handle] 名称: Zer0 退出群聊
03-01 04:01:03 [INFO] nonebot | Matcher(type='notice', module=zhenxun.builtin_plugins.platform.qq.group_handle, lineno=103) running complete
03-01 04:01:03 [INFO] nonebot | Matcher(type='notice', module=zhenxun.plugins.monitor, lineno=18) running complete
03-01 04:01:09 [INFO] zhenxun | 平台[qq] 群聊[308422658] CMD[更新群组成员信息] 删除已退群用户 1 条
03-01 04:13:20 [SUCCESS] nonebot | OneBot V11 3042447114 | [message.group.normal]: Message 1350202255 from 160806749@[群:864523321] '[image:summary=[动画表情],file=B3184B41B27752CFF70CC5BC80F2027E.jpg,sub_type=1,url=https://multimedia.nt.qq.com.cn/download?appid=1407&fileid=EhRqCpK8...,file_size=104731]'
03-01 04:13:20 [INFO] nonebot | Event will be handled by Matcher(type='message', module=zhenxun.builtin_plugins.chat_history.chat_message, lineno=39)
03-01 04:13:20 [INFO] nonebot | Matcher(type='message', module=zhenxun.builtin_plugins.chat_history.chat_message, lineno=39) running complete
03-01 04:30:30 [SUCCESS] nonebot | OneBot V11 3042447114 | [message.group.normal]: Message 781157169 from 3020386307@[群:475899384] '硬醒了'
03-01 04:30:30 [INFO] nonebot | Event will be handled by Matcher(type='message', module=zhenxun.builtin_plugins.chat_history.chat_message, lineno=39)
03-01 04:30:30 [INFO] nonebot | Matcher(type='message', module=zhenxun.builtin_plugins.chat_history.chat_message, lineno=39) running complete
03-01 04:31:03 [SUCCESS] nonebot | OneBot V11 3042447114 | [message.group.normal]: Message 653962753 from 439278560@[群:475899384] '硬醒了'
03-01 04:31:03 [INFO] nonebot | Event will be handled by Matcher(type='message', module=zhenxun.builtin_plugins.chat_history.chat_message, lineno=39)
03-01 04:31:03 [INFO] nonebot | Matcher(type='message', module=zhenxun.builtin_plugins.chat_history.chat_message, lineno=39) running complete
03-01 04:32:54 [SUCCESS] nonebot | OneBot V11 3042447114 | [message.group.normal]: Message 937958188 from 415051556@[群:475899384] '硬醒了'
03-01 04:32:54 [INFO] nonebot | Event will be handled by Matcher(type='message', module=zhenxun.builtin_plugins.chat_history.chat_message, lineno=39)
03-01 04:32:54 [INFO] nonebot | Matcher(type='message', module=zhenxun.builtin_plugins.chat_history.chat_message, lineno=39) running complete
03-01 04:33:02 [SUCCESS] nonebot | OneBot V11 3042447114 | [message.group.normal]: Message 285834235 from 415051556@[群:475899384] '[image:summary=[动画表情],file=BB6BB5D4527C6770446FC8A60F8B6E59.jpg,sub_type=1,url=https://multimedia.nt.qq.com.cn/download?appid=1407&fileid=EhRVFEoG...,file_size=822425]'
03-01 04:33:02 [INFO] nonebot | Event will be handled by Matcher(type='message', module=zhenxun.builtin_plugins.chat_history.chat_message, lineno=39)
03-01 04:33:02 [INFO] nonebot | Matcher(type='message', module=zhenxun.builtin_plugins.chat_history.chat_message, lineno=39) running complete
03-01 04:33:16 [SUCCESS] nonebot | OneBot V11 3042447114 | [message.group.normal]: Message 554317314 from 415051556@[群:475899384] '[image:summary=,file=2E0E06DBEB0D1C45EF6BA3FDA2101ACB.jpg,sub_type=0,url=https://multimedia.nt.qq.com.cn/download?appid=1407&fileid=EhRdJtaa...,file_size=264389]'
03-01 04:33:16 [INFO] nonebot | Event will be handled by Matcher(type='message', module=zhenxun.builtin_plugins.chat_history.chat_message, lineno=39)
03-01 04:33:16 [INFO] nonebot | Matcher(type='message', module=zhenxun.builtin_plugins.chat_history.chat_message, lineno=39) running complete
03-01 04:40:00 [INFO] zhenxun | CMD[Chat检测] [Target]([462073368]) 群组两日内未发送任何消息，关闭该群全部被动
03-01 04:42:19 [SUCCESS] nonebot | OneBot V11 3042447114 | [message.group.normal]: Message 2001066808 from 208469464@[群:707984972] '[image:summary=[图片],file=19c8dd470882b50a8a70bc6e52325adb.webp,sub_type=0,url=https://multimedia.nt.qq.com.cn/download?appid=1407&fileid=EhS8yIoJ...,file_size=5198]'
03-01 04:42:19 [INFO] nonebot | Event will be handled by Matcher(type='message', module=zhenxun.builtin_plugins.chat_history.chat_message, lineno=39)
03-01 04:42:19 [INFO] nonebot | Matcher(type='message', module=zhenxun.builtin_plugins.chat_history.chat_message, lineno=39) running complete
03-01 04:53:23 [SUCCESS] nonebot | OneBot V11 3042447114 | [message.group.normal]: Message 1364408224 from 1582094693@[群:475899384] '硬醒了'
03-01 04:53:23 [INFO] nonebot | Event will be handled by Matcher(type='message', module=zhenxun.builtin_plugins.chat_history.chat_message, lineno=39)
03-01 04:53:23 [INFO] nonebot | Matcher(type='message', module=zhenxun.builtin_plugins.chat_history.chat_message, lineno=39) running complete
03-01 04:56:09 [ERROR] zhenxun | 清理日常签到图片数据数据失败... || 错误 <class 'FileNotFoundError'>: [Errno 2] No such file or directory: 'resources/image/sign/today_card'
03-01 04:56:24 [SUCCESS] nonebot | OneBot V11 3042447114 | [message.group.normal]: Message 1408815856 from 534652970@[群:475899384] '硬醒了'
03-01 04:56:24 [INFO] nonebot | Event will be handled by Matcher(type='message', module=zhenxun.builtin_plugins.chat_history.chat_message, lineno=39)
03-01 04:56:24 [INFO] nonebot | Matcher(type='message', module=zhenxun.builtin_plugins.chat_history.chat_message, lineno=39) running complete
03-01 05:07:01 [SUCCESS] nonebot | OneBot V11 3042447114 | [message.group.normal]: Message 1757495685 from 534652970@[群:475899384] '[image:summary=,file=347ADD92822D517C0313C7C294C77155.jpg,sub_type=0,url=https://multimedia.nt.qq.com.cn/download?appid=1407&fileid=EhS3mH2w...,file_size=161008]'
03-01 05:07:01 [INFO] nonebot | Event will be handled by Matcher(type='message', module=zhenxun.builtin_plugins.chat_history.chat_message, lineno=39)
03-01 05:07:01 [INFO] nonebot | Matcher(type='message', module=zhenxun.builtin_plugins.chat_history.chat_message, lineno=39) running complete
03-01 05:07:03 [SUCCESS] nonebot | OneBot V11 3042447114 | [message.group.normal]: Message 490603755 from 534652970@[群:475899384] "[face:id=352,raw={'faceIndex': 352, 'faceText': '/咦', 'faceType': 2, 'packId': None,...]"
03-01 05:07:03 [INFO] nonebot | Event will be handled by Matcher(type='message', module=zhenxun.builtin_plugins.chat_history.chat_message, lineno=39)
03-01 05:07:03 [INFO] nonebot | Matcher(type='message', module=zhenxun.builtin_plugins.chat_history.chat_message, lineno=39) running complete
03-01 05:09:54 [SUCCESS] nonebot | OneBot V11 3042447114 | [message.group.normal]: Message 1459253102 from 415051556@[群:475899384] '醒了就打电动！'
03-01 05:09:54 [INFO] nonebot | Event will be handled by Matcher(type='message', module=zhenxun.builtin_plugins.chat_history.chat_message, lineno=39)
03-01 05:09:54 [INFO] nonebot | Matcher(type='message', module=zhenxun.builtin_plugins.chat_history.chat_message, lineno=39) running complete
03-01 05:10:10 [SUCCESS] nonebot | OneBot V11 3042447114 | [message.group.normal]: Message 1360459353 from 3414580087@[群:645741432] '[image:summary=[动画表情],file=44F53BB206031BDF4157658718340C7D.jpg,sub_type=1,url=https://multimedia.nt.qq.com.cn/download?appid=1407&fileid=EhQnzLZU...,file_size=363710]'
03-01 05:10:10 [INFO] nonebot | Event will be handled by Matcher(type='message', module=zhenxun.builtin_plugins.chat_history.chat_message, lineno=39)
03-01 05:10:10 [INFO] nonebot | Matcher(type='message', module=zhenxun.builtin_plugins.chat_history.chat_message, lineno=39) running complete
03-01 05:10:55 [SUCCESS] nonebot | OneBot V11 3042447114 | [message.group.normal]: Message 1757353590 from 575135964@[群:475899384] '[image:summary=,file=B00AB27ED7BD8936F85879C7704969E5.jpg,sub_type=0,url=https://multimedia.nt.qq.com.cn/download?appid=1407&fileid=EhQTx1UU...,file_size=156167]'
03-01 05:10:55 [INFO] nonebot | Event will be handled by Matcher(type='message', module=zhenxun.builtin_plugins.chat_history.chat_message, lineno=39)
03-01 05:10:55 [INFO] nonebot | Matcher(type='message', module=zhenxun.builtin_plugins.chat_history.chat_message, lineno=39) running complete
03-01 05:11:24 [SUCCESS] nonebot | OneBot V11 3042447114 | [message.group.normal]: Message 822637002 from 575135964@[群:475899384] '怎么还在ban'
03-01 05:11:24 [INFO] nonebot | Event will be handled by Matcher(type='message', module=zhenxun.builtin_plugins.chat_history.chat_message, lineno=39)
03-01 05:11:24 [INFO] nonebot | Matcher(type='message', module=zhenxun.builtin_plugins.chat_history.chat_message, lineno=39) running complete
03-01 05:16:09 [SUCCESS] nonebot | OneBot V11 3042447114 | [message.group.normal]: Message 1673024751 from 534652970@[群:475899384] '[image:summary=,file=4AE411D78089EF53254B7FBAF9425E6A.jpg,sub_type=0,url=https://multimedia.nt.qq.com.cn/download?appid=1407&fileid=EhT2Qb5l...,file_size=1311133]'
03-01 05:16:09 [INFO] nonebot | Event will be handled by Matcher(type='message', module=zhenxun.builtin_plugins.chat_history.chat_message, lineno=39)
03-01 05:16:09 [INFO] nonebot | Matcher(type='message', module=zhenxun.builtin_plugins.chat_history.chat_message, lineno=39) running complete
03-01 05:16:28 [SUCCESS] nonebot | OneBot V11 3042447114 | [message.group.normal]: Message 499555028 from 534652970@[群:475899384] "缺的卡越来越多了[face:id=352,raw={'faceIndex': 352, 'faceText': '/咦', 'faceType': 2, 'packId': None,...]"
03-01 05:16:28 [INFO] nonebot | Event will be handled by Matcher(type='message', module=zhenxun.builtin_plugins.chat_history.chat_message, lineno=39)
03-01 05:16:28 [INFO] nonebot | Matcher(type='message', module=zhenxun.builtin_plugins.chat_history.chat_message, lineno=39) running complete
03-01 05:27:19 [SUCCESS] nonebot | OneBot V11 3042447114 | [message.group.normal]: Message 832324637 from 208469464@[群:707984972] '[image:summary=[图片],file=ed615c409764f36ff85f243d228f008a.webp,sub_type=0,url=https://multimedia.nt.qq.com.cn/download?appid=1407&fileid=EhQA7-Xi...,file_size=5122]'
03-01 05:27:19 [INFO] nonebot | Event will be handled by Matcher(type='message', module=zhenxun.builtin_plugins.chat_history.chat_message, lineno=39)
03-01 05:27:19 [INFO] nonebot | Matcher(type='message', module=zhenxun.builtin_plugins.chat_history.chat_message, lineno=39) running complete
03-01 05:30:58 [SUCCESS] nonebot | OneBot V11 3042447114 | [message.group.normal]: Message 274256219 from 415051556@[群:475899384] '缺卡越多，缺卡越少'
03-01 05:30:58 [INFO] nonebot | Event will be handled by Matcher(type='message', module=zhenxun.builtin_plugins.chat_history.chat_message, lineno=39)
03-01 05:30:58 [INFO] nonebot | Matcher(type='message', module=zhenxun.builtin_plugins.chat_history.chat_message, lineno=39) running complete
03-01 05:56:09 [ERROR] zhenxun | 清理日常签到图片数据数据失败... || 错误 <class 'FileNotFoundError'>: [Errno 2] No such file or directory: 'resources/image/sign/today_card'
03-01 05:58:24 [SUCCESS] nonebot | OneBot V11 3042447114 | [message.group.normal]: Message 1839543884 from 1760300365@[群:308422658] '[image:summary=[动画表情],file=A386A68895B565E004CD44A63402E19D.jpg,sub_type=1,url=https://multimedia.nt.qq.com.cn/download?appid=1407&fileid=EhSEgbsl...,file_size=27772]'
03-01 05:58:24 [INFO] nonebot | Event will be handled by Matcher(type='message', module=zhenxun.builtin_plugins.chat_history.chat_message, lineno=39)
03-01 05:58:24 [INFO] nonebot | Matcher(type='message', module=zhenxun.builtin_plugins.chat_history.chat_message, lineno=39) running complete
03-01 06:01:00 [WARNING] zhenxun | 图片路径不存在: resources/image/zhenxun/zao.jpg
03-01 06:01:00 [WARNING] zhenxun | 自动城市列表失败..... || 错误<class 'ujson.JSONDecodeError'>: Expected object or value
03-01 06:01:02 [SUCCESS] nonebot | OneBot V11 3042447114 | [message.group.normal]: Message 1672092858 from 2732748188@[群:864523321] '早上好哦～'
03-01 06:01:02 [INFO] nonebot | Event will be handled by Matcher(type='message', module=zhenxun.builtin_plugins.chat_history.chat_message, lineno=39)
03-01 06:01:02 [INFO] nonebot | Matcher(type='message', module=zhenxun.builtin_plugins.chat_history.chat_message, lineno=39) running complete
03-01 06:01:17 [SUCCESS] nonebot | OneBot V11 3042447114 | [message.group.normal]: Message 1396904024 from 2260803239@[群:308422658] '晚安'
03-01 06:01:17 [INFO] nonebot | Event will be handled by Matcher(type='message', module=zhenxun.builtin_plugins.chat_history.chat_message, lineno=39)
03-01 06:01:17 [INFO] nonebot | Matcher(type='message', module=zhenxun.builtin_plugins.chat_history.chat_message, lineno=39) running complete
03-01 06:01:18 [INFO] zhenxun | 每日早安发送...
03-01 06:01:31 [SUCCESS] nonebot | OneBot V11 3042447114 | [message.group.normal]: Message 362927439 from 3575451613@[群:864523321] '[image:summary=,file=3E22581CD530E9A1FEF68F34330FB13D.jpg,sub_type=0,url=https://multimedia.nt.qq.com.cn/download?appid=1407&fileid=EhSaKvxX...,file_size=65470]'
03-01 06:01:31 [INFO] nonebot | Event will be handled by Matcher(type='message', module=zhenxun.builtin_plugins.chat_history.chat_message, lineno=39)
03-01 06:01:31 [INFO] nonebot | Matcher(type='message', module=zhenxun.builtin_plugins.chat_history.chat_message, lineno=39) running complete
03-01 06:05:52 [SUCCESS] nonebot | OneBot V11 3042447114 | [message.group.normal]: Message 1456646423 from 1760300365@[群:308422658] '[image:summary=[动画表情],file=E302F179EA602579978BEEC9EAA3448E.jpg,sub_type=1,url=https://multimedia.nt.qq.com.cn/download?appid=1407&fileid=EhQD7x95...,file_size=62237]'
03-01 06:05:52 [INFO] nonebot | Event will be handled by Matcher(type='message', module=zhenxun.builtin_plugins.chat_history.chat_message, lineno=39)
03-01 06:05:52 [INFO] nonebot | Matcher(type='message', module=zhenxun.builtin_plugins.chat_history.chat_message, lineno=39) running complete
03-01 06:12:19 [SUCCESS] nonebot | OneBot V11 3042447114 | [message.group.normal]: Message 900834509 from 208469464@[群:707984972] '[image:summary=[图片],file=72f52ac686693c07b38a574d076b615f.webp,sub_type=0,url=https://multimedia.nt.qq.com.cn/download?appid=1407&fileid=EhRNPbLe...,file_size=5150]'
03-01 06:12:19 [INFO] nonebot | Event will be handled by Matcher(type='message', module=zhenxun.builtin_plugins.chat_history.chat_message, lineno=39)
03-01 06:12:19 [INFO] nonebot | Matcher(type='message', module=zhenxun.builtin_plugins.chat_history.chat_message, lineno=39) running complete
03-01 06:25:09 [SUCCESS] nonebot | OneBot V11 3042447114 | [message.group.normal]: Message 1898593885 from 3173467812@[群:864523321] '早'
03-01 06:25:09 [INFO] nonebot | Event will be handled by Matcher(type='message', module=zhenxun.builtin_plugins.chat_history.chat_message, lineno=39)
03-01 06:25:09 [INFO] nonebot | Matcher(type='message', module=zhenxun.builtin_plugins.chat_history.chat_message, lineno=39) running complete
03-01 06:25:10 [SUCCESS] nonebot | OneBot V11 3042447114 | [message.group.normal]: Message 1572550320 from 2732748188@[群:864523321] '早上好哦～'
03-01 06:25:10 [INFO] nonebot | Event will be handled by Matcher(type='message', module=zhenxun.builtin_plugins.chat_history.chat_message, lineno=39)
03-01 06:25:10 [INFO] nonebot | Matcher(type='message', module=zhenxun.builtin_plugins.chat_history.chat_message, lineno=39) running complete
03-01 06:25:11 [SUCCESS] nonebot | OneBot V11 3042447114 | [message.group.normal]: Message 818820289 from 1471974278@[群:864523321] '嗯。。您也早。。#打哈欠\n'
03-01 06:25:11 [INFO] nonebot | Event will be handled by Matcher(type='message', module=zhenxun.builtin_plugins.chat_history.chat_message, lineno=39)
03-01 06:25:11 [INFO] nonebot | Matcher(type='message', module=zhenxun.builtin_plugins.chat_history.chat_message, lineno=39) running complete
03-01 06:27:21 [SUCCESS] nonebot | OneBot V11 3042447114 | [message.group.normal]: Message 1600474911 from 477288172@[群:864523321] '草'
03-01 06:27:21 [INFO] nonebot | Event will be handled by Matcher(type='message', module=zhenxun.builtin_plugins.chat_history.chat_message, lineno=39)
03-01 06:27:21 [INFO] nonebot | Matcher(type='message', module=zhenxun.builtin_plugins.chat_history.chat_message, lineno=39) running complete
03-01 06:27:23 [SUCCESS] nonebot | OneBot V11 3042447114 | [message.group.normal]: Message 1504669626 from 1471974278@[群:864523321] '嗯。。说脏话不好。。还请注意您的言行。。'
03-01 06:27:23 [INFO] nonebot | Event will be handled by Matcher(type='message', module=zhenxun.builtin_plugins.chat_history.chat_message, lineno=39)
03-01 06:27:23 [INFO] nonebot | Matcher(type='message', module=zhenxun.builtin_plugins.chat_history.chat_message, lineno=39) running complete
03-01 06:27:30 [SUCCESS] nonebot | OneBot V11 3042447114 | [message.group.normal]: Message 1040098710 from 477288172@[群:864523321] "[face:id=344,raw={'faceIndex': 344, 'faceText': '/大怨种', 'faceType': 3, 'packId': '1'...,resultId=,chainCount=0]"
03-01 06:27:30 [INFO] nonebot | Event will be handled by Matcher(type='message', module=zhenxun.builtin_plugins.chat_history.chat_message, lineno=39)
03-01 06:27:30 [INFO] nonebot | Matcher(type='message', module=zhenxun.builtin_plugins.chat_history.chat_message, lineno=39) running complete
03-01 06:27:39 [SUCCESS] nonebot | OneBot V11 3042447114 | [message.group.normal]: Message 1605017387 from 477288172@[群:864523321] '早'
03-01 06:27:39 [INFO] nonebot | Event will be handled by Matcher(type='message', module=zhenxun.builtin_plugins.chat_history.chat_message, lineno=39)
03-01 06:27:39 [INFO] nonebot | Matcher(type='message', module=zhenxun.builtin_plugins.chat_history.chat_message, lineno=39) running complete
03-01 06:27:40 [SUCCESS] nonebot | OneBot V11 3042447114 | [message.group.normal]: Message 1053136692 from 2732748188@[群:864523321] '早上好哦～'
03-01 06:27:40 [INFO] nonebot | Event will be handled by Matcher(type='message', module=zhenxun.builtin_plugins.chat_history.chat_message, lineno=39)
03-01 06:27:40 [INFO] nonebot | Matcher(type='message', module=zhenxun.builtin_plugins.chat_history.chat_message, lineno=39) running complete
03-01 06:27:40 [SUCCESS] nonebot | OneBot V11 3042447114 | [message.group.normal]: Message 2096665655 from 1471974278@[群:864523321] '早呀。。#轻轻伸了个懒腰\n'
03-01 06:27:40 [INFO] nonebot | Event will be handled by Matcher(type='message', module=zhenxun.builtin_plugins.chat_history.chat_message, lineno=39)
03-01 06:27:40 [INFO] nonebot | Matcher(type='message', module=zhenxun.builtin_plugins.chat_history.chat_message, lineno=39) running complete
03-01 06:31:02 [SUCCESS] nonebot | OneBot V11 3042447114 | [message.group.normal]: Message 1100578432 from 2171767615@[群:392644938] '[image:summary=[动画表情],file=BF367225F945F29F2639D438709D7D9A.jpg,sub_type=1,url=https://multimedia.nt.qq.com.cn/download?appid=1407&fileid=EhSRIKCm...,file_size=71518]'
03-01 06:31:02 [INFO] nonebot | Event will be handled by Matcher(type='message', module=zhenxun.builtin_plugins.chat_history.chat_message, lineno=39)
03-01 06:31:02 [INFO] nonebot | Matcher(type='message', module=zhenxun.builtin_plugins.chat_history.chat_message, lineno=39) running complete
03-01 06:32:04 [SUCCESS] nonebot | OneBot V11 3042447114 | [message.group.normal]: Message 1112157148 from 2171767615@[群:392644938] '[json:data={"ver":"1.0.0.19","prompt":"[QQ小程序]加勒比海铃","config":{"type":"normal"...]'
03-01 06:32:04 [INFO] nonebot | Event will be handled by Matcher(type='message', module=zhenxun.builtin_plugins.chat_history.chat_message, lineno=39)
03-01 06:32:04 [INFO] nonebot | Matcher(type='message', module=zhenxun.builtin_plugins.chat_history.chat_message, lineno=39) running complete
03-01 06:41:36 [SUCCESS] nonebot | OneBot V11 3042447114 | [message.group.normal]: Message 1303509316 from 2171767615@[群:392644938] '[json:data={"ver":"1.0.0.19","prompt":"[QQ小程序][蹲方魂]She is Legend VS GBC","conf...]'
03-01 06:41:36 [INFO] nonebot | Event will be handled by Matcher(type='message', module=zhenxun.builtin_plugins.chat_history.chat_message, lineno=39)
03-01 06:41:36 [INFO] nonebot | Matcher(type='message', module=zhenxun.builtin_plugins.chat_history.chat_message, lineno=39) running complete
03-01 06:45:09 [SUCCESS] nonebot | OneBot V11 3042447114 | [message.group.normal]: Message 776066272 from 3205414709@[群:245810894] '[image:summary=[动画表情],file=A1DDB4BBA94F4BC66C09251898C3C405.jpg,sub_type=1,url=https://multimedia.nt.qq.com.cn/download?appid=1407&fileid=EhRsPvWO...,file_size=9378]'
03-01 06:45:09 [INFO] nonebot | Event will be handled by Matcher(type='message', module=zhenxun.builtin_plugins.chat_history.chat_message, lineno=39)
03-01 06:45:09 [INFO] nonebot | Matcher(type='message', module=zhenxun.builtin_plugins.chat_history.chat_message, lineno=39) running complete
03-01 06:51:56 [SUCCESS] nonebot | OneBot V11 3042447114 | [notice.notify.poke]: {'time': 1740783116, 'self_id': 3042447114, 'post_type': 'notice', 'notice_type': 'notify', 'sub_type': 'poke', 'user_id': 393045366, 'group_id': 392644938, 'target_id': 2171767615, 'raw_info': [{'col': '1', 'nm': '', 'type': 'qq', 'uid': 'u_i6OLh0gOuBWnxvll6jgFWQ'}, {'jp': 'https://zb.vip.qq.com/v2/pages/nudgeMall?_wv=2&actionId=0', 'src': 'http://tianquan.gtimg.cn/nudgeaction/item/0/expression.jpg', 'type': 'img'}, {'txt': '戳了戳', 'type': 'nor'}, {'col': '1', 'nm': '', 'tp': '0', 'type': 'qq', 'uid': 'u_EmghhlSZfcSniHhEmlOi3g'}, {'txt': '的键盘给我飞起来！', 'type': 'nor'}]}
03-01 06:51:56 [INFO] nonebot | Event will be handled by Matcher(type='notice', module=zhenxun.plugins.zhenxun_plugin_draw_painting, lineno=61)
03-01 06:51:56 [INFO] nonebot | Event will be handled by Matcher(type='notice', module=zhenxun.plugins.zhenxun_plugin_draw_painting, lineno=62)
03-01 06:51:56 [INFO] nonebot | Event will be handled by Matcher(type='notice', module=zhenxun.plugins.monitor, lineno=18)
03-01 06:51:56 [INFO] nonebot | Event will be handled by Matcher(type='notice', module=zhenxun.plugins.monitor, lineno=19)
03-01 06:51:56 [INFO] nonebot | Event will be handled by Matcher(type='notice', module=zhenxun.plugins.monitor, lineno=20)
03-01 06:51:56 [INFO] nonebot | Matcher(type='notice', module=zhenxun.plugins.monitor, lineno=20) running complete
03-01 06:51:56 [INFO] nonebot | Matcher(type='notice', module=zhenxun.plugins.monitor, lineno=18) running complete
03-01 06:51:56 [INFO] nonebot | Matcher(type='notice', module=zhenxun.plugins.monitor, lineno=19) running complete
03-01 06:51:56 [INFO] nonebot | Matcher(type='notice', module=zhenxun.plugins.zhenxun_plugin_draw_painting, lineno=62) running complete
03-01 06:51:56 [INFO] nonebot | Matcher(type='notice', module=zhenxun.plugins.zhenxun_plugin_draw_painting, lineno=61) running complete
03-01 06:56:09 [ERROR] zhenxun | 清理日常签到图片数据数据失败... || 错误 <class 'FileNotFoundError'>: [Errno 2] No such file or directory: 'resources/image/sign/today_card'
03-01 06:57:19 [SUCCESS] nonebot | OneBot V11 3042447114 | [message.group.normal]: Message 1627368694 from 208469464@[群:707984972] '[image:summary=[图片],file=f45c06eb38194e62c5d5b3ba3d5a5675.webp,sub_type=0,url=https://multimedia.nt.qq.com.cn/download?appid=1407&fileid=EhR4Omzq...,file_size=5044]'
03-01 06:57:19 [INFO] nonebot | Event will be handled by Matcher(type='message', module=zhenxun.builtin_plugins.chat_history.chat_message, lineno=39)
03-01 06:57:19 [INFO] nonebot | Matcher(type='message', module=zhenxun.builtin_plugins.chat_history.chat_message, lineno=39) running complete
03-01 06:58:04 [SUCCESS] nonebot | OneBot V11 3042447114 | [message.group.normal]: Message 1219637606 from 969291784@[群:392644938] '[at:qq=2171767615] 你怎么也这么早起'
03-01 06:58:04 [INFO] nonebot | Event will be handled by Matcher(type='message', module=zhenxun.builtin_plugins.chat_history.chat_message, lineno=39)
03-01 06:58:04 [INFO] nonebot | Matcher(type='message', module=zhenxun.builtin_plugins.chat_history.chat_message, lineno=39) running complete
03-01 07:01:29 [SUCCESS] nonebot | OneBot V11 3042447114 | [message.group.normal]: Message 1345760567 from 2605310013@[群:308422658] '[image:summary=[动画表情],file=D78706FA93D186172180F02E5086F3FD.jpg,sub_type=1,url=https://multimedia.nt.qq.com.cn/download?appid=1407&fileid=EhT0Ix2v...,file_size=126174]'
03-01 07:01:29 [INFO] nonebot | Event will be handled by Matcher(type='message', module=zhenxun.builtin_plugins.chat_history.chat_message, lineno=39)
03-01 07:01:29 [INFO] nonebot | Matcher(type='message', module=zhenxun.builtin_plugins.chat_history.chat_message, lineno=39) running complete
03-01 07:01:30 [SUCCESS] nonebot | OneBot V11 3042447114 | [message.group.normal]: Message 468581191 from 365103469@[群:645741432] '骚辣酱只要不动手 我们场今天分数都才4200左右'
03-01 07:01:30 [INFO] nonebot | Event will be handled by Matcher(type='message', module=zhenxun.builtin_plugins.chat_history.chat_message, lineno=39)
03-01 07:01:30 [INFO] nonebot | Matcher(type='message', module=zhenxun.builtin_plugins.chat_history.chat_message, lineno=39) running complete
03-01 07:01:47 [SUCCESS] nonebot | OneBot V11 3042447114 | [message.group.normal]: Message 1279614879 from 365103469@[群:645741432] '不至于卷到快5000'
03-01 07:01:47 [INFO] nonebot | Event will be handled by Matcher(type='message', module=zhenxun.builtin_plugins.chat_history.chat_message, lineno=39)
03-01 07:01:47 [INFO] nonebot | Matcher(type='message', module=zhenxun.builtin_plugins.chat_history.chat_message, lineno=39) running complete
03-01 07:02:55 [SUCCESS] nonebot | OneBot V11 3042447114 | [message.group.normal]: Message 950481841 from 2171767615@[群:392644938] '[image:summary=[动画表情],file=3AB294B1EA59B6F89AEBBFF8406CBAFC.jpg,sub_type=1,url=https://multimedia.nt.qq.com.cn/download?appid=1407&fileid=EhRuluMY...,file_size=79352]'
03-01 07:02:55 [INFO] nonebot | Event will be handled by Matcher(type='message', module=zhenxun.builtin_plugins.chat_history.chat_message, lineno=39)
03-01 07:02:55 [INFO] nonebot | Matcher(type='message', module=zhenxun.builtin_plugins.chat_history.chat_message, lineno=39) running complete
03-01 07:05:18 [SUCCESS] nonebot | OneBot V11 3042447114 | [message.group.normal]: Message 1790730694 from 365103469@[群:645741432] '果然这家伙不死 大家都躺的不舒服'
03-01 07:05:18 [INFO] nonebot | Event will be handled by Matcher(type='message', module=zhenxun.builtin_plugins.chat_history.chat_message, lineno=39)
03-01 07:05:18 [INFO] nonebot | Matcher(type='message', module=zhenxun.builtin_plugins.chat_history.chat_message, lineno=39) running complete
03-01 07:08:04 [SUCCESS] nonebot | OneBot V11 3042447114 | [message.group.normal]: Message 716565493 from 534652970@[群:475899384] '[image:summary=,file=36C5607BF51C64CBC6AAA06D8463B190.jpg,sub_type=0,url=https://multimedia.nt.qq.com.cn/download?appid=1407&fileid=EhStsdeW...,file_size=168844]'
03-01 07:08:04 [INFO] nonebot | Event will be handled by Matcher(type='message', module=zhenxun.builtin_plugins.chat_history.chat_message, lineno=39)
03-01 07:08:04 [INFO] nonebot | Matcher(type='message', module=zhenxun.builtin_plugins.chat_history.chat_message, lineno=39) running complete
03-01 07:08:05 [SUCCESS] nonebot | OneBot V11 3042447114 | [message.group.normal]: Message 1421884833 from 534652970@[群:475899384] '？'
03-01 07:08:05 [INFO] nonebot | Event will be handled by Matcher(type='message', module=zhenxun.builtin_plugins.chat_history.chat_message, lineno=39)
03-01 07:08:05 [INFO] nonebot | Matcher(type='message', module=zhenxun.builtin_plugins.chat_history.chat_message, lineno=39) running complete
03-01 07:08:31 [SUCCESS] nonebot | OneBot V11 3042447114 | [message.group.normal]: Message 213810489 from 534652970@[群:475899384] '兄弟，这撕卡了吧'
03-01 07:08:31 [INFO] nonebot | Event will be handled by Matcher(type='message', module=zhenxun.builtin_plugins.chat_history.chat_message, lineno=39)
03-01 07:08:31 [INFO] nonebot | Matcher(type='message', module=zhenxun.builtin_plugins.chat_history.chat_message, lineno=39) running complete
03-01 07:10:20 [SUCCESS] nonebot | OneBot V11 3042447114 | [message.group.normal]: Message 2019302880 from 1558453373@[群:864523321] '[image:summary=[动画表情],file=CF96186CA473A9DB30E726F1D62075A8.jpg,sub_type=1,url=https://multimedia.nt.qq.com.cn/download?appid=1407&fileid=EhS3-ulM...,file_size=78321]'
03-01 07:10:20 [INFO] nonebot | Event will be handled by Matcher(type='message', module=zhenxun.builtin_plugins.chat_history.chat_message, lineno=39)
03-01 07:10:20 [INFO] nonebot | Matcher(type='message', module=zhenxun.builtin_plugins.chat_history.chat_message, lineno=39) running complete
03-01 07:10:25 [SUCCESS] nonebot | OneBot V11 3042447114 | [message.group.normal]: Message 1929860957 from 1580289363@[群:475899384] '[image:summary=,file=FB7BF1BB7E90CE9B5AEDA13CFB68F06B.png,sub_type=0,url=https://multimedia.nt.qq.com.cn/download?appid=1407&fileid=EhQgy9jY...,file_size=1763338]慢慢成为菜鸡'
03-01 07:10:25 [INFO] nonebot | Event will be handled by Matcher(type='message', module=zhenxun.builtin_plugins.chat_history.chat_message, lineno=39)
03-01 07:10:25 [INFO] nonebot | Matcher(type='message', module=zhenxun.builtin_plugins.chat_history.chat_message, lineno=39) running complete
03-01 07:13:06 [SUCCESS] nonebot | OneBot V11 3042447114 | [message.group.normal]: Message 846290756 from 3092472851@[群:475899384] '[image:summary=,file=994E6FEBF1C117BEB9EE9DC5FA54537F.jpg,sub_type=0,url=https://multimedia.nt.qq.com.cn/download?appid=1407&fileid=EhQtbzpj...,file_size=51246]'
03-01 07:13:06 [INFO] nonebot | Event will be handled by Matcher(type='message', module=zhenxun.builtin_plugins.chat_history.chat_message, lineno=39)
03-01 07:13:06 [INFO] nonebot | Matcher(type='message', module=zhenxun.builtin_plugins.chat_history.chat_message, lineno=39) running complete
03-01 07:17:59 [SUCCESS] nonebot | OneBot V11 3042447114 | [message.group.normal]: Message 713683942 from 3205414709@[群:245810894] '[reply:id=333580789]梅妃的林赛换成秋伤害更高一点'
03-01 07:17:59 [INFO] nonebot | Event will be handled by Matcher(type='message', module=zhenxun.builtin_plugins.chat_history.chat_message, lineno=39)
03-01 07:17:59 [INFO] nonebot | Matcher(type='message', module=zhenxun.builtin_plugins.chat_history.chat_message, lineno=39) running complete
03-01 07:18:08 [SUCCESS] nonebot | OneBot V11 3042447114 | [message.group.normal]: Message 468651440 from 3205414709@[群:245810894] '不过也不差那一点倍率了'
03-01 07:18:08 [INFO] nonebot | Event will be handled by Matcher(type='message', module=zhenxun.builtin_plugins.chat_history.chat_message, lineno=39)
03-01 07:18:08 [INFO] nonebot | Matcher(type='message', module=zhenxun.builtin_plugins.chat_history.chat_message, lineno=39) running complete
03-01 07:18:09 [SUCCESS] nonebot | OneBot V11 3042447114 | [message.group.normal]: Message 363859434 from 3205414709@[群:245810894] '[image:summary=[动画表情],file=A1DDB4BBA94F4BC66C09251898C3C405.jpg,sub_type=1,url=https://multimedia.nt.qq.com.cn/download?appid=1407&fileid=EhRsPvWO...,file_size=9378]'
03-01 07:18:09 [INFO] nonebot | Event will be handled by Matcher(type='message', module=zhenxun.builtin_plugins.chat_history.chat_message, lineno=39)
03-01 07:18:09 [INFO] nonebot | Matcher(type='message', module=zhenxun.builtin_plugins.chat_history.chat_message, lineno=39) running complete
03-01 07:18:15 [SUCCESS] nonebot | OneBot V11 3042447114 | [message.group.normal]: Message 477940892 from 3205414709@[群:245810894] '反正前1000就行'
03-01 07:18:15 [INFO] nonebot | Event will be handled by Matcher(type='message', module=zhenxun.builtin_plugins.chat_history.chat_message, lineno=39)
03-01 07:18:15 [INFO] nonebot | Matcher(type='message', module=zhenxun.builtin_plugins.chat_history.chat_message, lineno=39) running complete
03-01 07:18:19 [SUCCESS] nonebot | OneBot V11 3042447114 | [message.group.normal]: Message 267923781 from 3205414709@[群:245810894] '前百是进不去'
03-01 07:18:19 [INFO] nonebot | Event will be handled by Matcher(type='message', module=zhenxun.builtin_plugins.chat_history.chat_message, lineno=39)
03-01 07:18:19 [INFO] nonebot | Matcher(type='message', module=zhenxun.builtin_plugins.chat_history.chat_message, lineno=39) running complete
03-01 07:18:20 [SUCCESS] nonebot | OneBot V11 3042447114 | [message.group.normal]: Message 146029922 from 3205414709@[群:245810894] '[image:summary=[动画表情],file=055F4EE8739D50332F8070EE70F2081F.jpg,sub_type=1,url=https://multimedia.nt.qq.com.cn/download?appid=1407&fileid=EhRPGBbx...,file_size=392113]'
03-01 07:18:20 [INFO] nonebot | Event will be handled by Matcher(type='message', module=zhenxun.builtin_plugins.chat_history.chat_message, lineno=39)
03-01 07:18:20 [INFO] nonebot | Matcher(type='message', module=zhenxun.builtin_plugins.chat_history.chat_message, lineno=39) running complete
03-01 07:20:08 [SUCCESS] nonebot | OneBot V11 3042447114 | [message.group.normal]: Message 904287700 from 3420224707@[群:645741432] '[image:summary=[动画表情],file=44F53BB206031BDF4157658718340C7D.jpg,sub_type=1,url=https://multimedia.nt.qq.com.cn/download?appid=1407&fileid=EhQnzLZU...,file_size=363710]'
03-01 07:20:08 [INFO] nonebot | Event will be handled by Matcher(type='message', module=zhenxun.builtin_plugins.chat_history.chat_message, lineno=39)
03-01 07:20:08 [INFO] nonebot | Matcher(type='message', module=zhenxun.builtin_plugins.chat_history.chat_message, lineno=39) running complete
03-01 07:20:14 [SUCCESS] nonebot | OneBot V11 3042447114 | [message.group.normal]: Message 219832575 from 2998234114@[群:864523321] '晚上好'
03-01 07:20:14 [INFO] nonebot | Event will be handled by Matcher(type='message', module=zhenxun.builtin_plugins.chat_history.chat_message, lineno=39)
03-01 07:20:14 [INFO] nonebot | Matcher(type='message', module=zhenxun.builtin_plugins.chat_history.chat_message, lineno=39) running complete
03-01 07:20:15 [SUCCESS] nonebot | OneBot V11 3042447114 | [message.group.normal]: Message 1359789072 from 2732748188@[群:864523321] '？？？？？？？'
03-01 07:20:15 [INFO] nonebot | Event will be handled by Matcher(type='message', module=zhenxun.builtin_plugins.chat_history.chat_message, lineno=39)
03-01 07:20:15 [INFO] nonebot | Matcher(type='message', module=zhenxun.builtin_plugins.chat_history.chat_message, lineno=39) running complete
03-01 07:24:11 [SUCCESS] nonebot | OneBot V11 3042447114 | [message.group.normal]: Message 1404570913 from 3483981088@[群:864523321] '[image:summary=,file=38833B17CEBFEDD38BF499A0A696B1DB.jpg,sub_type=0,url=https://multimedia.nt.qq.com.cn/download?appid=1407&fileid=EhTXiSFc...,file_size=1311026]'
03-01 07:24:11 [INFO] nonebot | Event will be handled by Matcher(type='message', module=zhenxun.builtin_plugins.chat_history.chat_message, lineno=39)
03-01 07:24:11 [INFO] nonebot | Matcher(type='message', module=zhenxun.builtin_plugins.chat_history.chat_message, lineno=39) running complete
03-01 07:24:18 [SUCCESS] nonebot | OneBot V11 3042447114 | [message.group.normal]: Message 780567244 from 3483981088@[群:864523321] '我缺一个更好看的裙子'
03-01 07:24:18 [INFO] nonebot | Event will be handled by Matcher(type='message', module=zhenxun.builtin_plugins.chat_history.chat_message, lineno=39)
03-01 07:24:18 [INFO] nonebot | Matcher(type='message', module=zhenxun.builtin_plugins.chat_history.chat_message, lineno=39) running complete
03-01 07:25:46 [SUCCESS] nonebot | OneBot V11 3042447114 | [notice.notify.poke]: {'time': 1740785146, 'self_id': 3042447114, 'post_type': 'notice', 'notice_type': 'notify', 'sub_type': 'poke', 'user_id': 393045366, 'group_id': 392644938, 'target_id': 969291784, 'raw_info': [{'col': '1', 'nm': '', 'type': 'qq', 'uid': 'u_i6OLh0gOuBWnxvll6jgFWQ'}, {'jp': 'https://zb.vip.qq.com/v2/pages/nudgeMall?_wv=2&actionId=0', 'src': 'http://tianquan.gtimg.cn/nudgeaction/item/0/expression.jpg', 'type': 'img'}, {'txt': '戳了戳', 'type': 'nor'}, {'col': '1', 'nm': '', 'tp': '0', 'type': 'qq', 'uid': 'u_SYFbtRK_4me5QucfQXXg5Q'}, {'txt': '', 'type': 'nor'}]}
03-01 07:25:46 [INFO] nonebot | Event will be handled by Matcher(type='notice', module=zhenxun.plugins.zhenxun_plugin_draw_painting, lineno=61)
03-01 07:25:46 [INFO] nonebot | Event will be handled by Matcher(type='notice', module=zhenxun.plugins.zhenxun_plugin_draw_painting, lineno=62)
03-01 07:25:46 [INFO] nonebot | Event will be handled by Matcher(type='notice', module=zhenxun.plugins.monitor, lineno=18)
03-01 07:25:46 [INFO] nonebot | Event will be handled by Matcher(type='notice', module=zhenxun.plugins.monitor, lineno=19)
03-01 07:25:46 [INFO] nonebot | Event will be handled by Matcher(type='notice', module=zhenxun.plugins.monitor, lineno=20)
03-01 07:25:46 [INFO] nonebot | Matcher(type='notice', module=zhenxun.plugins.monitor, lineno=18) running complete
03-01 07:25:46 [INFO] nonebot | Matcher(type='notice', module=zhenxun.plugins.monitor, lineno=20) running complete
03-01 07:25:46 [INFO] nonebot | Matcher(type='notice', module=zhenxun.plugins.monitor, lineno=19) running complete
03-01 07:25:46 [INFO] nonebot | Matcher(type='notice', module=zhenxun.plugins.zhenxun_plugin_draw_painting, lineno=61) running complete
03-01 07:25:46 [INFO] nonebot | Matcher(type='notice', module=zhenxun.plugins.zhenxun_plugin_draw_painting, lineno=62) running is cancelled
03-01 07:25:47 [SUCCESS] nonebot | OneBot V11 3042447114 | [notice.notify.poke]: {'time': 1740785147, 'self_id': 3042447114, 'post_type': 'notice', 'notice_type': 'notify', 'sub_type': 'poke', 'user_id': 393045366, 'group_id': 392644938, 'target_id': 2171767615, 'raw_info': [{'col': '1', 'nm': '', 'type': 'qq', 'uid': 'u_i6OLh0gOuBWnxvll6jgFWQ'}, {'jp': 'https://zb.vip.qq.com/v2/pages/nudgeMall?_wv=2&actionId=0', 'src': 'http://tianquan.gtimg.cn/nudgeaction/item/0/expression.jpg', 'type': 'img'}, {'txt': '戳了戳', 'type': 'nor'}, {'col': '1', 'nm': '', 'tp': '0', 'type': 'qq', 'uid': 'u_EmghhlSZfcSniHhEmlOi3g'}, {'txt': '的键盘给我飞起来！', 'type': 'nor'}]}
03-01 07:25:47 [INFO] nonebot | Event will be handled by Matcher(type='notice', module=zhenxun.plugins.zhenxun_plugin_draw_painting, lineno=61)
03-01 07:25:47 [INFO] nonebot | Event will be handled by Matcher(type='notice', module=zhenxun.plugins.zhenxun_plugin_draw_painting, lineno=62)
03-01 07:25:47 [INFO] nonebot | Event will be handled by Matcher(type='notice', module=zhenxun.plugins.monitor, lineno=18)
03-01 07:25:47 [INFO] nonebot | Event will be handled by Matcher(type='notice', module=zhenxun.plugins.monitor, lineno=19)
03-01 07:25:47 [INFO] nonebot | Event will be handled by Matcher(type='notice', module=zhenxun.plugins.monitor, lineno=20)
03-01 07:25:47 [INFO] nonebot | Matcher(type='notice', module=zhenxun.plugins.monitor, lineno=18) running complete
03-01 07:25:47 [INFO] nonebot | Matcher(type='notice', module=zhenxun.plugins.monitor, lineno=20) running complete
03-01 07:25:47 [INFO] nonebot | Matcher(type='notice', module=zhenxun.plugins.monitor, lineno=19) running complete
03-01 07:25:47 [INFO] nonebot | Matcher(type='notice', module=zhenxun.plugins.zhenxun_plugin_draw_painting, lineno=62) running complete
03-01 07:25:47 [INFO] nonebot | Matcher(type='notice', module=zhenxun.plugins.zhenxun_plugin_draw_painting, lineno=61) running complete
03-01 07:26:45 [SUCCESS] nonebot | OneBot V11 3042447114 | [message.group.normal]: Message 1580106774 from 2190278779@[群:864523321] '求群友救济，3月份到现在一顿饭都没吃过，人现在也是过得越来越落魄了，真不知道要怎么活下去……'
03-01 07:26:45 [INFO] nonebot | Event will be handled by Matcher(type='message', module=zhenxun.builtin_plugins.chat_history.chat_message, lineno=39)
03-01 07:26:45 [INFO] nonebot | Matcher(type='message', module=zhenxun.builtin_plugins.chat_history.chat_message, lineno=39) running complete
03-01 07:27:06 [SUCCESS] nonebot | OneBot V11 3042447114 | [message.group.normal]: Message 154806472 from 1653536628@[群:392644938] '[image:summary=[动画表情],file=A6AF03C4F1EFC848320FDDBE6E17A4A7.jpg,sub_type=1,url=https://multimedia.nt.qq.com.cn/download?appid=1407&fileid=EhRItEV7...,file_size=67434]'
03-01 07:27:06 [INFO] nonebot | Event will be handled by Matcher(type='message', module=zhenxun.builtin_plugins.chat_history.chat_message, lineno=39)
03-01 07:27:06 [INFO] nonebot | Matcher(type='message', module=zhenxun.builtin_plugins.chat_history.chat_message, lineno=39) running complete
03-01 07:27:36 [SUCCESS] nonebot | OneBot V11 3042447114 | [notice.notify.poke]: {'time': 1740785256, 'self_id': 3042447114, 'post_type': 'notice', 'notice_type': 'notify', 'sub_type': 'poke', 'user_id': 393045366, 'group_id': 392644938, 'target_id': 1653536628, 'raw_info': [{'col': '1', 'nm': '', 'type': 'qq', 'uid': 'u_i6OLh0gOuBWnxvll6jgFWQ'}, {'jp': 'https://zb.vip.qq.com/v2/pages/nudgeMall?_wv=2&actionId=1', 'src': 'http://tianquan.gtimg.cn/nudgeaction/item/1/expression.jpg', 'type': 'img'}, {'txt': '拍了拍', 'type': 'nor'}, {'col': '1', 'nm': '', 'tp': '0', 'type': 'qq', 'uid': 'u_6WwguQMusxb5OAy0YdOD2Q'}, {'txt': '的空钱包说：我养你。', 'type': 'nor'}]}
03-01 07:27:36 [INFO] nonebot | Event will be handled by Matcher(type='notice', module=zhenxun.plugins.zhenxun_plugin_draw_painting, lineno=61)
03-01 07:27:36 [INFO] nonebot | Event will be handled by Matcher(type='notice', module=zhenxun.plugins.zhenxun_plugin_draw_painting, lineno=62)
03-01 07:27:36 [INFO] nonebot | Event will be handled by Matcher(type='notice', module=zhenxun.plugins.monitor, lineno=18)
03-01 07:27:36 [INFO] nonebot | Event will be handled by Matcher(type='notice', module=zhenxun.plugins.monitor, lineno=19)
03-01 07:27:36 [INFO] nonebot | Event will be handled by Matcher(type='notice', module=zhenxun.plugins.monitor, lineno=20)
03-01 07:27:36 [INFO] nonebot | Matcher(type='notice', module=zhenxun.plugins.monitor, lineno=19) running complete
03-01 07:27:36 [INFO] nonebot | Matcher(type='notice', module=zhenxun.plugins.monitor, lineno=18) running complete
03-01 07:27:36 [INFO] nonebot | Matcher(type='notice', module=zhenxun.plugins.monitor, lineno=20) running complete
03-01 07:27:36 [INFO] nonebot | Matcher(type='notice', module=zhenxun.plugins.zhenxun_plugin_draw_painting, lineno=61) running complete
03-01 07:27:36 [INFO] nonebot | Matcher(type='notice', module=zhenxun.plugins.zhenxun_plugin_draw_painting, lineno=62) running is cancelled
03-01 07:30:13 [SUCCESS] nonebot | OneBot V11 3042447114 | [message.group.normal]: Message 1967038206 from 2998234114@[群:864523321] '我还有一个鸡🥚'
03-01 07:30:13 [INFO] nonebot | Event will be handled by Matcher(type='message', module=zhenxun.builtin_plugins.chat_history.chat_message, lineno=39)
03-01 07:30:13 [INFO] nonebot | Matcher(type='message', module=zhenxun.builtin_plugins.chat_history.chat_message, lineno=39) running complete
03-01 07:30:21 [SUCCESS] nonebot | OneBot V11 3042447114 | [message.group.normal]: Message 1982233575 from 1600310529@[群:392644938] '[image:summary=[动画表情],file=3A95574C0D3838A28CA585F12C2F9574.jpg,sub_type=1,url=https://multimedia.nt.qq.com.cn/download?appid=1407&fileid=EhSJm9Q3...,file_size=207673]'
03-01 07:30:21 [INFO] nonebot | Event will be handled by Matcher(type='message', module=zhenxun.builtin_plugins.chat_history.chat_message, lineno=39)
03-01 07:30:21 [INFO] nonebot | Matcher(type='message', module=zhenxun.builtin_plugins.chat_history.chat_message, lineno=39) running complete
03-01 07:30:29 [SUCCESS] nonebot | OneBot V11 3042447114 | [message.group.normal]: Message 300682484 from 1600310529@[群:392644938] '一千十连无事发生'
03-01 07:30:29 [INFO] nonebot | Event will be handled by Matcher(type='message', module=zhenxun.builtin_plugins.chat_history.chat_message, lineno=39)
03-01 07:30:29 [INFO] nonebot | Matcher(type='message', module=zhenxun.builtin_plugins.chat_history.chat_message, lineno=39) running complete
03-01 07:30:33 [SUCCESS] nonebot | OneBot V11 3042447114 | [message.group.normal]: Message 1352851975 from 312745956@[群:550150804] '[reply:id=895331353][at:qq=3662251073] 新角色很强'
03-01 07:30:33 [INFO] nonebot | Event will be handled by Matcher(type='message', module=zhenxun.builtin_plugins.chat_history.chat_message, lineno=39)
03-01 07:30:33 [INFO] nonebot | Matcher(type='message', module=zhenxun.builtin_plugins.chat_history.chat_message, lineno=39) running complete
03-01 07:30:59 [SUCCESS] nonebot | OneBot V11 3042447114 | [message.group.normal]: Message 1513438217 from 312745956@[群:550150804] '感觉二周年开始出的角色都很猛'
03-01 07:30:59 [INFO] nonebot | Event will be handled by Matcher(type='message', module=zhenxun.builtin_plugins.chat_history.chat_message, lineno=39)
03-01 07:30:59 [INFO] nonebot | Matcher(type='message', module=zhenxun.builtin_plugins.chat_history.chat_message, lineno=39) running complete
03-01 07:31:07 [SUCCESS] nonebot | OneBot V11 3042447114 | [message.group.normal]: Message 1331967240 from 312745956@[群:550150804] '老限定被打出翔了'
03-01 07:31:07 [INFO] nonebot | Event will be handled by Matcher(type='message', module=zhenxun.builtin_plugins.chat_history.chat_message, lineno=39)
03-01 07:31:07 [INFO] nonebot | Matcher(type='message', module=zhenxun.builtin_plugins.chat_history.chat_message, lineno=39) running complete
03-01 07:33:10 [SUCCESS] nonebot | OneBot V11 3042447114 | [message.group.normal]: Message 1040833206 from 1315538170@[群:1032235226] '打胶'
03-01 07:33:10 [INFO] nonebot | Event will be handled by Matcher(type='message', module=zhenxun.builtin_plugins.chat_history.chat_message, lineno=39)
03-01 07:33:10 [INFO] nonebot | Matcher(type='message', module=zhenxun.builtin_plugins.chat_history.chat_message, lineno=39) running complete
03-01 07:33:15 [SUCCESS] nonebot | OneBot V11 3042447114 | [notice.group_recall]: {'time': 1740785595, 'self_id': 3042447114, 'post_type': 'notice', 'notice_type': 'group_recall', 'user_id': 1315538170, 'group_id': 1032235226, 'operator_id': 1315538170, 'message_id': 1040833206}
03-01 07:33:15 [INFO] nonebot | Event will be handled by Matcher(type='notice', module=zhenxun.plugins.zhenxun_plugin_draw_painting, lineno=61)
03-01 07:33:15 [INFO] nonebot | Event will be handled by Matcher(type='notice', module=zhenxun.plugins.zhenxun_plugin_draw_painting, lineno=62)
03-01 07:33:15 [INFO] nonebot | Event will be handled by Matcher(type='notice', module=zhenxun.plugins.monitor, lineno=18)
03-01 07:33:15 [INFO] nonebot | Event will be handled by Matcher(type='notice', module=zhenxun.plugins.monitor, lineno=19)
03-01 07:33:15 [INFO] nonebot | Event will be handled by Matcher(type='notice', module=zhenxun.plugins.monitor, lineno=20)
03-01 07:33:15 [INFO] nonebot | Matcher(type='notice', module=zhenxun.plugins.monitor, lineno=18) running complete
03-01 07:33:15 [INFO] nonebot | Matcher(type='notice', module=zhenxun.plugins.zhenxun_plugin_draw_painting, lineno=61) running complete
03-01 07:33:15 [INFO] nonebot | Matcher(type='notice', module=zhenxun.plugins.monitor, lineno=19) running complete
03-01 07:33:15 [INFO] nonebot | Matcher(type='notice', module=zhenxun.plugins.monitor, lineno=20) running complete
03-01 07:33:15 [INFO] nonebot | Matcher(type='notice', module=zhenxun.plugins.zhenxun_plugin_draw_painting, lineno=62) running complete
03-01 07:33:18 [SUCCESS] nonebot | OneBot V11 3042447114 | [message.group.normal]: Message 2012721425 from 1315538170@[群:1032235226] '[image:summary=[动画表情],file=EE7D83E708A95DF4BD6E1A2A50FA7A11.jpg,sub_type=1,url=https://multimedia.nt.qq.com.cn/download?appid=1407&fileid=EhThs8LU...,file_size=45156]'
03-01 07:33:18 [INFO] nonebot | Event will be handled by Matcher(type='message', module=zhenxun.builtin_plugins.chat_history.chat_message, lineno=39)
03-01 07:33:18 [INFO] nonebot | Matcher(type='message', module=zhenxun.builtin_plugins.chat_history.chat_message, lineno=39) running complete
03-01 07:35:37 [SUCCESS] nonebot | OneBot V11 3042447114 | [notice.notify.poke]: {'time': 1740785737, 'self_id': 3042447114, 'post_type': 'notice', 'notice_type': 'notify', 'sub_type': 'poke', 'user_id': 393045366, 'group_id': 392644938, 'target_id': 1600310529, 'raw_info': [{'col': '1', 'nm': '', 'type': 'qq', 'uid': 'u_i6OLh0gOuBWnxvll6jgFWQ'}, {'jp': 'https://zb.vip.qq.com/v2/pages/nudgeMall?_wv=2&actionId=1', 'src': 'http://tianquan.gtimg.cn/nudgeaction/item/1/expression.jpg', 'type': 'img'}, {'txt': '拍了拍', 'type': 'nor'}, {'col': '1', 'nm': '', 'tp': '0', 'type': 'qq', 'uid': 'u__ghxecWvy2U_vRmpSTvCYA'}, {'txt': '的脸，说了声喜欢你', 'type': 'nor'}]}
03-01 07:35:37 [INFO] nonebot | Event will be handled by Matcher(type='notice', module=zhenxun.plugins.zhenxun_plugin_draw_painting, lineno=61)
03-01 07:35:37 [INFO] nonebot | Event will be handled by Matcher(type='notice', module=zhenxun.plugins.zhenxun_plugin_draw_painting, lineno=62)
03-01 07:35:37 [INFO] nonebot | Event will be handled by Matcher(type='notice', module=zhenxun.plugins.monitor, lineno=18)
03-01 07:35:37 [INFO] nonebot | Event will be handled by Matcher(type='notice', module=zhenxun.plugins.monitor, lineno=19)
03-01 07:35:37 [INFO] nonebot | Event will be handled by Matcher(type='notice', module=zhenxun.plugins.monitor, lineno=20)
03-01 07:35:37 [INFO] nonebot | Matcher(type='notice', module=zhenxun.plugins.monitor, lineno=19) running complete
03-01 07:35:37 [INFO] nonebot | Matcher(type='notice', module=zhenxun.plugins.monitor, lineno=20) running complete
03-01 07:35:37 [INFO] nonebot | Matcher(type='notice', module=zhenxun.plugins.monitor, lineno=18) running complete
03-01 07:35:37 [INFO] nonebot | Matcher(type='notice', module=zhenxun.plugins.zhenxun_plugin_draw_painting, lineno=61) running complete
03-01 07:35:37 [INFO] nonebot | Matcher(type='notice', module=zhenxun.plugins.zhenxun_plugin_draw_painting, lineno=62) running is cancelled
03-01 07:37:51 [SUCCESS] nonebot | OneBot V11 3042447114 | [message.group.normal]: Message 416896634 from 1960735950@[群:392644938] 'fw猪川'
03-01 07:37:51 [INFO] nonebot | Event will be handled by Matcher(type='message', module=zhenxun.builtin_plugins.chat_history.chat_message, lineno=39)
03-01 07:37:51 [INFO] nonebot | Matcher(type='message', module=zhenxun.builtin_plugins.chat_history.chat_message, lineno=39) running complete
03-01 07:39:55 [SUCCESS] nonebot | OneBot V11 3042447114 | [message.group.normal]: Message 1786431350 from 1287494152@[群:864523321] '[image:summary=[动画表情],file=CF96186CA473A9DB30E726F1D62075A8.jpg,sub_type=1,url=https://multimedia.nt.qq.com.cn/download?appid=1407&fileid=EhS3-ulM...,file_size=78321]'
03-01 07:39:55 [INFO] nonebot | Event will be handled by Matcher(type='message', module=zhenxun.builtin_plugins.chat_history.chat_message, lineno=39)
03-01 07:39:55 [INFO] nonebot | Matcher(type='message', module=zhenxun.builtin_plugins.chat_history.chat_message, lineno=39) running complete
03-01 07:40:00 [SUCCESS] nonebot | OneBot V11 3042447114 | [message.group.normal]: Message 705367459 from 575701297@[群:645741432] '[image:summary=[动画表情],file=B5B446AC3EFA1C03C0F215EF32D0B1C3.jpg,sub_type=1,url=https://multimedia.nt.qq.com.cn/download?appid=1407&fileid=EhTWazpd...,file_size=808903]'
03-01 07:40:00 [INFO] nonebot | Event will be handled by Matcher(type='message', module=zhenxun.builtin_plugins.chat_history.chat_message, lineno=39)
03-01 07:40:00 [INFO] nonebot | Matcher(type='message', module=zhenxun.builtin_plugins.chat_history.chat_message, lineno=39) running complete
03-01 07:40:13 [SUCCESS] nonebot | OneBot V11 3042447114 | [message.group.normal]: Message 973109326 from 575701297@[群:645741432] '周六还要上班的群友早上好'
03-01 07:40:13 [INFO] nonebot | Event will be handled by Matcher(type='message', module=zhenxun.builtin_plugins.chat_history.chat_message, lineno=39)
03-01 07:40:13 [INFO] nonebot | Matcher(type='message', module=zhenxun.builtin_plugins.chat_history.chat_message, lineno=39) running complete
03-01 07:42:18 [SUCCESS] nonebot | OneBot V11 3042447114 | [message.group.normal]: Message 393704023 from 208469464@[群:707984972] '[image:summary=[图片],file=26962ad0bbca9556cee345d69b82b0b2.webp,sub_type=0,url=https://multimedia.nt.qq.com.cn/download?appid=1407&fileid=EhSOQiUT...,file_size=5280]'
03-01 07:42:18 [INFO] nonebot | Event will be handled by Matcher(type='message', module=zhenxun.builtin_plugins.chat_history.chat_message, lineno=39)
03-01 07:42:18 [INFO] nonebot | Matcher(type='message', module=zhenxun.builtin_plugins.chat_history.chat_message, lineno=39) running complete
03-01 07:43:48 [SUCCESS] nonebot | OneBot V11 3042447114 | [message.group.normal]: Message 1493470865 from 3279932665@[群:392644938] '[image:summary=,file={965EC4B8-3C34-F843-1646-2FB332B09C82}.jpg,sub_type=11,url=https://gchat.qpic.cn/gchatpic_new/0/0-0-965EC4B83C34F84316462FB332...,file_size=1168482]'
03-01 07:43:48 [INFO] nonebot | Event will be handled by Matcher(type='message', module=zhenxun.builtin_plugins.chat_history.chat_message, lineno=39)
03-01 07:43:48 [INFO] nonebot | Matcher(type='message', module=zhenxun.builtin_plugins.chat_history.chat_message, lineno=39) running complete
03-01 07:43:55 [SUCCESS] nonebot | OneBot V11 3042447114 | [message.group.normal]: Message 1235799463 from 3279932665@[群:392644938] '[at:qq=2171767615][image:summary=,file={965EC4B8-3C34-F843-1646-2FB332B09C82}.jpg,sub_type=0,url=https://gchat.qpic.cn/gchatpic_new/0/0-0-965EC4B83C34F84316462FB332...,file_size=1168482]'
03-01 07:43:55 [INFO] nonebot | Event will be handled by Matcher(type='message', module=zhenxun.builtin_plugins.chat_history.chat_message, lineno=39)
03-01 07:43:55 [INFO] nonebot | Matcher(type='message', module=zhenxun.builtin_plugins.chat_history.chat_message, lineno=39) running complete
03-01 07:48:01 [SUCCESS] nonebot | OneBot V11 3042447114 | [message.group.normal]: Message 2070057410 from 1960735950@[群:392644938] '写了个三期宝玉的3t通解'
03-01 07:48:01 [INFO] nonebot | Event will be handled by Matcher(type='message', module=zhenxun.builtin_plugins.chat_history.chat_message, lineno=39)
03-01 07:48:01 [INFO] nonebot | Matcher(type='message', module=zhenxun.builtin_plugins.chat_history.chat_message, lineno=39) running complete
03-01 07:48:08 [SUCCESS] nonebot | OneBot V11 3042447114 | [message.group.normal]: Message 1359050314 from 1960735950@[群:392644938] "[face:id=311,raw={'faceIndex': 311, 'faceText': '/打call', 'faceType': 3, 'packId': '...,resultId=,chainCount=0]"
03-01 07:48:08 [INFO] nonebot | Event will be handled by Matcher(type='message', module=zhenxun.builtin_plugins.chat_history.chat_message, lineno=39)
03-01 07:48:08 [INFO] nonebot | Matcher(type='message', module=zhenxun.builtin_plugins.chat_history.chat_message, lineno=39) running complete
03-01 07:48:13 [SUCCESS] nonebot | OneBot V11 3042447114 | [notice.group_recall]: {'time': 1740786493, 'self_id': 3042447114, 'post_type': 'notice', 'notice_type': 'group_recall', 'user_id': 1960735950, 'group_id': 392644938, 'operator_id': 1960735950, 'message_id': 2070057410}
03-01 07:48:13 [INFO] nonebot | Event will be handled by Matcher(type='notice', module=zhenxun.plugins.zhenxun_plugin_draw_painting, lineno=61)
03-01 07:48:13 [INFO] nonebot | Event will be handled by Matcher(type='notice', module=zhenxun.plugins.zhenxun_plugin_draw_painting, lineno=62)
03-01 07:48:13 [INFO] nonebot | Event will be handled by Matcher(type='notice', module=zhenxun.plugins.monitor, lineno=18)
03-01 07:48:13 [INFO] nonebot | Event will be handled by Matcher(type='notice', module=zhenxun.plugins.monitor, lineno=19)
03-01 07:48:13 [INFO] nonebot | Event will be handled by Matcher(type='notice', module=zhenxun.plugins.monitor, lineno=20)
03-01 07:48:13 [INFO] nonebot | Matcher(type='notice', module=zhenxun.plugins.monitor, lineno=19) running complete
03-01 07:48:13 [INFO] nonebot | Matcher(type='notice', module=zhenxun.plugins.monitor, lineno=18) running complete
03-01 07:48:13 [INFO] nonebot | Matcher(type='notice', module=zhenxun.plugins.zhenxun_plugin_draw_painting, lineno=62) running complete
03-01 07:48:13 [INFO] nonebot | Matcher(type='notice', module=zhenxun.plugins.monitor, lineno=20) running complete
03-01 07:48:13 [INFO] nonebot | Matcher(type='notice', module=zhenxun.plugins.zhenxun_plugin_draw_painting, lineno=61) running complete
03-01 07:48:22 [SUCCESS] nonebot | OneBot V11 3042447114 | [message.group.normal]: Message 1349663617 from 1960735950@[群:392644938] '写了个三期宝玉的8t通解'
03-01 07:48:22 [INFO] nonebot | Event will be handled by Matcher(type='message', module=zhenxun.builtin_plugins.chat_history.chat_message, lineno=39)
03-01 07:48:22 [INFO] nonebot | Matcher(type='message', module=zhenxun.builtin_plugins.chat_history.chat_message, lineno=39) running complete
03-01 07:48:33 [SUCCESS] nonebot | OneBot V11 3042447114 | [message.group.normal]: Message 1676405017 from 1960735950@[群:392644938] '还是三带三的'
03-01 07:48:33 [INFO] nonebot | Event will be handled by Matcher(type='message', module=zhenxun.builtin_plugins.chat_history.chat_message, lineno=39)
03-01 07:48:33 [INFO] nonebot | Matcher(type='message', module=zhenxun.builtin_plugins.chat_history.chat_message, lineno=39) running complete
03-01 07:49:41 [SUCCESS] nonebot | OneBot V11 3042447114 | [message.group.normal]: Message 1328181090 from 3164670023@[群:864523321] '[image:summary=[动画表情],file=D3C9E4B252727791C4DE8D452A16D5D0.jpg,sub_type=1,url=https://multimedia.nt.qq.com.cn/download?appid=1407&fileid=EhRO1VSv...,file_size=52277]'
03-01 07:49:41 [INFO] nonebot | Event will be handled by Matcher(type='message', module=zhenxun.builtin_plugins.chat_history.chat_message, lineno=39)
03-01 07:49:41 [INFO] nonebot | Matcher(type='message', module=zhenxun.builtin_plugins.chat_history.chat_message, lineno=39) running complete
03-01 07:49:52 [SUCCESS] nonebot | OneBot V11 3042447114 | [message.group.normal]: Message 853975333 from 527600716@[群:245810894] '[image:summary=[动画表情],file=213E1DD3FFB007CF8A7F219EA6A5673B.jpg,sub_type=1,url=https://multimedia.nt.qq.com.cn/download?appid=1407&fileid=EhSaVZA1...,file_size=98363]'
03-01 07:49:52 [INFO] nonebot | Event will be handled by Matcher(type='message', module=zhenxun.builtin_plugins.chat_history.chat_message, lineno=39)
03-01 07:49:52 [INFO] nonebot | Matcher(type='message', module=zhenxun.builtin_plugins.chat_history.chat_message, lineno=39) running complete
03-01 07:52:09 [SUCCESS] nonebot | OneBot V11 3042447114 | [message.group.normal]: Message 1506929222 from 1565873274@[群:645741432] '[image:summary=[动画表情],file=890E9B48A89D09C8117CA1628BCD256F.jpg,sub_type=1,url=https://multimedia.nt.qq.com.cn/download?appid=1407&fileid=EhTwwC1U...,file_size=123672]'
03-01 07:52:09 [INFO] nonebot | Event will be handled by Matcher(type='message', module=zhenxun.builtin_plugins.chat_history.chat_message, lineno=39)
03-01 07:52:09 [INFO] nonebot | Matcher(type='message', module=zhenxun.builtin_plugins.chat_history.chat_message, lineno=39) running complete
03-01 07:52:29 [SUCCESS] nonebot | OneBot V11 3042447114 | [message.group.normal]: Message 175239820 from 527600716@[群:245810894] '[at:qq=3205414709]如果有空给录个世界boss视频看看，感觉我打的不行。'
03-01 07:52:29 [INFO] nonebot | Event will be handled by Matcher(type='message', module=zhenxun.builtin_plugins.chat_history.chat_message, lineno=39)
03-01 07:52:29 [INFO] nonebot | Matcher(type='message', module=zhenxun.builtin_plugins.chat_history.chat_message, lineno=39) running complete
03-01 07:52:46 [SUCCESS] nonebot | OneBot V11 3042447114 | [message.group.normal]: Message 152228388 from 527600716@[群:245810894] '或者有没有外国佬的轴'
03-01 07:52:46 [INFO] nonebot | Event will be handled by Matcher(type='message', module=zhenxun.builtin_plugins.chat_history.chat_message, lineno=39)
03-01 07:52:46 [INFO] nonebot | Matcher(type='message', module=zhenxun.builtin_plugins.chat_history.chat_message, lineno=39) running complete
03-01 07:53:41 [SUCCESS] nonebot | OneBot V11 3042447114 | [message.group.normal]: Message 413907220 from 3420224707@[群:645741432] '周六还要上班的群友早上好'
03-01 07:53:41 [INFO] nonebot | Event will be handled by Matcher(type='message', module=zhenxun.builtin_plugins.chat_history.chat_message, lineno=39)
03-01 07:53:41 [INFO] nonebot | Matcher(type='message', module=zhenxun.builtin_plugins.chat_history.chat_message, lineno=39) running complete
03-01 07:54:01 [SUCCESS] nonebot | OneBot V11 3042447114 | [message.group.normal]: Message 1875733572 from 3420224707@[群:645741432] '室友去爬黄山了'
03-01 07:54:01 [INFO] nonebot | Event will be handled by Matcher(type='message', module=zhenxun.builtin_plugins.chat_history.chat_message, lineno=39)
03-01 07:54:01 [INFO] nonebot | Matcher(type='message', module=zhenxun.builtin_plugins.chat_history.chat_message, lineno=39) running complete
03-01 07:54:03 [SUCCESS] nonebot | OneBot V11 3042447114 | [message.group.normal]: Message 828568398 from 3420224707@[群:645741432] '[image:summary=这张色图怎么样[图片],file=7206B4DF684E50CFB3918EE635F25EE8.jpg,sub_type=0,url=https://multimedia.nt.qq.com.cn/download?appid=1407&fileid=EhQ6a--i...,file_size=199847]'
03-01 07:54:03 [INFO] nonebot | Event will be handled by Matcher(type='message', module=zhenxun.builtin_plugins.chat_history.chat_message, lineno=39)
03-01 07:54:03 [INFO] nonebot | Matcher(type='message', module=zhenxun.builtin_plugins.chat_history.chat_message, lineno=39) running complete
03-01 07:54:28 [SUCCESS] nonebot | OneBot V11 3042447114 | [message.group.normal]: Message 1704124163 from 527600716@[群:245810894] '[image:summary=[动画表情],file=055F4EE8739D50332F8070EE70F2081F.jpg,sub_type=1,url=https://multimedia.nt.qq.com.cn/download?appid=1407&fileid=EhRPGBbx...,file_size=392113]'
03-01 07:54:28 [INFO] nonebot | Event will be handled by Matcher(type='message', module=zhenxun.builtin_plugins.chat_history.chat_message, lineno=39)
03-01 07:54:28 [INFO] nonebot | Matcher(type='message', module=zhenxun.builtin_plugins.chat_history.chat_message, lineno=39) running complete
03-01 07:54:50 [SUCCESS] nonebot | OneBot V11 3042447114 | [message.group.normal]: Message 698423123 from 3205414709@[群:245810894] '没有去'
03-01 07:54:50 [INFO] nonebot | Event will be handled by Matcher(type='message', module=zhenxun.builtin_plugins.chat_history.chat_message, lineno=39)
03-01 07:54:50 [INFO] nonebot | Matcher(type='message', module=zhenxun.builtin_plugins.chat_history.chat_message, lineno=39) running complete
03-01 07:54:54 [SUCCESS] nonebot | OneBot V11 3042447114 | [message.group.normal]: Message 336368143 from 3205414709@[群:245810894] '[image:summary=[动画表情],file=A1DDB4BBA94F4BC66C09251898C3C405.jpg,sub_type=1,url=https://multimedia.nt.qq.com.cn/download?appid=1407&fileid=EhRsPvWO...,file_size=9378]'
03-01 07:54:54 [INFO] nonebot | Event will be handled by Matcher(type='message', module=zhenxun.builtin_plugins.chat_history.chat_message, lineno=39)
03-01 07:54:54 [INFO] nonebot | Matcher(type='message', module=zhenxun.builtin_plugins.chat_history.chat_message, lineno=39) running complete
03-01 07:54:59 [SUCCESS] nonebot | OneBot V11 3042447114 | [message.group.normal]: Message 2108792934 from 2861058110@[群:1032235226] '[at:qq=821923589] 累了'
03-01 07:54:59 [INFO] nonebot | Event will be handled by Matcher(type='message', module=zhenxun.builtin_plugins.chat_history.chat_message, lineno=39)
03-01 07:54:59 [INFO] nonebot | Matcher(type='message', module=zhenxun.builtin_plugins.chat_history.chat_message, lineno=39) running complete
03-01 07:55:14 [SUCCESS] nonebot | OneBot V11 3042447114 | [message.group.normal]: Message 1879690933 from 1146765051@[群:645741432] '？'
03-01 07:55:14 [INFO] nonebot | Event will be handled by Matcher(type='message', module=zhenxun.builtin_plugins.chat_history.chat_message, lineno=39)
03-01 07:55:14 [INFO] nonebot | Matcher(type='message', module=zhenxun.builtin_plugins.chat_history.chat_message, lineno=39) running complete
03-01 07:55:15 [SUCCESS] nonebot | OneBot V11 3042447114 | [message.group.normal]: Message 1505766584 from 1146765051@[群:645741432] '我明明'
03-01 07:55:15 [INFO] nonebot | Event will be handled by Matcher(type='message', module=zhenxun.builtin_plugins.chat_history.chat_message, lineno=39)
03-01 07:55:15 [INFO] nonebot | Matcher(type='message', module=zhenxun.builtin_plugins.chat_history.chat_message, lineno=39) running complete
03-01 07:55:30 [SUCCESS] nonebot | OneBot V11 3042447114 | [message.group.normal]: Message 1526345150 from 3205414709@[群:245810894] '我打的太菜了[at:qq=527600716]'
03-01 07:55:30 [INFO] nonebot | Event will be handled by Matcher(type='message', module=zhenxun.builtin_plugins.chat_history.chat_message, lineno=39)
03-01 07:55:30 [INFO] nonebot | Matcher(type='message', module=zhenxun.builtin_plugins.chat_history.chat_message, lineno=39) running complete
03-01 07:55:31 [SUCCESS] nonebot | OneBot V11 3042447114 | [message.group.normal]: Message 157917368 from 3205414709@[群:245810894] '[image:summary=[动画表情],file=A1DDB4BBA94F4BC66C09251898C3C405.jpg,sub_type=1,url=https://multimedia.nt.qq.com.cn/download?appid=1407&fileid=EhRsPvWO...,file_size=9378]'
03-01 07:55:31 [INFO] nonebot | Event will be handled by Matcher(type='message', module=zhenxun.builtin_plugins.chat_history.chat_message, lineno=39)
03-01 07:55:31 [INFO] nonebot | Matcher(type='message', module=zhenxun.builtin_plugins.chat_history.chat_message, lineno=39) running complete
03-01 07:55:49 [SUCCESS] nonebot | OneBot V11 3042447114 | [message.group.normal]: Message 271642012 from 1146765051@[群:645741432] '是看到了这张色图怎么样才点进来的'
03-01 07:55:49 [INFO] nonebot | Event will be handled by Matcher(type='message', module=zhenxun.builtin_plugins.chat_history.chat_message, lineno=39)
03-01 07:55:49 [INFO] nonebot | Matcher(type='message', module=zhenxun.builtin_plugins.chat_history.chat_message, lineno=39) running complete
03-01 07:55:53 [SUCCESS] nonebot | OneBot V11 3042447114 | [message.group.normal]: Message 1111153847 from 1146765051@[群:645741432] '色图呢'
03-01 07:55:53 [INFO] nonebot | Event will be handled by Matcher(type='message', module=zhenxun.builtin_plugins.chat_history.chat_message, lineno=39)
03-01 07:55:53 [INFO] nonebot | Matcher(type='message', module=zhenxun.builtin_plugins.chat_history.chat_message, lineno=39) running complete
03-01 07:56:05 [SUCCESS] nonebot | OneBot V11 3042447114 | [message.group.normal]: Message 1642433946 from 527600716@[群:245810894] '[image:summary=[动画表情],file=358FB71DE00E0A8847F08475CB668070.png,sub_type=1,url=https://multimedia.nt.qq.com.cn/download?appid=1407&fileid=EhR8Z1Jj...,file_size=3146]'
03-01 07:56:05 [INFO] nonebot | Event will be handled by Matcher(type='message', module=zhenxun.builtin_plugins.chat_history.chat_message, lineno=39)
03-01 07:56:05 [INFO] nonebot | Matcher(type='message', module=zhenxun.builtin_plugins.chat_history.chat_message, lineno=39) running complete
03-01 07:56:09 [ERROR] zhenxun | 清理日常签到图片数据数据失败... || 错误 <class 'FileNotFoundError'>: [Errno 2] No such file or directory: 'resources/image/sign/today_card'
03-01 07:56:33 [SUCCESS] nonebot | OneBot V11 3042447114 | [message.group.normal]: Message 1565244028 from 870951896@[群:645741432] '色图呢'
03-01 07:56:33 [INFO] nonebot | Event will be handled by Matcher(type='message', module=zhenxun.builtin_plugins.chat_history.chat_message, lineno=39)
03-01 07:56:33 [INFO] nonebot | Matcher(type='message', module=zhenxun.builtin_plugins.chat_history.chat_message, lineno=39) running complete
03-01 07:56:42 [SUCCESS] nonebot | OneBot V11 3042447114 | [message.group.normal]: Message 904962316 from 1653536628@[群:392644938] '三期有好用的宝玉吗'
03-01 07:56:42 [INFO] nonebot | Event will be handled by Matcher(type='message', module=zhenxun.builtin_plugins.chat_history.chat_message, lineno=39)
03-01 07:56:42 [INFO] nonebot | Matcher(type='message', module=zhenxun.builtin_plugins.chat_history.chat_message, lineno=39) running complete
03-01 07:56:45 [SUCCESS] nonebot | OneBot V11 3042447114 | [message.group.normal]: Message 915083193 from 3420224707@[群:645741432] '色图呢'
03-01 07:56:45 [INFO] nonebot | Event will be handled by Matcher(type='message', module=zhenxun.builtin_plugins.chat_history.chat_message, lineno=39)
03-01 07:56:45 [INFO] nonebot | Matcher(type='message', module=zhenxun.builtin_plugins.chat_history.chat_message, lineno=39) running complete
03-01 07:56:48 [SUCCESS] nonebot | OneBot V11 3042447114 | [message.group.normal]: Message 1264718944 from 527600716@[群:245810894] '[image:summary=[动画表情],file=4737112FC3F6B7B33E3FCD2757FD8FA3.png,sub_type=1,url=https://multimedia.nt.qq.com.cn/download?appid=1407&fileid=EhQWnkxK...,file_size=1359541]'
03-01 07:56:48 [INFO] nonebot | Event will be handled by Matcher(type='message', module=zhenxun.builtin_plugins.chat_history.chat_message, lineno=39)
03-01 07:56:48 [INFO] nonebot | Matcher(type='message', module=zhenxun.builtin_plugins.chat_history.chat_message, lineno=39) running complete
03-01 07:57:22 [SUCCESS] nonebot | OneBot V11 3042447114 | [message.group.normal]: Message 2080133677 from 527600716@[群:245810894] '[image:summary=[动画表情],file=C5CA8BCC784198CBD5E8596FFD0BAD65.png,sub_type=1,url=https://multimedia.nt.qq.com.cn/download?appid=1407&fileid=EhSyKlZS...,file_size=32724]'
03-01 07:57:22 [INFO] nonebot | Event will be handled by Matcher(type='message', module=zhenxun.builtin_plugins.chat_history.chat_message, lineno=39)
03-01 07:57:22 [INFO] nonebot | Matcher(type='message', module=zhenxun.builtin_plugins.chat_history.chat_message, lineno=39) running complete
03-01 07:57:28 [SUCCESS] nonebot | OneBot V11 3042447114 | [message.group.normal]: Message 745317779 from 1653536628@[群:392644938] '哦国服还没到三期'
03-01 07:57:28 [INFO] nonebot | Event will be handled by Matcher(type='message', module=zhenxun.builtin_plugins.chat_history.chat_message, lineno=39)
03-01 07:57:28 [INFO] nonebot | Matcher(type='message', module=zhenxun.builtin_plugins.chat_history.chat_message, lineno=39) running complete
03-01 07:58:11 [SUCCESS] nonebot | OneBot V11 3042447114 | [message.group.normal]: Message 797397390 from 1653536628@[群:392644938] '一期拿了暴击和od，二期拿了sp'
03-01 07:58:11 [INFO] nonebot | Event will be handled by Matcher(type='message', module=zhenxun.builtin_plugins.chat_history.chat_message, lineno=39)
03-01 07:58:11 [INFO] nonebot | Matcher(type='message', module=zhenxun.builtin_plugins.chat_history.chat_message, lineno=39) running complete
03-01 07:58:19 [SUCCESS] nonebot | OneBot V11 3042447114 | [message.group.normal]: Message 485642611 from 1653536628@[群:392644938] '剩下的都没碰'
03-01 07:58:19 [INFO] nonebot | Event will be handled by Matcher(type='message', module=zhenxun.builtin_plugins.chat_history.chat_message, lineno=39)
03-01 07:58:19 [INFO] nonebot | Matcher(type='message', module=zhenxun.builtin_plugins.chat_history.chat_message, lineno=39) running complete
03-01 08:00:02 [SUCCESS] nonebot | OneBot V11 3042447114 | [message.group.normal]: Message 1748335210 from 208469464@[群:707984972] '[image:summary=[图片],file=e940454daf2cd7f4e7bd1dfda9b0fc95.webp,sub_type=0,url=https://multimedia.nt.qq.com.cn/download?appid=1407&fileid=EhSgGRMY...,file_size=6258]'
03-01 08:00:02 [INFO] nonebot | Event will be handled by Matcher(type='message', module=zhenxun.builtin_plugins.chat_history.chat_message, lineno=39)
03-01 08:00:02 [INFO] nonebot | Matcher(type='message', module=zhenxun.builtin_plugins.chat_history.chat_message, lineno=39) running complete
03-01 08:02:00 [SUCCESS] nonebot | OneBot V11 3042447114 | [message.group.normal]: Message 389033076 from 2210889159@[群:245810894] '[image:summary=[动画表情],file=3D19BED86035C21AF4A15CE0BDE7274B.jpg,sub_type=1,url=https://multimedia.nt.qq.com.cn/download?appid=1407&fileid=EhQqvjJO...,file_size=44319]'
03-01 08:02:00 [INFO] nonebot | Event will be handled by Matcher(type='message', module=zhenxun.builtin_plugins.chat_history.chat_message, lineno=39)
03-01 08:02:00 [INFO] nonebot | Matcher(type='message', module=zhenxun.builtin_plugins.chat_history.chat_message, lineno=39) running complete
03-01 08:02:31 [SUCCESS] nonebot | OneBot V11 3042447114 | [message.group.normal]: Message 1577711772 from 821923589@[群:1032235226] '睡觉'
03-01 08:02:31 [INFO] nonebot | Event will be handled by Matcher(type='message', module=zhenxun.builtin_plugins.chat_history.chat_message, lineno=39)
03-01 08:02:31 [INFO] nonebot | Matcher(type='message', module=zhenxun.builtin_plugins.chat_history.chat_message, lineno=39) running complete
03-01 08:02:39 [SUCCESS] nonebot | OneBot V11 3042447114 | [message.group.normal]: Message 848002181 from 393045366@[群:392644938] '没记错好像要给月歌刷三个宝玉熟练度'
03-01 08:02:39 [INFO] nonebot | Event will be handled by Matcher(type='message', module=zhenxun.builtin_plugins.chat_history.chat_message, lineno=39)
03-01 08:02:39 [INFO] nonebot | Matcher(type='message', module=zhenxun.builtin_plugins.chat_history.chat_message, lineno=39) running complete
03-01 08:02:46 [SUCCESS] nonebot | OneBot V11 3042447114 | [message.group.normal]: Message 1806243937 from 821923589@[群:1032235226] '[image:summary=[贴紧],file=98-981aa7b6db32bafb8621cb2f72078476.gif,url=https://gxh.vip.qq.com/club/item/parcel/item/98/981aa7b6db32bafb862...,key=104b94ddcc5b6a47,emoji_id=981aa7b6db32bafb8621cb2f72078476,emoji_package_id=241672]'
03-01 08:02:46 [INFO] nonebot | Event will be handled by Matcher(type='message', module=zhenxun.builtin_plugins.chat_history.chat_message, lineno=39)
03-01 08:02:46 [INFO] nonebot | Matcher(type='message', module=zhenxun.builtin_plugins.chat_history.chat_message, lineno=39) running complete
03-01 08:03:51 [SUCCESS] nonebot | OneBot V11 3042447114 | [message.group.normal]: Message 425718764 from 2171767615@[群:392644938] '[image:summary=[动画表情],file=BF367225F945F29F2639D438709D7D9A.jpg,sub_type=1,url=https://multimedia.nt.qq.com.cn/download?appid=1407&fileid=EhSRIKCm...,file_size=71518]'
03-01 08:03:51 [INFO] nonebot | Event will be handled by Matcher(type='message', module=zhenxun.builtin_plugins.chat_history.chat_message, lineno=39)
03-01 08:03:51 [INFO] nonebot | Matcher(type='message', module=zhenxun.builtin_plugins.chat_history.chat_message, lineno=39) running complete
03-01 08:03:52 [SUCCESS] nonebot | OneBot V11 3042447114 | [message.group.normal]: Message 631305470 from 312745956@[群:550150804] '只给露丝一个人穿了装备，一挑五'
03-01 08:03:52 [INFO] nonebot | Event will be handled by Matcher(type='message', module=zhenxun.builtin_plugins.chat_history.chat_message, lineno=39)
03-01 08:03:52 [INFO] nonebot | Matcher(type='message', module=zhenxun.builtin_plugins.chat_history.chat_message, lineno=39) running complete
03-01 08:03:52 [SUCCESS] nonebot | OneBot V11 3042447114 | [message.group.normal]: Message 443150774 from 312745956@[群:550150804] '[video:file=d4a6789288bedb8dacafb5ee65d13c61.mp4,url=https://multimedia.nt.qq.com.cn:443/download?appid=1415&format=orig...,file_size=12011848]'
03-01 08:03:52 [INFO] nonebot | Event will be handled by Matcher(type='message', module=zhenxun.builtin_plugins.chat_history.chat_message, lineno=39)
03-01 08:03:52 [INFO] nonebot | Matcher(type='message', module=zhenxun.builtin_plugins.chat_history.chat_message, lineno=39) running complete
03-01 08:03:54 [SUCCESS] nonebot | OneBot V11 3042447114 | [message.group.normal]: Message 2129994483 from 1243797902@[群:645741432] '［色图］'
03-01 08:03:54 [INFO] nonebot | Event will be handled by Matcher(type='message', module=zhenxun.builtin_plugins.chat_history.chat_message, lineno=39)
03-01 08:03:54 [INFO] nonebot | Matcher(type='message', module=zhenxun.builtin_plugins.chat_history.chat_message, lineno=39) running complete
03-01 08:05:26 [SUCCESS] nonebot | OneBot V11 3042447114 | [message.group.normal]: Message 1442019557 from 1960735950@[群:392644938] '三期宝玉也是三周年才加强后，需要刷熟练度的'
03-01 08:05:26 [INFO] nonebot | Event will be handled by Matcher(type='message', module=zhenxun.builtin_plugins.chat_history.chat_message, lineno=39)
03-01 08:05:26 [INFO] nonebot | Matcher(type='message', module=zhenxun.builtin_plugins.chat_history.chat_message, lineno=39) running complete
03-01 08:05:33 [SUCCESS] nonebot | OneBot V11 3042447114 | [message.group.normal]: Message 1400619710 from 1960735950@[群:392644938] 'fw猪川，这都不知道'
03-01 08:05:33 [INFO] nonebot | Event will be handled by Matcher(type='message', module=zhenxun.builtin_plugins.chat_history.chat_message, lineno=39)
03-01 08:05:33 [INFO] nonebot | Matcher(type='message', module=zhenxun.builtin_plugins.chat_history.chat_message, lineno=39) running complete
03-01 08:06:21 [SUCCESS] nonebot | OneBot V11 3042447114 | [message.group.normal]: Message 1556556415 from 1830683087@[群:308422658] '[reply:id=1643483795][at:qq=1355363221] 怪物猎人 荒野'
03-01 08:06:21 [INFO] nonebot | Event will be handled by Matcher(type='message', module=zhenxun.builtin_plugins.chat_history.chat_message, lineno=39)
03-01 08:06:21 [INFO] nonebot | Matcher(type='message', module=zhenxun.builtin_plugins.chat_history.chat_message, lineno=39) running complete
03-01 08:07:53 [SUCCESS] nonebot | OneBot V11 3042447114 | [message.group.normal]: Message 868263825 from 393045366@[群:392644938] '[image:summary=[no],file=1b-1bfb4d9c91fc0fdf923a96348b7aebb6.gif,url=https://gxh.vip.qq.com/club/item/parcel/item/1b/1bfb4d9c91fc0fdf923...,key=07ec43967090e3d2,emoji_id=1bfb4d9c91fc0fdf923a96348b7aebb6,emoji_package_id=198770]'
03-01 08:07:53 [INFO] nonebot | Event will be handled by Matcher(type='message', module=zhenxun.builtin_plugins.chat_history.chat_message, lineno=39)
03-01 08:07:53 [INFO] nonebot | Matcher(type='message', module=zhenxun.builtin_plugins.chat_history.chat_message, lineno=39) running complete
03-01 08:08:00 [SUCCESS] nonebot | OneBot V11 3042447114 | [message.group.normal]: Message 336961112 from 393045366@[群:392644938] '我怎么知道这么多'
03-01 08:08:00 [INFO] nonebot | Event will be handled by Matcher(type='message', module=zhenxun.builtin_plugins.chat_history.chat_message, lineno=39)
03-01 08:08:00 [INFO] nonebot | Matcher(type='message', module=zhenxun.builtin_plugins.chat_history.chat_message, lineno=39) running complete
03-01 08:08:02 [SUCCESS] nonebot | OneBot V11 3042447114 | [message.group.normal]: Message 553597683 from 393045366@[群:392644938] '[image:summary=[打你],file=ed-ed5654f733687e4728bd6cc059af9de7.gif,url=https://gxh.vip.qq.com/club/item/parcel/item/ed/ed5654f733687e4728b...,key=33403a70dead0d5d,emoji_id=ed5654f733687e4728bd6cc059af9de7,emoji_package_id=201312]'
03-01 08:08:02 [INFO] nonebot | Event will be handled by Matcher(type='message', module=zhenxun.builtin_plugins.chat_history.chat_message, lineno=39)
03-01 08:08:02 [INFO] nonebot | Matcher(type='message', module=zhenxun.builtin_plugins.chat_history.chat_message, lineno=39) running complete
03-01 08:08:12 [SUCCESS] nonebot | OneBot V11 3042447114 | [message.group.normal]: Message 964445034 from 393045366@[群:392644938] '明天必得'
03-01 08:08:12 [INFO] nonebot | Event will be handled by Matcher(type='message', module=zhenxun.builtin_plugins.chat_history.chat_message, lineno=39)
03-01 08:08:12 [INFO] nonebot | Matcher(type='message', module=zhenxun.builtin_plugins.chat_history.chat_message, lineno=39) running complete
03-01 08:08:19 [SUCCESS] nonebot | OneBot V11 3042447114 | [message.group.normal]: Message 1662961549 from 393045366@[群:392644938] '[image:summary=,file=90BACB86D03F25B5095FD561F48F1D6A.jpg,sub_type=0,url=https://multimedia.nt.qq.com.cn/download?appid=1407&fileid=EhTgr-Cz...,file_size=2143695]'
03-01 08:08:19 [INFO] nonebot | Event will be handled by Matcher(type='message', module=zhenxun.builtin_plugins.chat_history.chat_message, lineno=39)
03-01 08:08:19 [INFO] nonebot | Matcher(type='message', module=zhenxun.builtin_plugins.chat_history.chat_message, lineno=39) running complete
03-01 08:08:22 [SUCCESS] nonebot | OneBot V11 3042447114 | [message.group.normal]: Message 1608026424 from 393045366@[群:392644938] '看我白嫖'
03-01 08:08:22 [INFO] nonebot | Event will be handled by Matcher(type='message', module=zhenxun.builtin_plugins.chat_history.chat_message, lineno=39)
03-01 08:08:22 [INFO] nonebot | Matcher(type='message', module=zhenxun.builtin_plugins.chat_history.chat_message, lineno=39) running complete
03-01 08:08:22 [SUCCESS] nonebot | OneBot V11 3042447114 | [message.group.normal]: Message 1061363433 from 365103469@[群:645741432] '骚辣酱还真的没反应了'
03-01 08:08:23 [INFO] nonebot | Event will be handled by Matcher(type='message', module=zhenxun.builtin_plugins.chat_history.chat_message, lineno=39)
03-01 08:08:23 [INFO] nonebot | Matcher(type='message', module=zhenxun.builtin_plugins.chat_history.chat_message, lineno=39) running complete
03-01 08:08:28 [SUCCESS] nonebot | OneBot V11 3042447114 | [message.group.normal]: Message 223575771 from 365103469@[群:645741432] "退游了啊[face:id=277,raw={'faceIndex': 277, 'faceText': '/汪汪', 'faceType': 2, 'packId': None...]"
03-01 08:08:28 [INFO] nonebot | Event will be handled by Matcher(type='message', module=zhenxun.builtin_plugins.chat_history.chat_message, lineno=39)
03-01 08:08:28 [INFO] nonebot | Matcher(type='message', module=zhenxun.builtin_plugins.chat_history.chat_message, lineno=39) running complete
03-01 08:08:38 [SUCCESS] nonebot | OneBot V11 3042447114 | [message.group.normal]: Message 2080821618 from 393045366@[群:392644938] '[image:summary=,file=A37BF9E9E063E05DBC31362556CA2D5F.jpg,sub_type=0,url=https://multimedia.nt.qq.com.cn/download?appid=1407&fileid=EhR0glkR...,file_size=1793429]'
03-01 08:08:39 [INFO] nonebot | Event will be handled by Matcher(type='message', module=zhenxun.builtin_plugins.chat_history.chat_message, lineno=39)
03-01 08:08:39 [INFO] nonebot | Matcher(type='message', module=zhenxun.builtin_plugins.chat_history.chat_message, lineno=39) running complete
03-01 08:08:40 [SUCCESS] nonebot | OneBot V11 3042447114 | [notice.group_recall]: {'time': 1740787719, 'self_id': 3042447114, 'post_type': 'notice', 'notice_type': 'group_recall', 'user_id': 393045366, 'group_id': 392644938, 'operator_id': 393045366, 'message_id': 1662961549}
03-01 08:08:40 [INFO] nonebot | Event will be handled by Matcher(type='notice', module=zhenxun.plugins.zhenxun_plugin_draw_painting, lineno=61)
03-01 08:08:40 [INFO] nonebot | Event will be handled by Matcher(type='notice', module=zhenxun.plugins.zhenxun_plugin_draw_painting, lineno=62)
03-01 08:08:40 [INFO] nonebot | Event will be handled by Matcher(type='notice', module=zhenxun.plugins.monitor, lineno=18)
03-01 08:08:40 [INFO] nonebot | Event will be handled by Matcher(type='notice', module=zhenxun.plugins.monitor, lineno=19)
03-01 08:08:40 [INFO] nonebot | Event will be handled by Matcher(type='notice', module=zhenxun.plugins.monitor, lineno=20)
03-01 08:08:40 [INFO] nonebot | Matcher(type='notice', module=zhenxun.plugins.zhenxun_plugin_draw_painting, lineno=61) running complete
03-01 08:08:40 [INFO] nonebot | Matcher(type='notice', module=zhenxun.plugins.monitor, lineno=18) running complete
03-01 08:08:40 [INFO] nonebot | Matcher(type='notice', module=zhenxun.plugins.monitor, lineno=19) running complete
03-01 08:08:40 [INFO] nonebot | Matcher(type='notice', module=zhenxun.plugins.zhenxun_plugin_draw_painting, lineno=62) running complete
03-01 08:08:40 [INFO] nonebot | Matcher(type='notice', module=zhenxun.plugins.monitor, lineno=20) running complete
03-01 08:08:49 [SUCCESS] nonebot | OneBot V11 3042447114 | [message.group.normal]: Message 548096990 from 1653536628@[群:392644938] '不信'
03-01 08:08:49 [INFO] nonebot | Event will be handled by Matcher(type='message', module=zhenxun.builtin_plugins.chat_history.chat_message, lineno=39)
03-01 08:08:49 [INFO] nonebot | Matcher(type='message', module=zhenxun.builtin_plugins.chat_history.chat_message, lineno=39) running complete
03-01 08:09:31 [SUCCESS] nonebot | OneBot V11 3042447114 | [message.group.normal]: Message 71596542 from 393045366@[群:392644938] '肯定是怪物猎人问题'
03-01 08:09:31 [INFO] nonebot | Event will be handled by Matcher(type='message', module=zhenxun.builtin_plugins.chat_history.chat_message, lineno=39)
03-01 08:09:31 [INFO] nonebot | Matcher(type='message', module=zhenxun.builtin_plugins.chat_history.chat_message, lineno=39) running complete
03-01 08:09:42 [SUCCESS] nonebot | OneBot V11 3042447114 | [message.group.normal]: Message 1808579128 from 393045366@[群:392644938] 'tm，余额不好倒了'
03-01 08:09:42 [INFO] nonebot | Event will be handled by Matcher(type='message', module=zhenxun.builtin_plugins.chat_history.chat_message, lineno=39)
03-01 08:09:42 [INFO] nonebot | Matcher(type='message', module=zhenxun.builtin_plugins.chat_history.chat_message, lineno=39) running complete
03-01 08:10:01 [SUCCESS] nonebot | OneBot V11 3042447114 | [message.group.normal]: Message 233261929 from 393045366@[群:392644938] '[image:summary=,file=F7B812A6662ACDE89AEC58B61A934061.jpg,sub_type=0,url=https://multimedia.nt.qq.com.cn/download?appid=1407&fileid=EhSOF-ZU...,file_size=1973930]'
03-01 08:10:01 [INFO] nonebot | Event will be handled by Matcher(type='message', module=zhenxun.builtin_plugins.chat_history.chat_message, lineno=39)
03-01 08:10:01 [INFO] nonebot | Matcher(type='message', module=zhenxun.builtin_plugins.chat_history.chat_message, lineno=39) running complete
03-01 08:10:06 [SUCCESS] nonebot | OneBot V11 3042447114 | [message.group.normal]: Message 508107307 from 393045366@[群:392644938] '明天我直接白嫖这两个'
03-01 08:10:06 [INFO] nonebot | Event will be handled by Matcher(type='message', module=zhenxun.builtin_plugins.chat_history.chat_message, lineno=39)
03-01 08:10:06 [INFO] nonebot | Matcher(type='message', module=zhenxun.builtin_plugins.chat_history.chat_message, lineno=39) running complete
03-01 08:10:08 [SUCCESS] nonebot | OneBot V11 3042447114 | [message.group.normal]: Message 996473481 from 393045366@[群:392644938] '[image:summary=[no],file=1b-1bfb4d9c91fc0fdf923a96348b7aebb6.gif,url=https://gxh.vip.qq.com/club/item/parcel/item/1b/1bfb4d9c91fc0fdf923...,key=07ec43967090e3d2,emoji_id=1bfb4d9c91fc0fdf923a96348b7aebb6,emoji_package_id=198770]'
03-01 08:10:08 [INFO] nonebot | Event will be handled by Matcher(type='message', module=zhenxun.builtin_plugins.chat_history.chat_message, lineno=39)
03-01 08:10:08 [INFO] nonebot | Matcher(type='message', module=zhenxun.builtin_plugins.chat_history.chat_message, lineno=39) running complete
03-01 08:10:17 [SUCCESS] nonebot | OneBot V11 3042447114 | [message.group.normal]: Message 820949248 from 2171767615@[群:392644938] '想多了'
03-01 08:10:17 [INFO] nonebot | Event will be handled by Matcher(type='message', module=zhenxun.builtin_plugins.chat_history.chat_message, lineno=39)
03-01 08:10:17 [INFO] nonebot | Matcher(type='message', module=zhenxun.builtin_plugins.chat_history.chat_message, lineno=39) running complete
03-01 08:10:28 [SUCCESS] nonebot | OneBot V11 3042447114 | [message.group.normal]: Message 830388373 from 1243797902@[群:645741432] '去dc骂他两句看看会不会扣1复活'
03-01 08:10:28 [INFO] nonebot | Event will be handled by Matcher(type='message', module=zhenxun.builtin_plugins.chat_history.chat_message, lineno=39)
03-01 08:10:28 [INFO] nonebot | Matcher(type='message', module=zhenxun.builtin_plugins.chat_history.chat_message, lineno=39) running complete
03-01 08:10:39 [SUCCESS] nonebot | OneBot V11 3042447114 | [message.group.normal]: Message 120902903 from 1653536628@[群:392644938] '[at:qq=2171767615]'
03-01 08:10:39 [INFO] nonebot | Event will be handled by Matcher(type='message', module=zhenxun.builtin_plugins.chat_history.chat_message, lineno=39)
03-01 08:10:39 [INFO] nonebot | Matcher(type='message', module=zhenxun.builtin_plugins.chat_history.chat_message, lineno=39) running complete
03-01 08:10:40 [SUCCESS] nonebot | OneBot V11 3042447114 | [message.group.normal]: Message 21726198 from 365103469@[群:645741432] '没必要'
03-01 08:10:40 [INFO] nonebot | Event will be handled by Matcher(type='message', module=zhenxun.builtin_plugins.chat_history.chat_message, lineno=39)
03-01 08:10:40 [INFO] nonebot | Matcher(type='message', module=zhenxun.builtin_plugins.chat_history.chat_message, lineno=39) running complete
03-01 08:10:43 [SUCCESS] nonebot | OneBot V11 3042447114 | [message.group.normal]: Message 1613266846 from 393045366@[群:392644938] '我看看今晚行情'
03-01 08:10:43 [INFO] nonebot | Event will be handled by Matcher(type='message', module=zhenxun.builtin_plugins.chat_history.chat_message, lineno=39)
03-01 08:10:43 [INFO] nonebot | Matcher(type='message', module=zhenxun.builtin_plugins.chat_history.chat_message, lineno=39) running complete
03-01 08:10:49 [SUCCESS] nonebot | OneBot V11 3042447114 | [message.group.normal]: Message 1690532556 from 1653536628@[群:392644938] '直呼不可能'
03-01 08:10:49 [INFO] nonebot | Event will be handled by Matcher(type='message', module=zhenxun.builtin_plugins.chat_history.chat_message, lineno=39)
03-01 08:10:49 [INFO] nonebot | Matcher(type='message', module=zhenxun.builtin_plugins.chat_history.chat_message, lineno=39) running complete
03-01 08:10:51 [SUCCESS] nonebot | OneBot V11 3042447114 | [message.group.normal]: Message 1931169991 from 393045366@[群:392644938] '不想挂太低'
03-01 08:10:51 [INFO] nonebot | Event will be handled by Matcher(type='message', module=zhenxun.builtin_plugins.chat_history.chat_message, lineno=39)
03-01 08:10:51 [INFO] nonebot | Matcher(type='message', module=zhenxun.builtin_plugins.chat_history.chat_message, lineno=39) running complete
03-01 08:10:55 [SUCCESS] nonebot | OneBot V11 3042447114 | [message.group.normal]: Message 933991829 from 969291784@[群:392644938] '[at:qq=393045366] 你不是说你有月哥了吗'
03-01 08:10:55 [INFO] nonebot | Event will be handled by Matcher(type='message', module=zhenxun.builtin_plugins.chat_history.chat_message, lineno=39)
03-01 08:10:55 [INFO] nonebot | Matcher(type='message', module=zhenxun.builtin_plugins.chat_history.chat_message, lineno=39) running complete
03-01 08:10:56 [SUCCESS] nonebot | OneBot V11 3042447114 | [message.group.normal]: Message 1172168088 from 393045366@[群:392644938] '76折'
03-01 08:10:56 [INFO] nonebot | Event will be handled by Matcher(type='message', module=zhenxun.builtin_plugins.chat_history.chat_message, lineno=39)
03-01 08:10:56 [INFO] nonebot | Matcher(type='message', module=zhenxun.builtin_plugins.chat_history.chat_message, lineno=39) running complete
03-01 08:11:00 [SUCCESS] nonebot | OneBot V11 3042447114 | [message.group.normal]: Message 2023875549 from 1960735950@[群:392644938] '不可能'
03-01 08:11:00 [INFO] nonebot | Event will be handled by Matcher(type='message', module=zhenxun.builtin_plugins.chat_history.chat_message, lineno=39)
03-01 08:11:00 [INFO] nonebot | Matcher(type='message', module=zhenxun.builtin_plugins.chat_history.chat_message, lineno=39) running complete
03-01 08:11:03 [SUCCESS] nonebot | OneBot V11 3042447114 | [message.group.normal]: Message 1615912731 from 393045366@[群:392644938] '太没搞头了'
03-01 08:11:03 [INFO] nonebot | Event will be handled by Matcher(type='message', module=zhenxun.builtin_plugins.chat_history.chat_message, lineno=39)
03-01 08:11:03 [INFO] nonebot | Matcher(type='message', module=zhenxun.builtin_plugins.chat_history.chat_message, lineno=39) running complete
03-01 08:11:20 [SUCCESS] nonebot | OneBot V11 3042447114 | [message.group.normal]: Message 58211398 from 365103469@[群:645741432] '我更喜欢他哪天活过来然后再让他死一次'
03-01 08:11:20 [INFO] nonebot | Event will be handled by Matcher(type='message', module=zhenxun.builtin_plugins.chat_history.chat_message, lineno=39)
03-01 08:11:20 [INFO] nonebot | Matcher(type='message', module=zhenxun.builtin_plugins.chat_history.chat_message, lineno=39) running complete
03-01 08:11:23 [SUCCESS] nonebot | OneBot V11 3042447114 | [message.group.normal]: Message 1823475881 from 365103469@[群:645741432] "[face:id=277,raw={'faceIndex': 277, 'faceText': '/汪汪', 'faceType': 2, 'packId': None...]"
03-01 08:11:23 [INFO] nonebot | Event will be handled by Matcher(type='message', module=zhenxun.builtin_plugins.chat_history.chat_message, lineno=39)
03-01 08:11:23 [INFO] nonebot | Matcher(type='message', module=zhenxun.builtin_plugins.chat_history.chat_message, lineno=39) running complete
03-01 08:11:32 [SUCCESS] nonebot | OneBot V11 3042447114 | [message.group.normal]: Message 1819152392 from 1243797902@[群:645741432] '[image:summary=[动画表情],file=E000CA4CA084D280970A761EBE7908D3.jpg,sub_type=1,url=https://multimedia.nt.qq.com.cn/download?appid=1407&fileid=EhQDm3Sp...,file_size=9473]'
03-01 08:11:32 [INFO] nonebot | Event will be handled by Matcher(type='message', module=zhenxun.builtin_plugins.chat_history.chat_message, lineno=39)
03-01 08:11:32 [INFO] nonebot | Matcher(type='message', module=zhenxun.builtin_plugins.chat_history.chat_message, lineno=39) running complete
03-01 08:11:51 [SUCCESS] nonebot | OneBot V11 3042447114 | [message.group.normal]: Message 2107097576 from 393045366@[群:392644938] '看来还得八折'
03-01 08:11:51 [INFO] nonebot | Event will be handled by Matcher(type='message', module=zhenxun.builtin_plugins.chat_history.chat_message, lineno=39)
03-01 08:11:51 [INFO] nonebot | Matcher(type='message', module=zhenxun.builtin_plugins.chat_history.chat_message, lineno=39) running complete
03-01 08:12:00 [SUCCESS] nonebot | OneBot V11 3042447114 | [message.group.normal]: Message 2055932439 from 3092472851@[群:475899384] '[image:summary=,file=04F015B7B5DB797C8836B0637F419160.jpg,sub_type=0,url=https://multimedia.nt.qq.com.cn/download?appid=1407&fileid=EhRlcPZs...,file_size=92979]'
03-01 08:12:00 [INFO] nonebot | Event will be handled by Matcher(type='message', module=zhenxun.builtin_plugins.chat_history.chat_message, lineno=39)
03-01 08:12:00 [INFO] nonebot | Matcher(type='message', module=zhenxun.builtin_plugins.chat_history.chat_message, lineno=39) running complete
03-01 08:12:04 [SUCCESS] nonebot | OneBot V11 3042447114 | [message.group.normal]: Message 229477526 from 155056864@[群:392644938] '这打分词条真狠啊'
03-01 08:12:04 [INFO] nonebot | Event will be handled by Matcher(type='message', module=zhenxun.builtin_plugins.chat_history.chat_message, lineno=39)
03-01 08:12:04 [INFO] nonebot | Matcher(type='message', module=zhenxun.builtin_plugins.chat_history.chat_message, lineno=39) running complete
03-01 08:13:14 [SUCCESS] nonebot | OneBot V11 3042447114 | [notice.notify.poke]: {'time': 1740787994, 'self_id': 3042447114, 'post_type': 'notice', 'notice_type': 'notify', 'sub_type': 'poke', 'user_id': 393045366, 'group_id': 392644938, 'target_id': 155056864, 'raw_info': [{'col': '1', 'nm': '', 'type': 'qq', 'uid': 'u_i6OLh0gOuBWnxvll6jgFWQ'}, {'jp': 'https://zb.vip.qq.com/v2/pages/nudgeMall?_wv=2&actionId=0', 'src': 'http://tianquan.gtimg.cn/nudgeaction/item/0/expression.jpg', 'type': 'img'}, {'txt': '戳了戳', 'type': 'nor'}, {'col': '1', 'nm': '', 'tp': '0', 'type': 'qq', 'uid': 'u_MBGSswg_K0TkGh9Aic_9iw'}, {'txt': '', 'type': 'nor'}]}
03-01 08:13:14 [INFO] nonebot | Event will be handled by Matcher(type='notice', module=zhenxun.plugins.zhenxun_plugin_draw_painting, lineno=61)
03-01 08:13:14 [INFO] nonebot | Event will be handled by Matcher(type='notice', module=zhenxun.plugins.zhenxun_plugin_draw_painting, lineno=62)
03-01 08:13:14 [INFO] nonebot | Event will be handled by Matcher(type='notice', module=zhenxun.plugins.monitor, lineno=18)
03-01 08:13:14 [INFO] nonebot | Event will be handled by Matcher(type='notice', module=zhenxun.plugins.monitor, lineno=19)
03-01 08:13:14 [INFO] nonebot | Event will be handled by Matcher(type='notice', module=zhenxun.plugins.monitor, lineno=20)
03-01 08:13:14 [INFO] nonebot | Matcher(type='notice', module=zhenxun.plugins.monitor, lineno=18) running complete
03-01 08:13:14 [INFO] nonebot | Matcher(type='notice', module=zhenxun.plugins.monitor, lineno=19) running complete
03-01 08:13:14 [INFO] nonebot | Matcher(type='notice', module=zhenxun.plugins.monitor, lineno=20) running complete
03-01 08:13:14 [INFO] nonebot | Matcher(type='notice', module=zhenxun.plugins.zhenxun_plugin_draw_painting, lineno=62) running is cancelled
03-01 08:13:14 [INFO] nonebot | Matcher(type='notice', module=zhenxun.plugins.zhenxun_plugin_draw_painting, lineno=61) running complete
03-01 08:13:54 [SUCCESS] nonebot | OneBot V11 3042447114 | [message.group.normal]: Message 1639019522 from 365103469@[群:645741432] '今天早餐吃肠粉吧 里边加一些虾仁和猪心'
03-01 08:13:54 [INFO] nonebot | Event will be handled by Matcher(type='message', module=zhenxun.builtin_plugins.chat_history.chat_message, lineno=39)
03-01 08:13:54 [INFO] nonebot | Matcher(type='message', module=zhenxun.builtin_plugins.chat_history.chat_message, lineno=39) running complete
03-01 08:14:06 [SUCCESS] nonebot | OneBot V11 3042447114 | [message.group.normal]: Message 1937179384 from 1600310529@[群:392644938] '[reply:id=2107097576][at:qq=393045366] 傻狗'
03-01 08:14:06 [INFO] nonebot | Event will be handled by Matcher(type='message', module=zhenxun.builtin_plugins.chat_history.chat_message, lineno=39)
03-01 08:14:06 [INFO] nonebot | Matcher(type='message', module=zhenxun.builtin_plugins.chat_history.chat_message, lineno=39) running complete
03-01 08:14:40 [SUCCESS] nonebot | OneBot V11 3042447114 | [message.group.normal]: Message 1955096817 from 575701297@[群:645741432] '[image:summary=,file=E000CA4CA084D280970A761EBE7908D3.jpg,sub_type=0,url=https://multimedia.nt.qq.com.cn/download?appid=1407&fileid=EhQDm3Sp...,file_size=9473]方舟又提高了3级等级上限'
03-01 08:14:40 [INFO] nonebot | Event will be handled by Matcher(type='message', module=zhenxun.builtin_plugins.chat_history.chat_message, lineno=39)
03-01 08:14:40 [INFO] nonebot | Matcher(type='message', module=zhenxun.builtin_plugins.chat_history.chat_message, lineno=39) running complete
03-01 08:15:18 [SUCCESS] nonebot | OneBot V11 3042447114 | [message.group.normal]: Message 2116080662 from 1960735950@[群:392644938] '二期和三期宝玉都写完摆烂通解了[image:summary=,file=0420F07D6CEFDB1433B754DE83F72914.jpg,sub_type=0,url=https://multimedia.nt.qq.com.cn/download?appid=1407&fileid=EhRXHvjX...,file_size=222129][image:summary=,file=6EE0FB1694A6317927D46F55E5A48FDB.jpg,sub_type=0,url=https://multimedia.nt.qq.com.cn/download?appid=1407&fileid=EhSZwGeS...,file_size=216232]'
03-01 08:15:18 [INFO] nonebot | Event will be handled by Matcher(type='message', module=zhenxun.builtin_plugins.chat_history.chat_message, lineno=39)
03-01 08:15:18 [INFO] nonebot | Matcher(type='message', module=zhenxun.builtin_plugins.chat_history.chat_message, lineno=39) running complete
03-01 08:15:19 [SUCCESS] nonebot | OneBot V11 3042447114 | [message.group.normal]: Message 1033032187 from 1960735950@[群:392644938] "[face:id=311,raw={'faceIndex': 311, 'faceText': '/打call', 'faceType': 3, 'packId': '...,resultId=,chainCount=0]"
03-01 08:15:19 [INFO] nonebot | Event will be handled by Matcher(type='message', module=zhenxun.builtin_plugins.chat_history.chat_message, lineno=39)
03-01 08:15:19 [INFO] nonebot | Matcher(type='message', module=zhenxun.builtin_plugins.chat_history.chat_message, lineno=39) running complete
03-01 08:15:20 [SUCCESS] nonebot | OneBot V11 3042447114 | [message.group.normal]: Message 422773558 from 2642740379@[群:645741432] 'ls登录卡33是不是加速器问题'
03-01 08:15:20 [INFO] nonebot | Event will be handled by Matcher(type='message', module=zhenxun.builtin_plugins.chat_history.chat_message, lineno=39)
03-01 08:15:20 [INFO] nonebot | Matcher(type='message', module=zhenxun.builtin_plugins.chat_history.chat_message, lineno=39) running complete
03-01 08:15:37 [SUCCESS] nonebot | OneBot V11 3042447114 | [message.group.normal]: Message 1993388631 from 2210889159@[群:245810894] '已经3月了吗'
03-01 08:15:37 [INFO] nonebot | Event will be handled by Matcher(type='message', module=zhenxun.builtin_plugins.chat_history.chat_message, lineno=39)
03-01 08:15:37 [INFO] nonebot | Matcher(type='message', module=zhenxun.builtin_plugins.chat_history.chat_message, lineno=39) running complete
03-01 08:16:03 [SUCCESS] nonebot | OneBot V11 3042447114 | [message.group.normal]: Message 1477277809 from 2171767615@[群:392644938] '[image:summary=[动画表情],file=BF367225F945F29F2639D438709D7D9A.jpg,sub_type=1,url=https://multimedia.nt.qq.com.cn/download?appid=1407&fileid=EhSRIKCm...,file_size=71518]'
03-01 08:16:03 [INFO] nonebot | Event will be handled by Matcher(type='message', module=zhenxun.builtin_plugins.chat_history.chat_message, lineno=39)
03-01 08:16:03 [INFO] nonebot | Matcher(type='message', module=zhenxun.builtin_plugins.chat_history.chat_message, lineno=39) running complete
03-01 08:16:07 [SUCCESS] nonebot | OneBot V11 3042447114 | [message.group.normal]: Message 1104228839 from 3926740905@[群:245810894] '打响3月第一炮'
03-01 08:16:07 [INFO] nonebot | Event will be handled by Matcher(type='message', module=zhenxun.builtin_plugins.chat_history.chat_message, lineno=39)
03-01 08:16:07 [INFO] nonebot | Matcher(type='message', module=zhenxun.builtin_plugins.chat_history.chat_message, lineno=39) running complete
03-01 08:16:12 [SUCCESS] nonebot | OneBot V11 3042447114 | [message.group.normal]: Message 539149746 from 875859812@[群:1032235226] '[image:summary=,file=FF2FCA1CD7BBF051DD4DFA47E4C88B48.png,sub_type=0,url=https://multimedia.nt.qq.com.cn/download?appid=1407&fileid=EhRYCE9t...,file_size=729267]'
03-01 08:16:12 [INFO] nonebot | Event will be handled by Matcher(type='message', module=zhenxun.builtin_plugins.chat_history.chat_message, lineno=39)
03-01 08:16:12 [INFO] nonebot | Matcher(type='message', module=zhenxun.builtin_plugins.chat_history.chat_message, lineno=39) running complete
03-01 08:16:15 [SUCCESS] nonebot | OneBot V11 3042447114 | [message.group.normal]: Message 762953820 from 2171767615@[群:392644938] '非酋之王柳川'
03-01 08:16:15 [INFO] nonebot | Event will be handled by Matcher(type='message', module=zhenxun.builtin_plugins.chat_history.chat_message, lineno=39)
03-01 08:16:15 [INFO] nonebot | Matcher(type='message', module=zhenxun.builtin_plugins.chat_history.chat_message, lineno=39) running complete
03-01 08:16:21 [SUCCESS] nonebot | OneBot V11 3042447114 | [message.group.normal]: Message 1413150695 from 875859812@[群:1032235226] '怎么现在才睡'
03-01 08:16:21 [INFO] nonebot | Event will be handled by Matcher(type='message', module=zhenxun.builtin_plugins.chat_history.chat_message, lineno=39)
03-01 08:16:21 [INFO] nonebot | Matcher(type='message', module=zhenxun.builtin_plugins.chat_history.chat_message, lineno=39) running complete
03-01 08:16:23 [SUCCESS] nonebot | OneBot V11 3042447114 | [message.group.normal]: Message 931286012 from 875859812@[群:1032235226] '[at:qq=821923589]'
03-01 08:16:23 [INFO] nonebot | Event will be handled by Matcher(type='message', module=zhenxun.builtin_plugins.chat_history.chat_message, lineno=39)
03-01 08:16:23 [INFO] nonebot | Matcher(type='message', module=zhenxun.builtin_plugins.chat_history.chat_message, lineno=39) running complete
03-01 08:16:31 [SUCCESS] nonebot | OneBot V11 3042447114 | [message.group.normal]: Message 2004519891 from 821923589@[群:1032235226] '[image:summary=[升天],file=72-7208e2cf2e2669e998442aef7cdacd07.gif,url=https://gxh.vip.qq.com/club/item/parcel/item/72/7208e2cf2e2669e9984...,key=9d67c3ed2ef8a3fe,emoji_id=7208e2cf2e2669e998442aef7cdacd07,emoji_package_id=241757]'
03-01 08:16:31 [INFO] nonebot | Event will be handled by Matcher(type='message', module=zhenxun.builtin_plugins.chat_history.chat_message, lineno=39)
03-01 08:16:31 [INFO] nonebot | Matcher(type='message', module=zhenxun.builtin_plugins.chat_history.chat_message, lineno=39) running complete
03-01 08:16:40 [SUCCESS] nonebot | OneBot V11 3042447114 | [message.group.normal]: Message 1675179942 from 1653536628@[群:392644938] '侦探真好用啊'
03-01 08:16:40 [INFO] nonebot | Event will be handled by Matcher(type='message', module=zhenxun.builtin_plugins.chat_history.chat_message, lineno=39)
03-01 08:16:40 [INFO] nonebot | Matcher(type='message', module=zhenxun.builtin_plugins.chat_history.chat_message, lineno=39) running complete
03-01 08:16:41 [SUCCESS] nonebot | OneBot V11 3042447114 | [message.group.normal]: Message 365040012 from 3205414709@[群:308422658] '原神'
03-01 08:16:41 [INFO] nonebot | Event will be handled by Matcher(type='message', module=zhenxun.builtin_plugins.chat_history.chat_message, lineno=39)
03-01 08:16:41 [INFO] nonebot | Matcher(type='message', module=zhenxun.builtin_plugins.chat_history.chat_message, lineno=39) running complete
03-01 08:16:41 [SUCCESS] nonebot | OneBot V11 3042447114 | [notice.notify.poke]: {'time': 1740788201, 'self_id': 3042447114, 'post_type': 'notice', 'notice_type': 'notify', 'sub_type': 'poke', 'user_id': 1024792007, 'group_id': 1032235226, 'target_id': 875859812, 'raw_info': [{'col': '1', 'nm': '', 'type': 'qq', 'uid': 'u_bcAJNOpZDOlgO6iEngOrjw'}, {'jp': 'https://zb.vip.qq.com/v2/pages/nudgeMall?_wv=2&actionId=0', 'src': 'http://tianquan.gtimg.cn/nudgeaction/item/0/expression.jpg', 'type': 'img'}, {'txt': '戳了戳', 'type': 'nor'}, {'col': '1', 'nm': '', 'tp': '0', 'type': 'qq', 'uid': 'u_3rrswgRixqHHPX2ymfbxTA'}, {'txt': '', 'type': 'nor'}]}
03-01 08:16:41 [INFO] nonebot | Event will be handled by Matcher(type='notice', module=zhenxun.plugins.zhenxun_plugin_draw_painting, lineno=61)
03-01 08:16:41 [INFO] nonebot | Event will be handled by Matcher(type='notice', module=zhenxun.plugins.zhenxun_plugin_draw_painting, lineno=62)
03-01 08:16:41 [INFO] nonebot | Event will be handled by Matcher(type='notice', module=zhenxun.plugins.monitor, lineno=18)
03-01 08:16:41 [INFO] nonebot | Event will be handled by Matcher(type='notice', module=zhenxun.plugins.monitor, lineno=19)
03-01 08:16:41 [INFO] nonebot | Event will be handled by Matcher(type='notice', module=zhenxun.plugins.monitor, lineno=20)
03-01 08:16:41 [INFO] nonebot | Matcher(type='notice', module=zhenxun.plugins.monitor, lineno=18) running complete
03-01 08:16:41 [INFO] nonebot | Matcher(type='notice', module=zhenxun.plugins.monitor, lineno=19) running complete
03-01 08:16:41 [INFO] nonebot | Matcher(type='notice', module=zhenxun.plugins.monitor, lineno=20) running complete
03-01 08:16:41 [INFO] nonebot | Matcher(type='notice', module=zhenxun.plugins.zhenxun_plugin_draw_painting, lineno=61) running is cancelled
03-01 08:16:41 [INFO] nonebot | Matcher(type='notice', module=zhenxun.plugins.zhenxun_plugin_draw_painting, lineno=62) running complete
03-01 08:16:49 [SUCCESS] nonebot | OneBot V11 3042447114 | [message.group.normal]: Message 725840559 from 751488381@[群:645741432] '问一哈'
03-01 08:16:49 [INFO] nonebot | Event will be handled by Matcher(type='message', module=zhenxun.builtin_plugins.chat_history.chat_message, lineno=39)
03-01 08:16:49 [INFO] nonebot | Matcher(type='message', module=zhenxun.builtin_plugins.chat_history.chat_message, lineno=39) running complete
03-01 08:16:51 [SUCCESS] nonebot | OneBot V11 3042447114 | [message.group.normal]: Message 623454534 from 393045366@[群:392644938] '都说荒野垃圾'
03-01 08:16:51 [INFO] nonebot | Event will be handled by Matcher(type='message', module=zhenxun.builtin_plugins.chat_history.chat_message, lineno=39)
03-01 08:16:51 [INFO] nonebot | Matcher(type='message', module=zhenxun.builtin_plugins.chat_history.chat_message, lineno=39) running complete
03-01 08:16:56 [SUCCESS] nonebot | OneBot V11 3042447114 | [message.group.normal]: Message 1280938474 from 393045366@[群:392644938] '居然还有这么多人买'
03-01 08:16:56 [INFO] nonebot | Event will be handled by Matcher(type='message', module=zhenxun.builtin_plugins.chat_history.chat_message, lineno=39)
03-01 08:16:56 [INFO] nonebot | Matcher(type='message', module=zhenxun.builtin_plugins.chat_history.chat_message, lineno=39) running complete
03-01 08:16:56 [SUCCESS] nonebot | OneBot V11 3042447114 | [message.group.normal]: Message 2124682805 from 644749823@[群:392644938] "[face:id=415,raw={'faceIndex': 415, 'faceText': '[划龙舟]', 'faceType': 3, 'packId': '1...,resultId=0,chainCount=1]"
03-01 08:16:56 [INFO] nonebot | Event will be handled by Matcher(type='message', module=zhenxun.builtin_plugins.chat_history.chat_message, lineno=39)
03-01 08:16:56 [INFO] nonebot | Matcher(type='message', module=zhenxun.builtin_plugins.chat_history.chat_message, lineno=39) running complete
03-01 08:16:56 [SUCCESS] nonebot | OneBot V11 3042447114 | [message.group.normal]: Message 2030070746 from 751488381@[群:645741432] '不死的狗粮够朽一个角色了'
03-01 08:16:56 [INFO] nonebot | Event will be handled by Matcher(type='message', module=zhenxun.builtin_plugins.chat_history.chat_message, lineno=39)
03-01 08:16:56 [INFO] nonebot | Matcher(type='message', module=zhenxun.builtin_plugins.chat_history.chat_message, lineno=39) running complete
03-01 08:16:58 [SUCCESS] nonebot | OneBot V11 3042447114 | [message.group.normal]: Message 1072067489 from 393045366@[群:392644938] '不好评价'
03-01 08:16:58 [INFO] nonebot | Event will be handled by Matcher(type='message', module=zhenxun.builtin_plugins.chat_history.chat_message, lineno=39)
03-01 08:16:58 [INFO] nonebot | Matcher(type='message', module=zhenxun.builtin_plugins.chat_history.chat_message, lineno=39) running complete
03-01 08:17:00 [SUCCESS] nonebot | OneBot V11 3042447114 | [message.group.normal]: Message 1649930589 from 2210889159@[群:245810894] '[image:summary=[动画表情],file=3D812A1B8E2D9E92FCC690972FEF5988.jpg,sub_type=1,url=https://multimedia.nt.qq.com.cn/download?appid=1407&fileid=EhSvyRwV...,file_size=16859]'
03-01 08:17:00 [INFO] nonebot | Event will be handled by Matcher(type='message', module=zhenxun.builtin_plugins.chat_history.chat_message, lineno=39)
03-01 08:17:00 [INFO] nonebot | Matcher(type='message', module=zhenxun.builtin_plugins.chat_history.chat_message, lineno=39) running complete
03-01 08:17:03 [SUCCESS] nonebot | OneBot V11 3042447114 | [message.group.normal]: Message 967639112 from 751488381@[群:645741432] '要不要  朽佳尼特'
03-01 08:17:03 [INFO] nonebot | Event will be handled by Matcher(type='message', module=zhenxun.builtin_plugins.chat_history.chat_message, lineno=39)
03-01 08:17:03 [INFO] nonebot | Matcher(type='message', module=zhenxun.builtin_plugins.chat_history.chat_message, lineno=39) running complete
03-01 08:17:28 [SUCCESS] nonebot | OneBot V11 3042447114 | [message.group.normal]: Message 1587841023 from 1960735950@[群:392644938] '毕竟只有贯通暴击能成通解嘛'
03-01 08:17:28 [INFO] nonebot | Event will be handled by Matcher(type='message', module=zhenxun.builtin_plugins.chat_history.chat_message, lineno=39)
03-01 08:17:28 [INFO] nonebot | Matcher(type='message', module=zhenxun.builtin_plugins.chat_history.chat_message, lineno=39) running complete
03-01 08:17:39 [SUCCESS] nonebot | OneBot V11 3042447114 | [message.group.normal]: Message 586170564 from 527600716@[群:245810894] '[image:summary=[动画表情],file=3D812A1B8E2D9E92FCC690972FEF5988.jpg,sub_type=1,url=https://multimedia.nt.qq.com.cn/download?appid=1407&fileid=EhSvyRwV...,file_size=16859]'
03-01 08:17:39 [INFO] nonebot | Event will be handled by Matcher(type='message', module=zhenxun.builtin_plugins.chat_history.chat_message, lineno=39)
03-01 08:17:39 [INFO] nonebot | Matcher(type='message', module=zhenxun.builtin_plugins.chat_history.chat_message, lineno=39) running complete
03-01 08:19:00 [SUCCESS] nonebot | OneBot V11 3042447114 | [message.group.normal]: Message 1102702516 from 575701297@[群:645741432] '佳尼特是打boss的'
03-01 08:19:00 [INFO] nonebot | Event will be handled by Matcher(type='message', module=zhenxun.builtin_plugins.chat_history.chat_message, lineno=39)
03-01 08:19:00 [INFO] nonebot | Matcher(type='message', module=zhenxun.builtin_plugins.chat_history.chat_message, lineno=39) running complete
03-01 08:19:18 [SUCCESS] nonebot | OneBot V11 3042447114 | [message.group.normal]: Message 969635316 from 575701297@[群:645741432] '看你有没有这个需求'
03-01 08:19:18 [INFO] nonebot | Event will be handled by Matcher(type='message', module=zhenxun.builtin_plugins.chat_history.chat_message, lineno=39)
03-01 08:19:18 [INFO] nonebot | Matcher(type='message', module=zhenxun.builtin_plugins.chat_history.chat_message, lineno=39) running complete
03-01 08:19:37 [SUCCESS] nonebot | OneBot V11 3042447114 | [notice.notify.poke]: {'time': 1740788377, 'self_id': 3042447114, 'post_type': 'notice', 'notice_type': 'notify', 'sub_type': 'poke', 'user_id': 1024792007, 'group_id': 1032235226, 'target_id': 875859812, 'raw_info': [{'col': '1', 'nm': '', 'type': 'qq', 'uid': 'u_bcAJNOpZDOlgO6iEngOrjw'}, {'jp': 'https://zb.vip.qq.com/v2/pages/nudgeMall?_wv=2&actionId=0', 'src': 'http://tianquan.gtimg.cn/nudgeaction/item/0/expression.jpg', 'type': 'img'}, {'txt': '戳了戳', 'type': 'nor'}, {'col': '1', 'nm': '', 'tp': '0', 'type': 'qq', 'uid': 'u_3rrswgRixqHHPX2ymfbxTA'}, {'txt': '', 'type': 'nor'}]}
03-01 08:19:37 [INFO] nonebot | Event will be handled by Matcher(type='notice', module=zhenxun.plugins.zhenxun_plugin_draw_painting, lineno=61)
03-01 08:19:37 [INFO] nonebot | Event will be handled by Matcher(type='notice', module=zhenxun.plugins.zhenxun_plugin_draw_painting, lineno=62)
03-01 08:19:37 [INFO] nonebot | Event will be handled by Matcher(type='notice', module=zhenxun.plugins.monitor, lineno=18)
03-01 08:19:37 [INFO] nonebot | Event will be handled by Matcher(type='notice', module=zhenxun.plugins.monitor, lineno=19)
03-01 08:19:37 [INFO] nonebot | Event will be handled by Matcher(type='notice', module=zhenxun.plugins.monitor, lineno=20)
03-01 08:19:37 [INFO] nonebot | Matcher(type='notice', module=zhenxun.plugins.monitor, lineno=20) running complete
03-01 08:19:37 [INFO] nonebot | Matcher(type='notice', module=zhenxun.plugins.monitor, lineno=18) running complete
03-01 08:19:37 [INFO] nonebot | Matcher(type='notice', module=zhenxun.plugins.monitor, lineno=19) running complete
03-01 08:19:37 [INFO] nonebot | Matcher(type='notice', module=zhenxun.plugins.zhenxun_plugin_draw_painting, lineno=62) running is cancelled
03-01 08:19:37 [INFO] nonebot | Matcher(type='notice', module=zhenxun.plugins.zhenxun_plugin_draw_painting, lineno=61) running complete
03-01 08:19:47 [SUCCESS] nonebot | OneBot V11 3042447114 | [message.group.normal]: Message 1113029719 from 751488381@[群:645741432] '我现在朽了拜斯  大姐  佩特拉'
03-01 08:19:47 [INFO] nonebot | Event will be handled by Matcher(type='message', module=zhenxun.builtin_plugins.chat_history.chat_message, lineno=39)
03-01 08:19:47 [INFO] nonebot | Matcher(type='message', module=zhenxun.builtin_plugins.chat_history.chat_message, lineno=39) running complete
03-01 08:19:48 [SUCCESS] nonebot | OneBot V11 3042447114 | [message.group.normal]: Message 178598130 from 1305263714@[群:308422658] '我玩爆爆乐从来就没有开心过'
03-01 08:19:48 [INFO] nonebot | Event will be handled by Matcher(type='message', module=zhenxun.builtin_plugins.chat_history.chat_message, lineno=39)
03-01 08:19:48 [INFO] nonebot | Matcher(type='message', module=zhenxun.builtin_plugins.chat_history.chat_message, lineno=39) running complete
03-01 08:19:59 [SUCCESS] nonebot | OneBot V11 3042447114 | [message.group.normal]: Message 1613115146 from 155056864@[群:392644938] "[face:id=415,raw={'faceIndex': 415, 'faceText': '[划龙舟]', 'faceType': 3, 'packId': '1...,resultId=0,chainCount=1]"
03-01 08:19:59 [INFO] nonebot | Event will be handled by Matcher(type='message', module=zhenxun.builtin_plugins.chat_history.chat_message, lineno=39)
03-01 08:19:59 [INFO] nonebot | Matcher(type='message', module=zhenxun.builtin_plugins.chat_history.chat_message, lineno=39) running complete
03-01 08:20:13 [SUCCESS] nonebot | OneBot V11 3042447114 | [message.group.normal]: Message 667305593 from 751488381@[群:645741432] '所以在想要不要朽佳尼特了  毕竟乙叶好像不是我这个阶段用的明白的'
03-01 08:20:14 [INFO] nonebot | Event will be handled by Matcher(type='message', module=zhenxun.builtin_plugins.chat_history.chat_message, lineno=39)
03-01 08:20:14 [INFO] nonebot | Matcher(type='message', module=zhenxun.builtin_plugins.chat_history.chat_message, lineno=39) running complete
03-01 08:20:16 [SUCCESS] nonebot | OneBot V11 3042447114 | [message.group.normal]: Message 731235271 from 575701297@[群:645741432] '你看看有没有别的 没有就朽了提升下等级上限也行'
03-01 08:20:16 [INFO] nonebot | Event will be handled by Matcher(type='message', module=zhenxun.builtin_plugins.chat_history.chat_message, lineno=39)
03-01 08:20:16 [INFO] nonebot | Matcher(type='message', module=zhenxun.builtin_plugins.chat_history.chat_message, lineno=39) running complete
03-01 08:20:27 [SUCCESS] nonebot | OneBot V11 3042447114 | [message.group.normal]: Message 467734049 from 393045366@[群:392644938] '以后氪金一单，卖游戏，统一八折'
03-01 08:20:27 [INFO] nonebot | Event will be handled by Matcher(type='message', module=zhenxun.builtin_plugins.chat_history.chat_message, lineno=39)
03-01 08:20:27 [INFO] nonebot | Matcher(type='message', module=zhenxun.builtin_plugins.chat_history.chat_message, lineno=39) running complete
03-01 08:20:29 [SUCCESS] nonebot | OneBot V11 3042447114 | [message.group.normal]: Message 28976293 from 751488381@[群:645741432] '我看看阿'
03-01 08:20:29 [INFO] nonebot | Event will be handled by Matcher(type='message', module=zhenxun.builtin_plugins.chat_history.chat_message, lineno=39)
03-01 08:20:29 [INFO] nonebot | Matcher(type='message', module=zhenxun.builtin_plugins.chat_history.chat_message, lineno=39) running complete
03-01 08:20:37 [SUCCESS] nonebot | OneBot V11 3042447114 | [message.group.normal]: Message 1413368882 from 393045366@[群:392644938] '今天这批倒出来要76了'
03-01 08:20:37 [INFO] nonebot | Event will be handled by Matcher(type='message', module=zhenxun.builtin_plugins.chat_history.chat_message, lineno=39)
03-01 08:20:37 [INFO] nonebot | Matcher(type='message', module=zhenxun.builtin_plugins.chat_history.chat_message, lineno=39) running complete
03-01 08:20:47 [SUCCESS] nonebot | OneBot V11 3042447114 | [message.group.normal]: Message 384626208 from 751488381@[群:645741432] '琼  布莱斯  瑞贝卡'
03-01 08:20:47 [INFO] nonebot | Event will be handled by Matcher(type='message', module=zhenxun.builtin_plugins.chat_history.chat_message, lineno=39)
03-01 08:20:47 [INFO] nonebot | Matcher(type='message', module=zhenxun.builtin_plugins.chat_history.chat_message, lineno=39) running complete
03-01 08:20:48 [SUCCESS] nonebot | OneBot V11 3042447114 | [message.group.normal]: Message 1470137010 from 393045366@[群:392644938] '都怪垃圾怪物猎人'
03-01 08:20:48 [INFO] nonebot | Event will be handled by Matcher(type='message', module=zhenxun.builtin_plugins.chat_history.chat_message, lineno=39)
03-01 08:20:48 [INFO] nonebot | Matcher(type='message', module=zhenxun.builtin_plugins.chat_history.chat_message, lineno=39) running complete
03-01 08:20:53 [SUCCESS] nonebot | OneBot V11 3042447114 | [message.group.normal]: Message 1964104479 from 751488381@[群:645741432] '朽瑞贝卡吗'
03-01 08:20:53 [INFO] nonebot | Event will be handled by Matcher(type='message', module=zhenxun.builtin_plugins.chat_history.chat_message, lineno=39)
03-01 08:20:53 [INFO] nonebot | Matcher(type='message', module=zhenxun.builtin_plugins.chat_history.chat_message, lineno=39) running complete
03-01 08:21:06 [SUCCESS] nonebot | OneBot V11 3042447114 | [message.group.normal]: Message 1365057970 from 575701297@[群:645741432] '这几个更是一般'
03-01 08:21:06 [INFO] nonebot | Event will be handled by Matcher(type='message', module=zhenxun.builtin_plugins.chat_history.chat_message, lineno=39)
03-01 08:21:06 [INFO] nonebot | Matcher(type='message', module=zhenxun.builtin_plugins.chat_history.chat_message, lineno=39) running complete
03-01 08:21:19 [SUCCESS] nonebot | OneBot V11 3042447114 | [message.group.normal]: Message 1852658505 from 751488381@[群:645741432] '[image:summary=,file={790D8819-7D08-4A38-96CA-B41E4557B8F9}.gif,sub_type=0,url=https://gchat.qpic.cn/gchatpic_new/0/0-0-790D88197D084A3896CAB41E45...,file_size=1384331]'
03-01 08:21:19 [INFO] nonebot | Event will be handled by Matcher(type='message', module=zhenxun.builtin_plugins.chat_history.chat_message, lineno=39)
03-01 08:21:19 [INFO] nonebot | Matcher(type='message', module=zhenxun.builtin_plugins.chat_history.chat_message, lineno=39) running complete
03-01 08:21:24 [SUCCESS] nonebot | OneBot V11 3042447114 | [message.group.normal]: Message 377414121 from 575701297@[群:645741432] '琼偶尔还能用一下'
03-01 08:21:24 [INFO] nonebot | Event will be handled by Matcher(type='message', module=zhenxun.builtin_plugins.chat_history.chat_message, lineno=39)
03-01 08:21:24 [INFO] nonebot | Matcher(type='message', module=zhenxun.builtin_plugins.chat_history.chat_message, lineno=39) running complete
03-01 08:21:32 [SUCCESS] nonebot | OneBot V11 3042447114 | [message.group.normal]: Message 1961416536 from 867770305@[群:308422658] '也不难啊'
03-01 08:21:32 [INFO] nonebot | Event will be handled by Matcher(type='message', module=zhenxun.builtin_plugins.chat_history.chat_message, lineno=39)
03-01 08:21:32 [INFO] nonebot | Matcher(type='message', module=zhenxun.builtin_plugins.chat_history.chat_message, lineno=39) running complete
03-01 08:21:32 [SUCCESS] nonebot | OneBot V11 3042447114 | [message.group.normal]: Message 934075955 from 751488381@[群:645741432] '哦还有一个'
03-01 08:21:32 [INFO] nonebot | Event will be handled by Matcher(type='message', module=zhenxun.builtin_plugins.chat_history.chat_message, lineno=39)
03-01 08:21:32 [INFO] nonebot | Matcher(type='message', module=zhenxun.builtin_plugins.chat_history.chat_message, lineno=39) running complete
03-01 08:21:34 [SUCCESS] nonebot | OneBot V11 3042447114 | [message.group.normal]: Message 604133684 from 2407586440@[群:816890778] '早'
03-01 08:21:34 [INFO] nonebot | Event will be handled by Matcher(type='message', module=zhenxun.builtin_plugins.chat_history.chat_message, lineno=39)
03-01 08:21:34 [INFO] nonebot | Matcher(type='message', module=zhenxun.builtin_plugins.chat_history.chat_message, lineno=39) running complete
03-01 08:21:36 [SUCCESS] nonebot | OneBot V11 3042447114 | [message.group.normal]: Message 628719886 from 867770305@[群:308422658] '[image:summary=[动画表情],file=5B7962AD896614B3EEA965855C7D2F1D.jpg,sub_type=1,url=https://multimedia.nt.qq.com.cn/download?appid=1407&fileid=EhTpadSr...,file_size=121832]'
03-01 08:21:36 [INFO] nonebot | Event will be handled by Matcher(type='message', module=zhenxun.builtin_plugins.chat_history.chat_message, lineno=39)
03-01 08:21:36 [INFO] nonebot | Matcher(type='message', module=zhenxun.builtin_plugins.chat_history.chat_message, lineno=39) running complete
03-01 08:21:37 [SUCCESS] nonebot | OneBot V11 3042447114 | [message.group.normal]: Message 1469507416 from 393045366@[群:392644938] '想买游戏，想氪金，现在预订'
03-01 08:21:37 [INFO] nonebot | Event will be handled by Matcher(type='message', module=zhenxun.builtin_plugins.chat_history.chat_message, lineno=39)
03-01 08:21:37 [INFO] nonebot | Matcher(type='message', module=zhenxun.builtin_plugins.chat_history.chat_message, lineno=39) running complete
03-01 08:21:37 [SUCCESS] nonebot | OneBot V11 3042447114 | [message.group.normal]: Message 1223952606 from 2829612998@[群:1032235226] '[reply:id=2004519891][at:qq=821923589] 这么快睡醒了吗'
03-01 08:21:37 [INFO] nonebot | Event will be handled by Matcher(type='message', module=zhenxun.builtin_plugins.chat_history.chat_message, lineno=39)
03-01 08:21:37 [INFO] nonebot | Matcher(type='message', module=zhenxun.builtin_plugins.chat_history.chat_message, lineno=39) running complete
03-01 08:21:39 [SUCCESS] nonebot | OneBot V11 3042447114 | [message.group.normal]: Message 1934934069 from 2407586440@[群:645741432] '早'
03-01 08:21:39 [INFO] nonebot | Event will be handled by Matcher(type='message', module=zhenxun.builtin_plugins.chat_history.chat_message, lineno=39)
03-01 08:21:39 [INFO] nonebot | Matcher(type='message', module=zhenxun.builtin_plugins.chat_history.chat_message, lineno=39) running complete
03-01 08:21:42 [SUCCESS] nonebot | OneBot V11 3042447114 | [message.group.normal]: Message 1269348268 from 751488381@[群:645741432] '艾露莎如何'
03-01 08:21:42 [INFO] nonebot | Event will be handled by Matcher(type='message', module=zhenxun.builtin_plugins.chat_history.chat_message, lineno=39)
03-01 08:21:42 [INFO] nonebot | Matcher(type='message', module=zhenxun.builtin_plugins.chat_history.chat_message, lineno=39) running complete
03-01 08:21:42 [SUCCESS] nonebot | OneBot V11 3042447114 | [message.group.normal]: Message 547750743 from 575701297@[群:816890778] "[face:id=427,raw={'faceIndex': 427, 'faceText': '[偷感]', 'faceType': 3, 'packId': '1'...,resultId=,chainCount=0]"
03-01 08:21:42 [INFO] nonebot | Event will be handled by Matcher(type='message', module=zhenxun.builtin_plugins.chat_history.chat_message, lineno=39)
03-01 08:21:42 [INFO] nonebot | Matcher(type='message', module=zhenxun.builtin_plugins.chat_history.chat_message, lineno=39) running complete
03-01 08:21:46 [SUCCESS] nonebot | OneBot V11 3042447114 | [message.group.normal]: Message 1554052070 from 2407586440@[群:645741432] '[image:summary=[动画表情],file=4CCE77B556987FEFA16072ECEE87DA51.jpg,sub_type=1,url=https://multimedia.nt.qq.com.cn/download?appid=1407&fileid=EhT7zpWa...,file_size=151552]'
03-01 08:21:46 [INFO] nonebot | Event will be handled by Matcher(type='message', module=zhenxun.builtin_plugins.chat_history.chat_message, lineno=39)
03-01 08:21:46 [INFO] nonebot | Matcher(type='message', module=zhenxun.builtin_plugins.chat_history.chat_message, lineno=39) running complete
03-01 08:21:46 [SUCCESS] nonebot | OneBot V11 3042447114 | [message.group.normal]: Message 1204155856 from 393045366@[群:392644938] '下午四点就能倒一批出来'
03-01 08:21:46 [INFO] nonebot | Event will be handled by Matcher(type='message', module=zhenxun.builtin_plugins.chat_history.chat_message, lineno=39)
03-01 08:21:46 [INFO] nonebot | Matcher(type='message', module=zhenxun.builtin_plugins.chat_history.chat_message, lineno=39) running complete
03-01 08:21:48 [SUCCESS] nonebot | OneBot V11 3042447114 | [message.group.normal]: Message 720665526 from 393045366@[群:392644938] '[image:summary=[动画表情],file=65597E1C08CF7E1ED9065E4F83D2721D.jpg,sub_type=1,url=https://multimedia.nt.qq.com.cn/download?appid=1407&fileid=EhTOJdFe...,file_size=576616]'
03-01 08:21:48 [INFO] nonebot | Event will be handled by Matcher(type='message', module=zhenxun.builtin_plugins.chat_history.chat_message, lineno=39)
03-01 08:21:48 [INFO] nonebot | Matcher(type='message', module=zhenxun.builtin_plugins.chat_history.chat_message, lineno=39) running complete
03-01 08:21:50 [SUCCESS] nonebot | OneBot V11 3042447114 | [message.group.normal]: Message 880062996 from 1810737938@[群:392644938] "[face:id=367,raw={'faceIndex': 367, 'faceText': '/狗狗疑问', 'faceType': 3, 'packId': '2...,resultId=,chainCount=0]"
03-01 08:21:50 [INFO] nonebot | Event will be handled by Matcher(type='message', module=zhenxun.builtin_plugins.chat_history.chat_message, lineno=39)
03-01 08:21:50 [INFO] nonebot | Matcher(type='message', module=zhenxun.builtin_plugins.chat_history.chat_message, lineno=39) running complete
03-01 08:21:55 [SUCCESS] nonebot | OneBot V11 3042447114 | [message.group.normal]: Message 2092009916 from 751488381@[群:645741432] '还有一个弗利姆'
03-01 08:21:55 [INFO] nonebot | Event will be handled by Matcher(type='message', module=zhenxun.builtin_plugins.chat_history.chat_message, lineno=39)
03-01 08:21:55 [INFO] nonebot | Matcher(type='message', module=zhenxun.builtin_plugins.chat_history.chat_message, lineno=39) running complete
03-01 08:21:57 [SUCCESS] nonebot | OneBot V11 3042447114 | [message.group.normal]: Message 1495764004 from 393045366@[群:392644938] '[at:qq=1810737938] 氪不氪'
03-01 08:21:57 [INFO] nonebot | Event will be handled by Matcher(type='message', module=zhenxun.builtin_plugins.chat_history.chat_message, lineno=39)
03-01 08:21:57 [INFO] nonebot | Matcher(type='message', module=zhenxun.builtin_plugins.chat_history.chat_message, lineno=39) running complete
03-01 08:22:00 [SUCCESS] nonebot | OneBot V11 3042447114 | [message.group.normal]: Message 1615699633 from 393045366@[群:392644938] '老婆大人'
03-01 08:22:00 [INFO] nonebot | Event will be handled by Matcher(type='message', module=zhenxun.builtin_plugins.chat_history.chat_message, lineno=39)
03-01 08:22:00 [INFO] nonebot | Matcher(type='message', module=zhenxun.builtin_plugins.chat_history.chat_message, lineno=39) running complete
03-01 08:22:01 [SUCCESS] nonebot | OneBot V11 3042447114 | [message.group.normal]: Message 524180493 from 2407586440@[群:645741432] '现在拜斯大于舞娘了'
03-01 08:22:01 [INFO] nonebot | Event will be handled by Matcher(type='message', module=zhenxun.builtin_plugins.chat_history.chat_message, lineno=39)
03-01 08:22:01 [INFO] nonebot | Matcher(type='message', module=zhenxun.builtin_plugins.chat_history.chat_message, lineno=39) running complete
03-01 08:22:01 [SUCCESS] nonebot | OneBot V11 3042447114 | [message.group.normal]: Message 1351808590 from 393045366@[群:392644938] '[image:summary=[动画表情],file=65597E1C08CF7E1ED9065E4F83D2721D.jpg,sub_type=1,url=https://multimedia.nt.qq.com.cn/download?appid=1407&fileid=EhTOJdFe...,file_size=576616]'
03-01 08:22:01 [INFO] nonebot | Event will be handled by Matcher(type='message', module=zhenxun.builtin_plugins.chat_history.chat_message, lineno=39)
03-01 08:22:01 [INFO] nonebot | Matcher(type='message', module=zhenxun.builtin_plugins.chat_history.chat_message, lineno=39) running complete
03-01 08:22:02 [SUCCESS] nonebot | OneBot V11 3042447114 | [message.group.normal]: Message 1084629320 from 821923589@[群:1032235226] '[image:summary=[贴贴],file=4e-4eb74127034388b2a7f200fa7e3c15c8.gif,url=https://gxh.vip.qq.com/club/item/parcel/item/4e/4eb74127034388b2a7f...,key=9d67c3ed2ef8a3fe,emoji_id=4eb74127034388b2a7f200fa7e3c15c8,emoji_package_id=241757]'
03-01 08:22:02 [INFO] nonebot | Event will be handled by Matcher(type='message', module=zhenxun.builtin_plugins.chat_history.chat_message, lineno=39)
03-01 08:22:02 [INFO] nonebot | Matcher(type='message', module=zhenxun.builtin_plugins.chat_history.chat_message, lineno=39) running complete
03-01 08:22:13 [SUCCESS] nonebot | OneBot V11 3042447114 | [message.group.normal]: Message 1246208823 from 575701297@[群:645741432] '有拜斯 舞娘可以靠后'
03-01 08:22:13 [INFO] nonebot | Event will be handled by Matcher(type='message', module=zhenxun.builtin_plugins.chat_history.chat_message, lineno=39)
03-01 08:22:13 [INFO] nonebot | Matcher(type='message', module=zhenxun.builtin_plugins.chat_history.chat_message, lineno=39) running complete
03-01 08:22:17 [SUCCESS] nonebot | OneBot V11 3042447114 | [message.group.normal]: Message 511401908 from 575701297@[群:645741432] '还真是'
03-01 08:22:17 [INFO] nonebot | Event will be handled by Matcher(type='message', module=zhenxun.builtin_plugins.chat_history.chat_message, lineno=39)
03-01 08:22:17 [INFO] nonebot | Matcher(type='message', module=zhenxun.builtin_plugins.chat_history.chat_message, lineno=39) running complete
03-01 08:22:22 [SUCCESS] nonebot | OneBot V11 3042447114 | [message.group.normal]: Message 10647114 from 751488381@[群:645741432] '那我现在手里的有利竞争者  就是  弗利姆和佳尼特了？'
03-01 08:22:22 [INFO] nonebot | Event will be handled by Matcher(type='message', module=zhenxun.builtin_plugins.chat_history.chat_message, lineno=39)
03-01 08:22:22 [INFO] nonebot | Matcher(type='message', module=zhenxun.builtin_plugins.chat_history.chat_message, lineno=39) running complete
03-01 08:22:24 [SUCCESS] nonebot | OneBot V11 3042447114 | [message.group.normal]: Message 567740525 from 575701297@[群:645741432] '拜斯就是三体人'
03-01 08:22:24 [INFO] nonebot | Event will be handled by Matcher(type='message', module=zhenxun.builtin_plugins.chat_history.chat_message, lineno=39)
03-01 08:22:24 [INFO] nonebot | Matcher(type='message', module=zhenxun.builtin_plugins.chat_history.chat_message, lineno=39) running complete
03-01 08:22:28 [SUCCESS] nonebot | OneBot V11 3042447114 | [message.group.normal]: Message 1480050106 from 365103469@[群:645741432] '舞娘又可以下台了'
03-01 08:22:28 [INFO] nonebot | Event will be handled by Matcher(type='message', module=zhenxun.builtin_plugins.chat_history.chat_message, lineno=39)
03-01 08:22:28 [INFO] nonebot | Matcher(type='message', module=zhenxun.builtin_plugins.chat_history.chat_message, lineno=39) running complete
03-01 08:22:28 [SUCCESS] nonebot | OneBot V11 3042447114 | [message.group.normal]: Message 823791128 from 2829612998@[群:1032235226] '[image:summary=[贴贴],file=8b-8b40e88e33706a872181fe78668528b7.gif,url=https://gxh.vip.qq.com/club/item/parcel/item/8b/8b40e88e33706a87218...,key=297153160fa2e1ad,emoji_id=8b40e88e33706a872181fe78668528b7,emoji_package_id=237490]'
03-01 08:22:28 [INFO] nonebot | Event will be handled by Matcher(type='message', module=zhenxun.builtin_plugins.chat_history.chat_message, lineno=39)
03-01 08:22:28 [INFO] nonebot | Matcher(type='message', module=zhenxun.builtin_plugins.chat_history.chat_message, lineno=39) running complete
03-01 08:22:28 [SUCCESS] nonebot | OneBot V11 3042447114 | [message.group.normal]: Message 178126992 from 2407586440@[群:645741432] '你后面要练的只有佳妮特，妮妮，乙叶，琼'
03-01 08:22:28 [INFO] nonebot | Event will be handled by Matcher(type='message', module=zhenxun.builtin_plugins.chat_history.chat_message, lineno=39)
03-01 08:22:28 [INFO] nonebot | Matcher(type='message', module=zhenxun.builtin_plugins.chat_history.chat_message, lineno=39) running complete
03-01 08:22:29 [SUCCESS] nonebot | OneBot V11 3042447114 | [message.group.normal]: Message 90065853 from 751488381@[群:645741432] '她俩朽谁好'
03-01 08:22:29 [INFO] nonebot | Event will be handled by Matcher(type='message', module=zhenxun.builtin_plugins.chat_history.chat_message, lineno=39)
03-01 08:22:29 [INFO] nonebot | Matcher(type='message', module=zhenxun.builtin_plugins.chat_history.chat_message, lineno=39) running complete
03-01 08:22:33 [SUCCESS] nonebot | OneBot V11 3042447114 | [message.group.normal]: Message 1807685685 from 2407586440@[群:645741432] '舞娘不需要'
03-01 08:22:33 [INFO] nonebot | Event will be handled by Matcher(type='message', module=zhenxun.builtin_plugins.chat_history.chat_message, lineno=39)
03-01 08:22:33 [INFO] nonebot | Matcher(type='message', module=zhenxun.builtin_plugins.chat_history.chat_message, lineno=39) running complete
03-01 08:22:38 [SUCCESS] nonebot | OneBot V11 3042447114 | [message.group.normal]: Message 958216965 from 2642740379@[群:645741432] '[reply:id=1934934069][at:qq=2407586440] 早'
03-01 08:22:38 [INFO] nonebot | Event will be handled by Matcher(type='message', module=zhenxun.builtin_plugins.chat_history.chat_message, lineno=39)
03-01 08:22:38 [INFO] nonebot | Matcher(type='message', module=zhenxun.builtin_plugins.chat_history.chat_message, lineno=39) running complete
03-01 08:22:43 [SUCCESS] nonebot | OneBot V11 3042447114 | [message.group.normal]: Message 812386266 from 2642740379@[群:645741432] '[image:summary=,file=4CCE77B556987FEFA16072ECEE87DA51.jpg,sub_type=0,url=https://multimedia.nt.qq.com.cn/download?appid=1407&fileid=EhT7zpWa...,file_size=151552]'
03-01 08:22:43 [INFO] nonebot | Event will be handled by Matcher(type='message', module=zhenxun.builtin_plugins.chat_history.chat_message, lineno=39)
03-01 08:22:43 [INFO] nonebot | Matcher(type='message', module=zhenxun.builtin_plugins.chat_history.chat_message, lineno=39) running complete
03-01 08:22:51 [SUCCESS] nonebot | OneBot V11 3042447114 | [message.group.normal]: Message 1798103610 from 575701297@[群:645741432] '[image:summary=,file=4CCE77B556987FEFA16072ECEE87DA51.jpg,sub_type=0,url=https://multimedia.nt.qq.com.cn/download?appid=1407&fileid=EhT7zpWa...,file_size=151552]反正都要朽'
03-01 08:22:51 [INFO] nonebot | Event will be handled by Matcher(type='message', module=zhenxun.builtin_plugins.chat_history.chat_message, lineno=39)
03-01 08:22:51 [INFO] nonebot | Matcher(type='message', module=zhenxun.builtin_plugins.chat_history.chat_message, lineno=39) running complete
03-01 08:22:54 [SUCCESS] nonebot | OneBot V11 3042447114 | [message.group.normal]: Message 445184527 from 751488381@[群:645741432] '感觉弗利姆和佳尼特好像  都不算特别必要朽是吧'
03-01 08:22:54 [INFO] nonebot | Event will be handled by Matcher(type='message', module=zhenxun.builtin_plugins.chat_history.chat_message, lineno=39)
03-01 08:22:54 [INFO] nonebot | Matcher(type='message', module=zhenxun.builtin_plugins.chat_history.chat_message, lineno=39) running complete
03-01 08:22:57 [SUCCESS] nonebot | OneBot V11 3042447114 | [message.group.normal]: Message 975437307 from 751488381@[群:645741432] '那我朽琼？'
03-01 08:22:57 [INFO] nonebot | Event will be handled by Matcher(type='message', module=zhenxun.builtin_plugins.chat_history.chat_message, lineno=39)
03-01 08:22:57 [INFO] nonebot | Matcher(type='message', module=zhenxun.builtin_plugins.chat_history.chat_message, lineno=39) running complete
03-01 08:22:59 [SUCCESS] nonebot | OneBot V11 3042447114 | [message.group.normal]: Message 1083661616 from 575701297@[群:645741432] '谁先谁后也没啥区别'
03-01 08:22:59 [INFO] nonebot | Event will be handled by Matcher(type='message', module=zhenxun.builtin_plugins.chat_history.chat_message, lineno=39)
03-01 08:22:59 [INFO] nonebot | Matcher(type='message', module=zhenxun.builtin_plugins.chat_history.chat_message, lineno=39) running complete
03-01 08:23:05 [SUCCESS] nonebot | OneBot V11 3042447114 | [message.group.normal]: Message 550913119 from 2407586440@[群:645741432] '佳妮特很需要'
03-01 08:23:05 [INFO] nonebot | Event will be handled by Matcher(type='message', module=zhenxun.builtin_plugins.chat_history.chat_message, lineno=39)
03-01 08:23:05 [INFO] nonebot | Matcher(type='message', module=zhenxun.builtin_plugins.chat_history.chat_message, lineno=39) running complete
03-01 08:23:06 [SUCCESS] nonebot | OneBot V11 3042447114 | [message.group.normal]: Message 538369260 from 575701297@[群:645741432] '琼吃遗物'
03-01 08:23:06 [INFO] nonebot | Event will be handled by Matcher(type='message', module=zhenxun.builtin_plugins.chat_history.chat_message, lineno=39)
03-01 08:23:06 [INFO] nonebot | Matcher(type='message', module=zhenxun.builtin_plugins.chat_history.chat_message, lineno=39) running complete
03-01 08:23:08 [SUCCESS] nonebot | OneBot V11 3042447114 | [message.group.normal]: Message 2005418189 from 393045366@[群:392644938] '7.65折'
03-01 08:23:08 [INFO] nonebot | Event will be handled by Matcher(type='message', module=zhenxun.builtin_plugins.chat_history.chat_message, lineno=39)
03-01 08:23:08 [INFO] nonebot | Matcher(type='message', module=zhenxun.builtin_plugins.chat_history.chat_message, lineno=39) running complete
03-01 08:23:13 [SUCCESS] nonebot | OneBot V11 3042447114 | [message.group.normal]: Message 489120163 from 365103469@[群:645741432] '之前谁朽遗她的遗物直接小丑了'
03-01 08:23:13 [INFO] nonebot | Event will be handled by Matcher(type='message', module=zhenxun.builtin_plugins.chat_history.chat_message, lineno=39)
03-01 08:23:13 [INFO] nonebot | Matcher(type='message', module=zhenxun.builtin_plugins.chat_history.chat_message, lineno=39) running complete
03-01 08:23:13 [SUCCESS] nonebot | OneBot V11 3042447114 | [message.group.normal]: Message 1047329542 from 393045366@[群:392644938] '不咋行啊'
03-01 08:23:13 [INFO] nonebot | Event will be handled by Matcher(type='message', module=zhenxun.builtin_plugins.chat_history.chat_message, lineno=39)
03-01 08:23:13 [INFO] nonebot | Matcher(type='message', module=zhenxun.builtin_plugins.chat_history.chat_message, lineno=39) running complete
03-01 08:23:15 [SUCCESS] nonebot | OneBot V11 3042447114 | [message.group.normal]: Message 1750106687 from 365103469@[群:645741432] "[face:id=182,raw={'faceIndex': 182, 'faceText': None, 'faceType': 1, 'packId': None,...]"
03-01 08:23:15 [INFO] nonebot | Event will be handled by Matcher(type='message', module=zhenxun.builtin_plugins.chat_history.chat_message, lineno=39)
03-01 08:23:15 [INFO] nonebot | Matcher(type='message', module=zhenxun.builtin_plugins.chat_history.chat_message, lineno=39) running complete
03-01 08:23:18 [SUCCESS] nonebot | OneBot V11 3042447114 | [message.group.normal]: Message 315456359 from 289172545@[群:392644938] '好'
03-01 08:23:18 [INFO] nonebot | Event will be handled by Matcher(type='message', module=zhenxun.builtin_plugins.chat_history.chat_message, lineno=39)
03-01 08:23:18 [INFO] nonebot | Matcher(type='message', module=zhenxun.builtin_plugins.chat_history.chat_message, lineno=39) running complete
03-01 08:23:21 [SUCCESS] nonebot | OneBot V11 3042447114 | [message.group.normal]: Message 1920816790 from 289172545@[群:392644938] '7.7'
03-01 08:23:21 [INFO] nonebot | Event will be handled by Matcher(type='message', module=zhenxun.builtin_plugins.chat_history.chat_message, lineno=39)
03-01 08:23:21 [INFO] nonebot | Matcher(type='message', module=zhenxun.builtin_plugins.chat_history.chat_message, lineno=39) running complete
03-01 08:23:22 [SUCCESS] nonebot | OneBot V11 3042447114 | [message.group.normal]: Message 1117498261 from 2407586440@[群:645741432] '琼可以捡破烂'
03-01 08:23:22 [INFO] nonebot | Event will be handled by Matcher(type='message', module=zhenxun.builtin_plugins.chat_history.chat_message, lineno=39)
03-01 08:23:22 [INFO] nonebot | Matcher(type='message', module=zhenxun.builtin_plugins.chat_history.chat_message, lineno=39) running complete
03-01 08:23:28 [SUCCESS] nonebot | OneBot V11 3042447114 | [message.group.normal]: Message 1288467015 from 365103469@[群:645741432] '还没过半年就下岗'
03-01 08:23:28 [INFO] nonebot | Event will be handled by Matcher(type='message', module=zhenxun.builtin_plugins.chat_history.chat_message, lineno=39)
03-01 08:23:28 [INFO] nonebot | Matcher(type='message', module=zhenxun.builtin_plugins.chat_history.chat_message, lineno=39) running complete
03-01 08:23:30 [SUCCESS] nonebot | OneBot V11 3042447114 | [message.group.normal]: Message 857645262 from 393045366@[群:392644938] '反正卖八折'
03-01 08:23:30 [INFO] nonebot | Event will be handled by Matcher(type='message', module=zhenxun.builtin_plugins.chat_history.chat_message, lineno=39)
03-01 08:23:30 [INFO] nonebot | Matcher(type='message', module=zhenxun.builtin_plugins.chat_history.chat_message, lineno=39) running complete
03-01 08:23:37 [SUCCESS] nonebot | OneBot V11 3042447114 | [message.group.normal]: Message 1988118977 from 393045366@[群:392644938] '我最近一个月都是卖八折的'
03-01 08:23:37 [INFO] nonebot | Event will be handled by Matcher(type='message', module=zhenxun.builtin_plugins.chat_history.chat_message, lineno=39)
03-01 08:23:37 [INFO] nonebot | Matcher(type='message', module=zhenxun.builtin_plugins.chat_history.chat_message, lineno=39) running complete
03-01 08:23:37 [SUCCESS] nonebot | OneBot V11 3042447114 | [message.group.normal]: Message 660630711 from 751488381@[群:645741432] '好那我还是朽佳尼特去了'
03-01 08:23:37 [INFO] nonebot | Event will be handled by Matcher(type='message', module=zhenxun.builtin_plugins.chat_history.chat_message, lineno=39)
03-01 08:23:37 [INFO] nonebot | Matcher(type='message', module=zhenxun.builtin_plugins.chat_history.chat_message, lineno=39) running complete
03-01 08:23:39 [SUCCESS] nonebot | OneBot V11 3042447114 | [message.group.normal]: Message 1814912693 from 393045366@[群:392644938] '[image:summary=[emm],file=7B79CBCDC4C4B1BA3D3ACF8CDF228C40.jpg,sub_type=7,url=https://multimedia.nt.qq.com.cn/download?appid=1407&fileid=EhT_91LO...,file_size=1783]'
03-01 08:23:39 [INFO] nonebot | Event will be handled by Matcher(type='message', module=zhenxun.builtin_plugins.chat_history.chat_message, lineno=39)
03-01 08:23:39 [INFO] nonebot | Matcher(type='message', module=zhenxun.builtin_plugins.chat_history.chat_message, lineno=39) running complete
03-01 08:23:44 [SUCCESS] nonebot | OneBot V11 3042447114 | [message.group.normal]: Message 1698148780 from 365103469@[群:645741432] '雷队在你游真的不是富贵命'
03-01 08:23:44 [INFO] nonebot | Event will be handled by Matcher(type='message', module=zhenxun.builtin_plugins.chat_history.chat_message, lineno=39)
03-01 08:23:44 [INFO] nonebot | Matcher(type='message', module=zhenxun.builtin_plugins.chat_history.chat_message, lineno=39) running complete
03-01 08:23:58 [SUCCESS] nonebot | OneBot V11 3042447114 | [message.group.normal]: Message 1114475071 from 289172545@[群:392644938] '[image:summary=[emm],file=7B79CBCDC4C4B1BA3D3ACF8CDF228C40.jpg,sub_type=7,url=https://multimedia.nt.qq.com.cn/download?appid=1407&fileid=EhT_91LO...,file_size=1783]'
03-01 08:23:58 [INFO] nonebot | Event will be handled by Matcher(type='message', module=zhenxun.builtin_plugins.chat_history.chat_message, lineno=39)
03-01 08:23:58 [INFO] nonebot | Matcher(type='message', module=zhenxun.builtin_plugins.chat_history.chat_message, lineno=39) running complete
03-01 08:24:00 [SUCCESS] nonebot | OneBot V11 3042447114 | [message.group.normal]: Message 1803812927 from 393045366@[群:392644938] '就是怕某天突然余额不好倒'
03-01 08:24:00 [INFO] nonebot | Event will be handled by Matcher(type='message', module=zhenxun.builtin_plugins.chat_history.chat_message, lineno=39)
03-01 08:24:00 [INFO] nonebot | Matcher(type='message', module=zhenxun.builtin_plugins.chat_history.chat_message, lineno=39) running complete
03-01 08:24:07 [SUCCESS] nonebot | OneBot V11 3042447114 | [message.group.normal]: Message 1883885617 from 365103469@[群:645741432] '不如期待未来的冰队'
03-01 08:24:07 [INFO] nonebot | Event will be handled by Matcher(type='message', module=zhenxun.builtin_plugins.chat_history.chat_message, lineno=39)
03-01 08:24:07 [INFO] nonebot | Matcher(type='message', module=zhenxun.builtin_plugins.chat_history.chat_message, lineno=39) running complete
03-01 08:24:15 [SUCCESS] nonebot | OneBot V11 3042447114 | [message.group.normal]: Message 1018042690 from 1810737938@[群:392644938] '氪的'
03-01 08:24:15 [INFO] nonebot | Event will be handled by Matcher(type='message', module=zhenxun.builtin_plugins.chat_history.chat_message, lineno=39)
03-01 08:24:15 [INFO] nonebot | Matcher(type='message', module=zhenxun.builtin_plugins.chat_history.chat_message, lineno=39) running complete
03-01 08:24:16 [SUCCESS] nonebot | OneBot V11 3042447114 | [message.group.normal]: Message 1234984384 from 1810737938@[群:392644938] '早'
03-01 08:24:16 [INFO] nonebot | Event will be handled by Matcher(type='message', module=zhenxun.builtin_plugins.chat_history.chat_message, lineno=39)
03-01 08:24:16 [INFO] nonebot | Matcher(type='message', module=zhenxun.builtin_plugins.chat_history.chat_message, lineno=39) running complete
03-01 08:24:20 [SUCCESS] nonebot | OneBot V11 3042447114 | [message.group.normal]: Message 638275421 from 1600310529@[群:392644938] "[face:id=178,raw={'faceIndex': 178, 'faceText': None, 'faceType': 1, 'packId': None,...]"
03-01 08:24:20 [INFO] nonebot | Event will be handled by Matcher(type='message', module=zhenxun.builtin_plugins.chat_history.chat_message, lineno=39)
03-01 08:24:20 [INFO] nonebot | Matcher(type='message', module=zhenxun.builtin_plugins.chat_history.chat_message, lineno=39) running complete
03-01 08:24:20 [SUCCESS] nonebot | OneBot V11 3042447114 | [message.group.normal]: Message 1305274653 from 1075156499@[群:816890778] '[image:summary=,file=988C1744A8F0980F98553B6D7AABC8B5.jpg,sub_type=0,url=https://multimedia.nt.qq.com.cn/download?appid=1407&fileid=EhTAC34D...,file_size=192723]'
03-01 08:24:20 [INFO] nonebot | Event will be handled by Matcher(type='message', module=zhenxun.builtin_plugins.chat_history.chat_message, lineno=39)
03-01 08:24:20 [INFO] nonebot | Matcher(type='message', module=zhenxun.builtin_plugins.chat_history.chat_message, lineno=39) running complete
03-01 08:24:20 [SUCCESS] nonebot | OneBot V11 3042447114 | [message.group.normal]: Message 1422838957 from 1810737938@[群:392644938] '[image:summary=[送花],file=06-0618b399642b60ca3c5f049316214ada.gif,url=https://gxh.vip.qq.com/club/item/parcel/item/06/0618b399642b60ca3c5...,key=d968335d1aa0b28a,emoji_id=0618b399642b60ca3c5f049316214ada,emoji_package_id=206059]'
03-01 08:24:20 [INFO] nonebot | Event will be handled by Matcher(type='message', module=zhenxun.builtin_plugins.chat_history.chat_message, lineno=39)
03-01 08:24:20 [INFO] nonebot | Matcher(type='message', module=zhenxun.builtin_plugins.chat_history.chat_message, lineno=39) running complete
03-01 08:24:31 [SUCCESS] nonebot | OneBot V11 3042447114 | [message.group.normal]: Message 1396206010 from 365103469@[群:645741432] '火队目前倒是混的风生水起'
03-01 08:24:31 [INFO] nonebot | Event will be handled by Matcher(type='message', module=zhenxun.builtin_plugins.chat_history.chat_message, lineno=39)
03-01 08:24:31 [INFO] nonebot | Matcher(type='message', module=zhenxun.builtin_plugins.chat_history.chat_message, lineno=39) running complete
03-01 08:24:33 [SUCCESS] nonebot | OneBot V11 3042447114 | [message.group.normal]: Message 1347501750 from 1305263714@[群:308422658] '打高分难'
03-01 08:24:33 [INFO] nonebot | Event will be handled by Matcher(type='message', module=zhenxun.builtin_plugins.chat_history.chat_message, lineno=39)
03-01 08:24:33 [INFO] nonebot | Matcher(type='message', module=zhenxun.builtin_plugins.chat_history.chat_message, lineno=39) running complete
03-01 08:24:41 [SUCCESS] nonebot | OneBot V11 3042447114 | [message.group.normal]: Message 245362616 from 365103469@[群:645741432] '雪莉打树人也有一席之地'
03-01 08:24:41 [INFO] nonebot | Event will be handled by Matcher(type='message', module=zhenxun.builtin_plugins.chat_history.chat_message, lineno=39)
03-01 08:24:41 [INFO] nonebot | Matcher(type='message', module=zhenxun.builtin_plugins.chat_history.chat_message, lineno=39) running complete
03-01 08:24:51 [SUCCESS] nonebot | OneBot V11 3042447114 | [message.group.normal]: Message 1022599174 from 393045366@[群:392644938] '剩下495'
03-01 08:24:51 [INFO] nonebot | Event will be handled by Matcher(type='message', module=zhenxun.builtin_plugins.chat_history.chat_message, lineno=39)
03-01 08:24:51 [INFO] nonebot | Matcher(type='message', module=zhenxun.builtin_plugins.chat_history.chat_message, lineno=39) running complete
03-01 08:24:57 [SUCCESS] nonebot | OneBot V11 3042447114 | [message.group.normal]: Message 343495261 from 393045366@[群:392644938] '够一单了'
03-01 08:24:57 [INFO] nonebot | Event will be handled by Matcher(type='message', module=zhenxun.builtin_plugins.chat_history.chat_message, lineno=39)
03-01 08:24:57 [INFO] nonebot | Matcher(type='message', module=zhenxun.builtin_plugins.chat_history.chat_message, lineno=39) running complete
03-01 08:25:26 [SUCCESS] nonebot | OneBot V11 3042447114 | [message.group.normal]: Message 740611562 from 751488381@[群:645741432] '火队毕竟有螺丝'
03-01 08:25:26 [INFO] nonebot | Event will be handled by Matcher(type='message', module=zhenxun.builtin_plugins.chat_history.chat_message, lineno=39)
03-01 08:25:26 [INFO] nonebot | Matcher(type='message', module=zhenxun.builtin_plugins.chat_history.chat_message, lineno=39) running complete
03-01 08:26:09 [SUCCESS] nonebot | OneBot V11 3042447114 | [message.group.normal]: Message 1870440768 from 365103469@[群:645741432] '火队有两个女儿 怎么赢'
03-01 08:26:09 [INFO] nonebot | Event will be handled by Matcher(type='message', module=zhenxun.builtin_plugins.chat_history.chat_message, lineno=39)
03-01 08:26:09 [SUCCESS] nonebot | OneBot V11 3042447114 | [message.group.normal]: Message 510644104 from 393045366@[群:392644938] '其实日元这一个月涨了快20了'
03-01 08:26:09 [INFO] nonebot | Matcher(type='message', module=zhenxun.builtin_plugins.chat_history.chat_message, lineno=39) running complete
03-01 08:26:09 [INFO] nonebot | Event will be handled by Matcher(type='message', module=zhenxun.builtin_plugins.chat_history.chat_message, lineno=39)
03-01 08:26:09 [INFO] nonebot | Matcher(type='message', module=zhenxun.builtin_plugins.chat_history.chat_message, lineno=39) running complete
03-01 08:26:12 [SUCCESS] nonebot | OneBot V11 3042447114 | [message.group.normal]: Message 2016620236 from 393045366@[群:392644938] '[image:summary=[emm],file=7B79CBCDC4C4B1BA3D3ACF8CDF228C40.jpg,sub_type=7,url=https://multimedia.nt.qq.com.cn/download?appid=1407&fileid=EhT_91LO...,file_size=1783]'
03-01 08:26:12 [INFO] nonebot | Event will be handled by Matcher(type='message', module=zhenxun.builtin_plugins.chat_history.chat_message, lineno=39)
03-01 08:26:12 [INFO] nonebot | Matcher(type='message', module=zhenxun.builtin_plugins.chat_history.chat_message, lineno=39) running complete
03-01 08:26:34 [SUCCESS] nonebot | OneBot V11 3042447114 | [message.group.normal]: Message 179944200 from 393045366@[群:392644938] '一个多月吧'
03-01 08:26:34 [INFO] nonebot | Event will be handled by Matcher(type='message', module=zhenxun.builtin_plugins.chat_history.chat_message, lineno=39)
03-01 08:26:34 [INFO] nonebot | Matcher(type='message', module=zhenxun.builtin_plugins.chat_history.chat_message, lineno=39) running complete
03-01 08:26:35 [SUCCESS] nonebot | OneBot V11 3042447114 | [message.group.normal]: Message 1659599044 from 751488381@[群:645741432] '好缺狗粮'
03-01 08:26:35 [INFO] nonebot | Event will be handled by Matcher(type='message', module=zhenxun.builtin_plugins.chat_history.chat_message, lineno=39)
03-01 08:26:35 [INFO] nonebot | Matcher(type='message', module=zhenxun.builtin_plugins.chat_history.chat_message, lineno=39) running complete
03-01 08:26:36 [SUCCESS] nonebot | OneBot V11 3042447114 | [message.group.normal]: Message 2124153123 from 365103469@[群:645741432] '修女组各种福利'
03-01 08:26:36 [INFO] nonebot | Event will be handled by Matcher(type='message', module=zhenxun.builtin_plugins.chat_history.chat_message, lineno=39)
03-01 08:26:36 [INFO] nonebot | Matcher(type='message', module=zhenxun.builtin_plugins.chat_history.chat_message, lineno=39) running complete
03-01 08:26:42 [SUCCESS] nonebot | OneBot V11 3042447114 | [message.group.normal]: Message 829621526 from 751488381@[群:645741432] '朽佳尼特给我送了一些种族卷'
03-01 08:26:42 [INFO] nonebot | Event will be handled by Matcher(type='message', module=zhenxun.builtin_plugins.chat_history.chat_message, lineno=39)
03-01 08:26:42 [INFO] nonebot | Matcher(type='message', module=zhenxun.builtin_plugins.chat_history.chat_message, lineno=39) running complete
03-01 08:26:48 [SUCCESS] nonebot | OneBot V11 3042447114 | [message.group.normal]: Message 874819963 from 393045366@[群:392644938] '一月份最多361'
03-01 08:26:48 [INFO] nonebot | Event will be handled by Matcher(type='message', module=zhenxun.builtin_plugins.chat_history.chat_message, lineno=39)
03-01 08:26:48 [INFO] nonebot | Matcher(type='message', module=zhenxun.builtin_plugins.chat_history.chat_message, lineno=39) running complete
03-01 08:26:52 [SUCCESS] nonebot | OneBot V11 3042447114 | [message.group.normal]: Message 1646813745 from 751488381@[群:645741432] '周一的时候抽抽人池尝试把螺丝朽上去好了'
03-01 08:26:53 [INFO] nonebot | Event will be handled by Matcher(type='message', module=zhenxun.builtin_plugins.chat_history.chat_message, lineno=39)
03-01 08:26:53 [INFO] nonebot | Matcher(type='message', module=zhenxun.builtin_plugins.chat_history.chat_message, lineno=39) running complete
03-01 08:26:53 [SUCCESS] nonebot | OneBot V11 3042447114 | [notice.group_recall]: {'time': 1740788813, 'self_id': 3042447114, 'post_type': 'notice', 'notice_type': 'group_recall', 'user_id': 393045366, 'group_id': 392644938, 'operator_id': 393045366, 'message_id': 874819963}
03-01 08:26:53 [INFO] nonebot | Event will be handled by Matcher(type='notice', module=zhenxun.plugins.zhenxun_plugin_draw_painting, lineno=61)
03-01 08:26:53 [INFO] nonebot | Event will be handled by Matcher(type='notice', module=zhenxun.plugins.zhenxun_plugin_draw_painting, lineno=62)
03-01 08:26:53 [INFO] nonebot | Event will be handled by Matcher(type='notice', module=zhenxun.plugins.monitor, lineno=18)
03-01 08:26:53 [INFO] nonebot | Event will be handled by Matcher(type='notice', module=zhenxun.plugins.monitor, lineno=19)
03-01 08:26:53 [INFO] nonebot | Event will be handled by Matcher(type='notice', module=zhenxun.plugins.monitor, lineno=20)
03-01 08:26:53 [INFO] nonebot | Matcher(type='notice', module=zhenxun.plugins.monitor, lineno=18) running complete
03-01 08:26:53 [INFO] nonebot | Matcher(type='notice', module=zhenxun.plugins.zhenxun_plugin_draw_painting, lineno=61) running complete
03-01 08:26:53 [INFO] nonebot | Matcher(type='notice', module=zhenxun.plugins.zhenxun_plugin_draw_painting, lineno=62) running complete
03-01 08:26:53 [INFO] nonebot | Matcher(type='notice', module=zhenxun.plugins.monitor, lineno=19) running complete
03-01 08:26:53 [INFO] nonebot | Matcher(type='notice', module=zhenxun.plugins.monitor, lineno=20) running complete
03-01 08:26:59 [SUCCESS] nonebot | OneBot V11 3042447114 | [message.group.normal]: Message 700635330 from 2130913299@[群:864523321] '早'
03-01 08:26:59 [INFO] nonebot | Event will be handled by Matcher(type='message', module=zhenxun.builtin_plugins.chat_history.chat_message, lineno=39)
03-01 08:26:59 [INFO] nonebot | Matcher(type='message', module=zhenxun.builtin_plugins.chat_history.chat_message, lineno=39) running complete
03-01 08:26:59 [SUCCESS] nonebot | OneBot V11 3042447114 | [message.group.normal]: Message 1879792391 from 2732748188@[群:864523321] '早上好哦～'
03-01 08:26:59 [INFO] nonebot | Event will be handled by Matcher(type='message', module=zhenxun.builtin_plugins.chat_history.chat_message, lineno=39)
03-01 08:26:59 [INFO] nonebot | Matcher(type='message', module=zhenxun.builtin_plugins.chat_history.chat_message, lineno=39) running complete
03-01 08:27:00 [SUCCESS] nonebot | OneBot V11 3042447114 | [message.group.normal]: Message 582561866 from 393045366@[群:392644938] '一月份最多461'
03-01 08:27:00 [INFO] nonebot | Event will be handled by Matcher(type='message', module=zhenxun.builtin_plugins.chat_history.chat_message, lineno=39)
03-01 08:27:00 [INFO] nonebot | Matcher(type='message', module=zhenxun.builtin_plugins.chat_history.chat_message, lineno=39) running complete
03-01 08:27:00 [SUCCESS] nonebot | OneBot V11 3042447114 | [message.group.normal]: Message 911211239 from 1471974278@[群:864523321] '早上好。。\n'
03-01 08:27:00 [INFO] nonebot | Event will be handled by Matcher(type='message', module=zhenxun.builtin_plugins.chat_history.chat_message, lineno=39)
03-01 08:27:00 [INFO] nonebot | Matcher(type='message', module=zhenxun.builtin_plugins.chat_history.chat_message, lineno=39) running complete
03-01 08:27:08 [SUCCESS] nonebot | OneBot V11 3042447114 | [message.group.normal]: Message 1955578015 from 393045366@[群:392644938] '现在478好像'
03-01 08:27:08 [INFO] nonebot | Event will be handled by Matcher(type='message', module=zhenxun.builtin_plugins.chat_history.chat_message, lineno=39)
03-01 08:27:08 [INFO] nonebot | Matcher(type='message', module=zhenxun.builtin_plugins.chat_history.chat_message, lineno=39) running complete
03-01 08:27:08 [SUCCESS] nonebot | OneBot V11 3042447114 | [message.group.normal]: Message 997221540 from 2130913299@[群:864523321] '摸摸琪露诺'
03-01 08:27:08 [INFO] nonebot | Event will be handled by Matcher(type='message', module=zhenxun.builtin_plugins.chat_history.chat_message, lineno=39)
03-01 08:27:08 [INFO] nonebot | Matcher(type='message', module=zhenxun.builtin_plugins.chat_history.chat_message, lineno=39) running complete
03-01 08:27:09 [SUCCESS] nonebot | OneBot V11 3042447114 | [message.group.normal]: Message 1247500498 from 2732748188@[群:864523321] '来啦～快来看本天才的新房子，什么？你说完全没有变化？明明这里....诶？我的，我的雪人呢？！\n对你的好感度增加了9，真是幸运呢~当前好感度为：286'
03-01 08:27:09 [INFO] nonebot | Event will be handled by Matcher(type='message', module=zhenxun.builtin_plugins.chat_history.chat_message, lineno=39)
03-01 08:27:09 [INFO] nonebot | Matcher(type='message', module=zhenxun.builtin_plugins.chat_history.chat_message, lineno=39) running complete
03-01 08:27:14 [SUCCESS] nonebot | OneBot V11 3042447114 | [message.group.normal]: Message 1137258222 from 2130913299@[群:864523321] '抱抱琪露诺'
03-01 08:27:14 [INFO] nonebot | Event will be handled by Matcher(type='message', module=zhenxun.builtin_plugins.chat_history.chat_message, lineno=39)
03-01 08:27:14 [INFO] nonebot | Matcher(type='message', module=zhenxun.builtin_plugins.chat_history.chat_message, lineno=39) running complete
03-01 08:27:15 [SUCCESS] nonebot | OneBot V11 3042447114 | [message.group.normal]: Message 1155974882 from 2732748188@[群:864523321] '好舒服喵~#在怀里睡着了w\n对你的好感度增加了7，当前好感度为：293'
03-01 08:27:15 [INFO] nonebot | Event will be handled by Matcher(type='message', module=zhenxun.builtin_plugins.chat_history.chat_message, lineno=39)
03-01 08:27:15 [INFO] nonebot | Matcher(type='message', module=zhenxun.builtin_plugins.chat_history.chat_message, lineno=39) running complete
03-01 08:27:18 [SUCCESS] nonebot | OneBot V11 3042447114 | [message.group.normal]: Message 165334167 from 208469464@[群:707984972] '[image:summary=[图片],file=20ed2c92a280ee42871e0e13d5a6bce8.webp,sub_type=0,url=https://multimedia.nt.qq.com.cn/download?appid=1407&fileid=EhSGU_zI...,file_size=5292]'
03-01 08:27:18 [INFO] nonebot | Event will be handled by Matcher(type='message', module=zhenxun.builtin_plugins.chat_history.chat_message, lineno=39)
03-01 08:27:18 [INFO] nonebot | Matcher(type='message', module=zhenxun.builtin_plugins.chat_history.chat_message, lineno=39) running complete
03-01 08:27:35 [SUCCESS] nonebot | OneBot V11 3042447114 | [message.group.normal]: Message 1444188757 from 751488381@[群:645741432] '塔莎也差点狗粮朽'
03-01 08:27:35 [INFO] nonebot | Event will be handled by Matcher(type='message', module=zhenxun.builtin_plugins.chat_history.chat_message, lineno=39)
03-01 08:27:35 [INFO] nonebot | Matcher(type='message', module=zhenxun.builtin_plugins.chat_history.chat_message, lineno=39) running complete
03-01 08:29:04 [SUCCESS] nonebot | OneBot V11 3042447114 | [message.group.normal]: Message 1339630485 from 575701297@[群:645741432] '[image:summary=,file=4CCE77B556987FEFA16072ECEE87DA51.jpg,sub_type=0,url=https://multimedia.nt.qq.com.cn/download?appid=1407&fileid=EhT7zpWa...,file_size=151552]'
03-01 08:29:04 [INFO] nonebot | Event will be handled by Matcher(type='message', module=zhenxun.builtin_plugins.chat_history.chat_message, lineno=39)
03-01 08:29:04 [INFO] nonebot | Matcher(type='message', module=zhenxun.builtin_plugins.chat_history.chat_message, lineno=39) running complete
03-01 08:29:32 [SUCCESS] nonebot | OneBot V11 3042447114 | [message.group.normal]: Message 2121228374 from 1810737938@[群:392644938] '现在能氪吗'
03-01 08:29:32 [INFO] nonebot | Event will be handled by Matcher(type='message', module=zhenxun.builtin_plugins.chat_history.chat_message, lineno=39)
03-01 08:29:32 [INFO] nonebot | Matcher(type='message', module=zhenxun.builtin_plugins.chat_history.chat_message, lineno=39) running complete
03-01 08:29:34 [SUCCESS] nonebot | OneBot V11 3042447114 | [message.group.normal]: Message 2110270919 from 1810737938@[群:392644938] '[image:summary=[问好],file=c6-c6a96bfd4b17b3bcf5bed60ea237a822.gif,url=https://gxh.vip.qq.com/club/item/parcel/item/c6/c6a96bfd4b17b3bcf5b...,key=d968335d1aa0b28a,emoji_id=c6a96bfd4b17b3bcf5bed60ea237a822,emoji_package_id=206059]'
03-01 08:29:34 [INFO] nonebot | Event will be handled by Matcher(type='message', module=zhenxun.builtin_plugins.chat_history.chat_message, lineno=39)
03-01 08:29:34 [INFO] nonebot | Matcher(type='message', module=zhenxun.builtin_plugins.chat_history.chat_message, lineno=39) running complete
03-01 08:30:19 [SUCCESS] nonebot | OneBot V11 3042447114 | [message.group.normal]: Message 1451464204 from 3020386307@[群:475899384] "[forward:id=7476631907562405863,content=[{'self_id': 3042447114, 'user_id': 1094950020, 'time': 1740624218,...]"
03-01 08:30:19 [INFO] nonebot | Event will be handled by Matcher(type='message', module=zhenxun.builtin_plugins.chat_history.chat_message, lineno=39)
03-01 08:30:19 [INFO] nonebot | Matcher(type='message', module=zhenxun.builtin_plugins.chat_history.chat_message, lineno=39) running complete
03-01 08:30:35 [SUCCESS] nonebot | OneBot V11 3042447114 | [message.group.normal]: Message 2027948709 from 393045366@[群:392644938] '可以'
03-01 08:30:35 [INFO] nonebot | Event will be handled by Matcher(type='message', module=zhenxun.builtin_plugins.chat_history.chat_message, lineno=39)
03-01 08:30:35 [INFO] nonebot | Matcher(type='message', module=zhenxun.builtin_plugins.chat_history.chat_message, lineno=39) running complete
03-01 08:31:41 [SUCCESS] nonebot | OneBot V11 3042447114 | [message.group.normal]: Message 1686934085 from 3399421580@[群:864523321] '[image:summary=[动画表情],file=BE85A05BDAB5F3E6945D95145EFA638F.jpg,sub_type=1,url=https://multimedia.nt.qq.com.cn/download?appid=1407&fileid=EhRueCKB...,file_size=576711]'
03-01 08:31:41 [INFO] nonebot | Event will be handled by Matcher(type='message', module=zhenxun.builtin_plugins.chat_history.chat_message, lineno=39)
03-01 08:31:41 [INFO] nonebot | Matcher(type='message', module=zhenxun.builtin_plugins.chat_history.chat_message, lineno=39) running complete
03-01 08:33:00 [SUCCESS] nonebot | OneBot V11 3042447114 | [message.group.normal]: Message 1164403067 from 2285946393@[群:1032235226] '？'
03-01 08:33:00 [INFO] nonebot | Event will be handled by Matcher(type='message', module=zhenxun.builtin_plugins.chat_history.chat_message, lineno=39)
03-01 08:33:00 [INFO] nonebot | Matcher(type='message', module=zhenxun.builtin_plugins.chat_history.chat_message, lineno=39) running complete
03-01 08:34:21 [SUCCESS] nonebot | OneBot V11 3042447114 | [message.group.normal]: Message 1962588979 from 1442493481@[群:816890778] '[reply:id=286566743]太强了，有终极顺序吗？[at:qq=815690231]'
03-01 08:34:21 [INFO] nonebot | Event will be handled by Matcher(type='message', module=zhenxun.builtin_plugins.chat_history.chat_message, lineno=39)
03-01 08:34:21 [INFO] nonebot | Matcher(type='message', module=zhenxun.builtin_plugins.chat_history.chat_message, lineno=39) running complete
03-01 08:35:00 [SUCCESS] nonebot | OneBot V11 3042447114 | [message.group.normal]: Message 2098501615 from 575701297@[群:816890778] '还得是拉利玛'
03-01 08:35:00 [INFO] nonebot | Event will be handled by Matcher(type='message', module=zhenxun.builtin_plugins.chat_history.chat_message, lineno=39)
03-01 08:35:00 [INFO] nonebot | Matcher(type='message', module=zhenxun.builtin_plugins.chat_history.chat_message, lineno=39) running complete
03-01 08:35:07 [SUCCESS] nonebot | OneBot V11 3042447114 | [message.group.normal]: Message 1825406631 from 815690231@[群:816890778] '乱打的，没确定'
03-01 08:35:07 [INFO] nonebot | Event will be handled by Matcher(type='message', module=zhenxun.builtin_plugins.chat_history.chat_message, lineno=39)
03-01 08:35:07 [INFO] nonebot | Matcher(type='message', module=zhenxun.builtin_plugins.chat_history.chat_message, lineno=39) running complete
03-01 08:35:40 [SUCCESS] nonebot | OneBot V11 3042447114 | [message.group.normal]: Message 940067708 from 2642740379@[群:645741432] '[reply:id=1870440768][at:qq=365103469]港d咩啊'
03-01 08:35:40 [INFO] nonebot | Event will be handled by Matcher(type='message', module=zhenxun.builtin_plugins.chat_history.chat_message, lineno=39)
03-01 08:35:40 [INFO] nonebot | Matcher(type='message', module=zhenxun.builtin_plugins.chat_history.chat_message, lineno=39) running complete
03-01 08:38:21 [SUCCESS] nonebot | OneBot V11 3042447114 | [message.group.normal]: Message 468786019 from 821923589@[群:1032235226] '[image:summary=[动画表情],file=EB1D95F9E2DC7289458DB1D6FD6EAE26.jpg,sub_type=1,url=https://multimedia.nt.qq.com.cn/download?appid=1407&fileid=EhSo-NXD...,file_size=772485]'
03-01 08:38:21 [INFO] nonebot | Event will be handled by Matcher(type='message', module=zhenxun.builtin_plugins.chat_history.chat_message, lineno=39)
03-01 08:38:21 [INFO] nonebot | Matcher(type='message', module=zhenxun.builtin_plugins.chat_history.chat_message, lineno=39) running complete
03-01 08:38:56 [SUCCESS] nonebot | OneBot V11 3042447114 | [message.group.normal]: Message 1226652320 from 592829914@[群:550150804] '[image:summary=,file={8D94ED0A-BDC5-465C-DDF5-991F27CE2A96}.jpg,sub_type=0,url=https://gchat.qpic.cn/gchatpic_new/0/0-0-8D94ED0ABDC5465CDDF5991F27...,file_size=72997]'
03-01 08:38:56 [INFO] nonebot | Event will be handled by Matcher(type='message', module=zhenxun.builtin_plugins.chat_history.chat_message, lineno=39)
03-01 08:38:56 [INFO] nonebot | Matcher(type='message', module=zhenxun.builtin_plugins.chat_history.chat_message, lineno=39) running complete
03-01 08:39:09 [SUCCESS] nonebot | OneBot V11 3042447114 | [message.group.normal]: Message 841925222 from 2291442658@[群:550150804] '大的呢'
03-01 08:39:09 [INFO] nonebot | Event will be handled by Matcher(type='message', module=zhenxun.builtin_plugins.chat_history.chat_message, lineno=39)
03-01 08:39:09 [INFO] nonebot | Matcher(type='message', module=zhenxun.builtin_plugins.chat_history.chat_message, lineno=39) running complete
03-01 08:39:39 [SUCCESS] nonebot | OneBot V11 3042447114 | [message.group.normal]: Message 2058236506 from 592829914@[群:550150804] '[image:summary=,file={8A7AF0B8-008F-FB55-8F62-7010ED161FEE}.jpg,sub_type=0,url=https://gchat.qpic.cn/gchatpic_new/0/0-0-8A7AF0B8008FFB558F627010ED...,file_size=58281]'
03-01 08:39:39 [INFO] nonebot | Event will be handled by Matcher(type='message', module=zhenxun.builtin_plugins.chat_history.chat_message, lineno=39)
03-01 08:39:39 [INFO] nonebot | Matcher(type='message', module=zhenxun.builtin_plugins.chat_history.chat_message, lineno=39) running complete
03-01 08:39:52 [SUCCESS] nonebot | OneBot V11 3042447114 | [message.group.normal]: Message 240975954 from 592829914@[群:550150804] '[image:summary=,file={67A6712D-9533-95C9-F341-4707FCB131FE}.png,sub_type=0,url=https://gchat.qpic.cn/gchatpic_new/0/0-0-67A6712D953395C9F3414707FC...,file_size=218344]'
03-01 08:39:52 [INFO] nonebot | Event will be handled by Matcher(type='message', module=zhenxun.builtin_plugins.chat_history.chat_message, lineno=39)
03-01 08:39:52 [INFO] nonebot | Matcher(type='message', module=zhenxun.builtin_plugins.chat_history.chat_message, lineno=39) running complete
03-01 08:40:28 [SUCCESS] nonebot | OneBot V11 3042447114 | [message.group.normal]: Message 1402319791 from 3420224707@[群:550150804] '[reply:id=240975954]把水仙女人鱼给我'
03-01 08:40:28 [INFO] nonebot | Event will be handled by Matcher(type='message', module=zhenxun.builtin_plugins.chat_history.chat_message, lineno=39)
03-01 08:40:28 [INFO] nonebot | Matcher(type='message', module=zhenxun.builtin_plugins.chat_history.chat_message, lineno=39) running complete
03-01 08:41:03 [SUCCESS] nonebot | OneBot V11 3042447114 | [message.group.normal]: Message 1190420926 from 393045366@[群:392644938] '淘宝现在405'
03-01 08:41:03 [INFO] nonebot | Event will be handled by Matcher(type='message', module=zhenxun.builtin_plugins.chat_history.chat_message, lineno=39)
03-01 08:41:03 [INFO] nonebot | Matcher(type='message', module=zhenxun.builtin_plugins.chat_history.chat_message, lineno=39) running complete
03-01 08:41:07 [SUCCESS] nonebot | OneBot V11 3042447114 | [message.group.normal]: Message 1212346832 from 393045366@[群:392644938] '我八折381'
03-01 08:41:07 [INFO] nonebot | Event will be handled by Matcher(type='message', module=zhenxun.builtin_plugins.chat_history.chat_message, lineno=39)
03-01 08:41:07 [INFO] nonebot | Matcher(type='message', module=zhenxun.builtin_plugins.chat_history.chat_message, lineno=39) running complete
03-01 08:41:11 [SUCCESS] nonebot | OneBot V11 3042447114 | [message.group.normal]: Message 1851183064 from 393045366@[群:392644938] '真良心'
03-01 08:41:11 [INFO] nonebot | Event will be handled by Matcher(type='message', module=zhenxun.builtin_plugins.chat_history.chat_message, lineno=39)
03-01 08:41:11 [INFO] nonebot | Matcher(type='message', module=zhenxun.builtin_plugins.chat_history.chat_message, lineno=39) running complete
03-01 08:41:13 [SUCCESS] nonebot | OneBot V11 3042447114 | [message.group.normal]: Message 919657311 from 393045366@[群:392644938] '[image:summary=[动画表情],file=65597E1C08CF7E1ED9065E4F83D2721D.jpg,sub_type=1,url=https://multimedia.nt.qq.com.cn/download?appid=1407&fileid=EhTOJdFe...,file_size=576616]'
03-01 08:41:13 [INFO] nonebot | Event will be handled by Matcher(type='message', module=zhenxun.builtin_plugins.chat_history.chat_message, lineno=39)
03-01 08:41:13 [INFO] nonebot | Matcher(type='message', module=zhenxun.builtin_plugins.chat_history.chat_message, lineno=39) running complete
03-01 08:41:37 [SUCCESS] nonebot | OneBot V11 3042447114 | [message.group.normal]: Message 1396809903 from 83812930@[群:392644938] 'v我24补下差价'
03-01 08:41:37 [INFO] nonebot | Event will be handled by Matcher(type='message', module=zhenxun.builtin_plugins.chat_history.chat_message, lineno=39)
03-01 08:41:37 [INFO] nonebot | Matcher(type='message', module=zhenxun.builtin_plugins.chat_history.chat_message, lineno=39) running complete
03-01 08:41:50 [SUCCESS] nonebot | OneBot V11 3042447114 | [message.group.normal]: Message 1630161259 from 1960735950@[群:392644938] 'v我50补下差价'
03-01 08:41:50 [INFO] nonebot | Event will be handled by Matcher(type='message', module=zhenxun.builtin_plugins.chat_history.chat_message, lineno=39)
03-01 08:41:50 [INFO] nonebot | Matcher(type='message', module=zhenxun.builtin_plugins.chat_history.chat_message, lineno=39) running complete
03-01 08:42:14 [SUCCESS] nonebot | OneBot V11 3042447114 | [message.group.normal]: Message 1963987860 from 393045366@[群:392644938] '[image:summary=[打你],file=ed-ed5654f733687e4728bd6cc059af9de7.gif,url=https://gxh.vip.qq.com/club/item/parcel/item/ed/ed5654f733687e4728b...,key=33403a70dead0d5d,emoji_id=ed5654f733687e4728bd6cc059af9de7,emoji_package_id=201312]'
03-01 08:42:14 [INFO] nonebot | Event will be handled by Matcher(type='message', module=zhenxun.builtin_plugins.chat_history.chat_message, lineno=39)
03-01 08:42:15 [INFO] nonebot | Matcher(type='message', module=zhenxun.builtin_plugins.chat_history.chat_message, lineno=39) running complete
03-01 08:42:40 [SUCCESS] nonebot | OneBot V11 3042447114 | [message.group.normal]: Message 1984843494 from 1960735950@[群:392644938] '[at:qq=393045366]'
03-01 08:42:40 [INFO] nonebot | Event will be handled by Matcher(type='message', module=zhenxun.builtin_plugins.chat_history.chat_message, lineno=39)
03-01 08:42:40 [INFO] nonebot | Matcher(type='message', module=zhenxun.builtin_plugins.chat_history.chat_message, lineno=39) running complete
03-01 08:42:51 [SUCCESS] nonebot | OneBot V11 3042447114 | [message.group.normal]: Message 2030303215 from 393045366@[群:392644938] '[image:summary=[干嘛],file=E2CC80BDEDEA47F6E7BF83093279E077.jpg,sub_type=7,url=https://multimedia.nt.qq.com.cn/download?appid=1407&fileid=EhRq9wgE...,file_size=5626]'
03-01 08:42:51 [INFO] nonebot | Event will be handled by Matcher(type='message', module=zhenxun.builtin_plugins.chat_history.chat_message, lineno=39)
03-01 08:42:51 [INFO] nonebot | Matcher(type='message', module=zhenxun.builtin_plugins.chat_history.chat_message, lineno=39) running complete
03-01 08:43:21 [SUCCESS] nonebot | OneBot V11 3042447114 | [message.group.normal]: Message 1086760041 from 1960735950@[群:392644938] 'v我50'
03-01 08:43:21 [INFO] nonebot | Event will be handled by Matcher(type='message', module=zhenxun.builtin_plugins.chat_history.chat_message, lineno=39)
03-01 08:43:21 [INFO] nonebot | Matcher(type='message', module=zhenxun.builtin_plugins.chat_history.chat_message, lineno=39) running complete
03-01 08:43:27 [SUCCESS] nonebot | OneBot V11 3042447114 | [message.group.normal]: Message 1665417321 from 393045366@[群:392644938] '[image:summary=[没钱],file=B4F5158F38BD9AEF1CB204E387E34B20.jpg,sub_type=7,url=https://multimedia.nt.qq.com.cn/download?appid=1407&fileid=EhTcin9b...,file_size=109267]'
03-01 08:43:27 [INFO] nonebot | Event will be handled by Matcher(type='message', module=zhenxun.builtin_plugins.chat_history.chat_message, lineno=39)
03-01 08:43:27 [INFO] nonebot | Matcher(type='message', module=zhenxun.builtin_plugins.chat_history.chat_message, lineno=39) running complete
03-01 08:44:23 [SUCCESS] nonebot | OneBot V11 3042447114 | [message.group.normal]: Message 2080145373 from 393045366@[群:392644938] '[image:summary=,file=10E3B25734F5DBFF1BD03005A4676CE8.jpg,sub_type=0,url=https://multimedia.nt.qq.com.cn/download?appid=1407&fileid=EhTkIZXa...,file_size=2277644]'
03-01 08:44:23 [INFO] nonebot | Event will be handled by Matcher(type='message', module=zhenxun.builtin_plugins.chat_history.chat_message, lineno=39)
03-01 08:44:23 [INFO] nonebot | Matcher(type='message', module=zhenxun.builtin_plugins.chat_history.chat_message, lineno=39) running complete
03-01 08:44:24 [SUCCESS] nonebot | OneBot V11 3042447114 | [message.group.normal]: Message 1885005944 from 393045366@[群:392644938] '没余额了'
03-01 08:44:24 [INFO] nonebot | Event will be handled by Matcher(type='message', module=zhenxun.builtin_plugins.chat_history.chat_message, lineno=39)
03-01 08:44:24 [INFO] nonebot | Matcher(type='message', module=zhenxun.builtin_plugins.chat_history.chat_message, lineno=39) running complete
03-01 08:44:25 [SUCCESS] nonebot | OneBot V11 3042447114 | [message.group.normal]: Message 2109035140 from 2639699186@[群:645741432] "[at:qq=365103469]头像是es里的角色吗？挺好看的[face:id=318,raw={'faceIndex': 318, 'faceText': '/崇拜', 'faceType': 2, 'packId': None...]"
03-01 08:44:25 [INFO] nonebot | Event will be handled by Matcher(type='message', module=zhenxun.builtin_plugins.chat_history.chat_message, lineno=39)
03-01 08:44:25 [INFO] nonebot | Matcher(type='message', module=zhenxun.builtin_plugins.chat_history.chat_message, lineno=39) running complete
03-01 08:44:46 [SUCCESS] nonebot | OneBot V11 3042447114 | [message.group.normal]: Message 635095766 from 393045366@[群:392644938] '剩下19'
03-01 08:44:46 [INFO] nonebot | Event will be handled by Matcher(type='message', module=zhenxun.builtin_plugins.chat_history.chat_message, lineno=39)
03-01 08:44:46 [INFO] nonebot | Matcher(type='message', module=zhenxun.builtin_plugins.chat_history.chat_message, lineno=39) running complete
03-01 08:45:14 [SUCCESS] nonebot | OneBot V11 3042447114 | [message.group.normal]: Message 289685040 from 365103469@[群:645741432] "毕竟是莉莉丝[face:id=277,raw={'faceIndex': 277, 'faceText': '/汪汪', 'faceType': 2, 'packId': None...]"
03-01 08:45:14 [INFO] nonebot | Event will be handled by Matcher(type='message', module=zhenxun.builtin_plugins.chat_history.chat_message, lineno=39)
03-01 08:45:14 [INFO] nonebot | Matcher(type='message', module=zhenxun.builtin_plugins.chat_history.chat_message, lineno=39) running complete
03-01 08:45:14 [SUCCESS] nonebot | OneBot V11 3042447114 | [message.group.normal]: Message 1399564974 from 1960735950@[群:392644938] '[at:qq=393045366]'
03-01 08:45:14 [INFO] nonebot | Event will be handled by Matcher(type='message', module=zhenxun.builtin_plugins.chat_history.chat_message, lineno=39)
03-01 08:45:14 [INFO] nonebot | Matcher(type='message', module=zhenxun.builtin_plugins.chat_history.chat_message, lineno=39) running complete
03-01 08:45:24 [SUCCESS] nonebot | OneBot V11 3042447114 | [message.group.normal]: Message 1882133655 from 1960735950@[群:392644938] 'v我19'
03-01 08:45:24 [INFO] nonebot | Event will be handled by Matcher(type='message', module=zhenxun.builtin_plugins.chat_history.chat_message, lineno=39)
03-01 08:45:24 [INFO] nonebot | Matcher(type='message', module=zhenxun.builtin_plugins.chat_history.chat_message, lineno=39) running complete
03-01 08:45:49 [SUCCESS] nonebot | OneBot V11 3042447114 | [message.group.normal]: Message 638483037 from 289172545@[群:392644938] '没了就算了'
03-01 08:45:49 [INFO] nonebot | Event will be handled by Matcher(type='message', module=zhenxun.builtin_plugins.chat_history.chat_message, lineno=39)
03-01 08:45:49 [INFO] nonebot | Matcher(type='message', module=zhenxun.builtin_plugins.chat_history.chat_message, lineno=39) running complete
03-01 08:45:50 [SUCCESS] nonebot | OneBot V11 3042447114 | [message.group.normal]: Message 277250735 from 289172545@[群:392644938] '[image:summary=[看扁],file=f4-f4cac16f27072b45aee1b7bb26f8e37c.gif,url=https://gxh.vip.qq.com/club/item/parcel/item/f4/f4cac16f27072b45aee...,key=b8757d6efb876046,emoji_id=f4cac16f27072b45aee1b7bb26f8e37c,emoji_package_id=241760]'
03-01 08:45:50 [INFO] nonebot | Event will be handled by Matcher(type='message', module=zhenxun.builtin_plugins.chat_history.chat_message, lineno=39)
03-01 08:45:50 [INFO] nonebot | Matcher(type='message', module=zhenxun.builtin_plugins.chat_history.chat_message, lineno=39) running complete
03-01 08:46:12 [SUCCESS] nonebot | OneBot V11 3042447114 | [message.group.normal]: Message 960810720 from 2291442658@[群:550150804] '[image:summary=[动画表情],file=B5238B207EE3288E41155F2A3130A0CA.jpg,sub_type=1,url=https://multimedia.nt.qq.com.cn/download?appid=1407&fileid=EhT_EbIC...,file_size=150498]'
03-01 08:46:12 [INFO] nonebot | Event will be handled by Matcher(type='message', module=zhenxun.builtin_plugins.chat_history.chat_message, lineno=39)
03-01 08:46:12 [INFO] nonebot | Matcher(type='message', module=zhenxun.builtin_plugins.chat_history.chat_message, lineno=39) running complete
03-01 08:47:10 [SUCCESS] nonebot | OneBot V11 3042447114 | [message.group.normal]: Message 1045677750 from 2639699186@[群:645741432] "没认出来，这个皮肤什么时候出啊[face:id=2,raw={'faceIndex': 2, 'faceText': None, 'faceType': 1, 'packId': None, '...]"
03-01 08:47:10 [INFO] nonebot | Event will be handled by Matcher(type='message', module=zhenxun.builtin_plugins.chat_history.chat_message, lineno=39)
03-01 08:47:10 [INFO] nonebot | Matcher(type='message', module=zhenxun.builtin_plugins.chat_history.chat_message, lineno=39) running complete
03-01 08:47:14 [SUCCESS] nonebot | OneBot V11 3042447114 | [message.group.normal]: Message 751667025 from 2691966192@[群:707984972] '查询世界BOSS'
03-01 08:47:14 [INFO] nonebot | Event will be handled by Matcher(type='message', module=zhenxun.builtin_plugins.chat_history.chat_message, lineno=39)
03-01 08:47:14 [INFO] nonebot | Matcher(type='message', module=zhenxun.builtin_plugins.chat_history.chat_message, lineno=39) running complete
03-01 08:47:16 [SUCCESS] nonebot | OneBot V11 3042447114 | [message.group.normal]: Message 1625601692 from 208469464@[群:707984972] '[image:summary=[图片],file=1e8f1248415359443a00131a793a4217.webp,sub_type=0,url=https://multimedia.nt.qq.com.cn/download?appid=1407&fileid=EhTzoi73...,file_size=58700]'
03-01 08:47:16 [INFO] nonebot | Event will be handled by Matcher(type='message', module=zhenxun.builtin_plugins.chat_history.chat_message, lineno=39)
03-01 08:47:16 [INFO] nonebot | Matcher(type='message', module=zhenxun.builtin_plugins.chat_history.chat_message, lineno=39) running complete
03-01 08:47:25 [SUCCESS] nonebot | OneBot V11 3042447114 | [message.group.normal]: Message 716275566 from 365103469@[群:645741432] '好感剧情有 目前不出'
03-01 08:47:25 [INFO] nonebot | Event will be handled by Matcher(type='message', module=zhenxun.builtin_plugins.chat_history.chat_message, lineno=39)
03-01 08:47:25 [INFO] nonebot | Matcher(type='message', module=zhenxun.builtin_plugins.chat_history.chat_message, lineno=39) running complete
03-01 08:47:29 [SUCCESS] nonebot | OneBot V11 3042447114 | [message.group.normal]: Message 1446895368 from 2691966192@[群:707984972] '讨伐世界BOSS38'
03-01 08:47:29 [INFO] nonebot | Event will be handled by Matcher(type='message', module=zhenxun.builtin_plugins.chat_history.chat_message, lineno=39)
03-01 08:47:29 [INFO] nonebot | Matcher(type='message', module=zhenxun.builtin_plugins.chat_history.chat_message, lineno=39) running complete
03-01 08:47:31 [SUCCESS] nonebot | OneBot V11 3042447114 | [message.group.normal]: Message 924386864 from 208469464@[群:707984972] '[image:summary=[图片],file=4e4f187cb35960bf306363a3b2e11aa7.webp,sub_type=0,url=https://multimedia.nt.qq.com.cn/download?appid=1407&fileid=EhTpK7PY...,file_size=15968]'
03-01 08:47:31 [INFO] nonebot | Event will be handled by Matcher(type='message', module=zhenxun.builtin_plugins.chat_history.chat_message, lineno=39)
03-01 08:47:31 [INFO] nonebot | Matcher(type='message', module=zhenxun.builtin_plugins.chat_history.chat_message, lineno=39) running complete
03-01 08:47:32 [SUCCESS] nonebot | OneBot V11 3042447114 | [message.group.normal]: Message 1616288532 from 208469464@[群:707984972] '[image:summary=[图片],file=8cfc686fa13ac8e51ec645af237935f4.webp,sub_type=0,url=https://multimedia.nt.qq.com.cn/download?appid=1407&fileid=EhQoMqyD...,file_size=6522]'
03-01 08:47:32 [INFO] nonebot | Event will be handled by Matcher(type='message', module=zhenxun.builtin_plugins.chat_history.chat_message, lineno=39)
03-01 08:47:32 [INFO] nonebot | Matcher(type='message', module=zhenxun.builtin_plugins.chat_history.chat_message, lineno=39) running complete
03-01 08:47:37 [SUCCESS] nonebot | OneBot V11 3042447114 | [message.group.normal]: Message 1614762588 from 2691966192@[群:707984972] '讨伐世界BOSS37'
03-01 08:47:37 [INFO] nonebot | Event will be handled by Matcher(type='message', module=zhenxun.builtin_plugins.chat_history.chat_message, lineno=39)
03-01 08:47:37 [INFO] nonebot | Matcher(type='message', module=zhenxun.builtin_plugins.chat_history.chat_message, lineno=39) running complete
03-01 08:47:38 [SUCCESS] nonebot | OneBot V11 3042447114 | [message.group.normal]: Message 476319378 from 208469464@[群:707984972] '[image:summary=[图片],file=8f6e5de848a59b92d442023291a2ca6b.webp,sub_type=0,url=https://multimedia.nt.qq.com.cn/download?appid=1407&fileid=EhSY7M3Y...,file_size=44622]'
03-01 08:47:38 [INFO] nonebot | Event will be handled by Matcher(type='message', module=zhenxun.builtin_plugins.chat_history.chat_message, lineno=39)
03-01 08:47:38 [INFO] nonebot | Matcher(type='message', module=zhenxun.builtin_plugins.chat_history.chat_message, lineno=39) running complete
03-01 08:47:40 [SUCCESS] nonebot | OneBot V11 3042447114 | [message.group.normal]: Message 1497948934 from 208469464@[群:707984972] '[image:summary=[图片],file=eea80185fa2206fa3824639d3c62bd55.webp,sub_type=0,url=https://multimedia.nt.qq.com.cn/download?appid=1407&fileid=EhQfUeND...,file_size=4974]'
03-01 08:47:40 [INFO] nonebot | Event will be handled by Matcher(type='message', module=zhenxun.builtin_plugins.chat_history.chat_message, lineno=39)
03-01 08:47:40 [INFO] nonebot | Matcher(type='message', module=zhenxun.builtin_plugins.chat_history.chat_message, lineno=39) running complete
03-01 08:47:40 [SUCCESS] nonebot | OneBot V11 3042447114 | [message.group.normal]: Message 283937807 from 575701297@[群:645741432] '咖啡店皮肤这是'
03-01 08:47:40 [INFO] nonebot | Event will be handled by Matcher(type='message', module=zhenxun.builtin_plugins.chat_history.chat_message, lineno=39)
03-01 08:47:40 [INFO] nonebot | Matcher(type='message', module=zhenxun.builtin_plugins.chat_history.chat_message, lineno=39) running complete
03-01 08:47:56 [SUCCESS] nonebot | OneBot V11 3042447114 | [message.group.normal]: Message 1629587915 from 2639699186@[群:645741432] '太可惜了，莉莉丝的好感皮不是很喜欢😭'
03-01 08:47:56 [INFO] nonebot | Event will be handled by Matcher(type='message', module=zhenxun.builtin_plugins.chat_history.chat_message, lineno=39)
03-01 08:47:56 [INFO] nonebot | Matcher(type='message', module=zhenxun.builtin_plugins.chat_history.chat_message, lineno=39) running complete
03-01 08:48:05 [SUCCESS] nonebot | OneBot V11 3042447114 | [message.group.normal]: Message 309204815 from 365103469@[群:645741432] '我都喜欢'
03-01 08:48:05 [INFO] nonebot | Event will be handled by Matcher(type='message', module=zhenxun.builtin_plugins.chat_history.chat_message, lineno=39)
03-01 08:48:05 [INFO] nonebot | Matcher(type='message', module=zhenxun.builtin_plugins.chat_history.chat_message, lineno=39) running complete
03-01 08:48:08 [SUCCESS] nonebot | OneBot V11 3042447114 | [message.group.normal]: Message 2071836267 from 1810737938@[群:392644938] '[image:summary=,file={0931F36F-422A-3C82-A9D0-22B347F89458}.gif,sub_type=0,url=https://gchat.qpic.cn/gchatpic_new/0/0-0-0931F36F422A3C82A9D022B347...,file_size=1324644]'
03-01 08:48:08 [INFO] nonebot | Event will be handled by Matcher(type='message', module=zhenxun.builtin_plugins.chat_history.chat_message, lineno=39)
03-01 08:48:08 [INFO] nonebot | Matcher(type='message', module=zhenxun.builtin_plugins.chat_history.chat_message, lineno=39) running complete
03-01 08:48:18 [SUCCESS] nonebot | OneBot V11 3042447114 | [message.group.normal]: Message 1728469844 from 2691966192@[群:707984972] '讨伐世界BOSS7'
03-01 08:48:18 [INFO] nonebot | Event will be handled by Matcher(type='message', module=zhenxun.builtin_plugins.chat_history.chat_message, lineno=39)
03-01 08:48:18 [INFO] nonebot | Matcher(type='message', module=zhenxun.builtin_plugins.chat_history.chat_message, lineno=39) running complete
03-01 08:48:19 [SUCCESS] nonebot | OneBot V11 3042447114 | [message.group.normal]: Message 852052677 from 208469464@[群:707984972] '[image:summary=[图片],file=df9977907e5436144289bf30dfdda7f0.webp,sub_type=0,url=https://multimedia.nt.qq.com.cn/download?appid=1407&fileid=EhSdI9EB...,file_size=18462]'
03-01 08:48:19 [INFO] nonebot | Event will be handled by Matcher(type='message', module=zhenxun.builtin_plugins.chat_history.chat_message, lineno=39)
03-01 08:48:19 [INFO] nonebot | Matcher(type='message', module=zhenxun.builtin_plugins.chat_history.chat_message, lineno=39) running complete
03-01 08:48:20 [SUCCESS] nonebot | OneBot V11 3042447114 | [message.group.normal]: Message 371527420 from 208469464@[群:707984972] '[image:summary=[图片],file=6616b3bd78972d27f94310acccdc2e8a.webp,sub_type=0,url=https://multimedia.nt.qq.com.cn/download?appid=1407&fileid=EhS2wxPI...,file_size=6492]'
03-01 08:48:20 [INFO] nonebot | Event will be handled by Matcher(type='message', module=zhenxun.builtin_plugins.chat_history.chat_message, lineno=39)
03-01 08:48:20 [INFO] nonebot | Matcher(type='message', module=zhenxun.builtin_plugins.chat_history.chat_message, lineno=39) running complete
03-01 08:48:47 [SUCCESS] nonebot | OneBot V11 3042447114 | [message.group.normal]: Message 1719960961 from 393045366@[群:392644938] '自从记住引继码'
03-01 08:48:47 [INFO] nonebot | Event will be handled by Matcher(type='message', module=zhenxun.builtin_plugins.chat_history.chat_message, lineno=39)
03-01 08:48:47 [INFO] nonebot | Matcher(type='message', module=zhenxun.builtin_plugins.chat_history.chat_message, lineno=39) running complete
03-01 08:50:14 [SUCCESS] nonebot | OneBot V11 3042447114 | [message.group.normal]: Message 295235506 from 1830683087@[群:308422658] '小游戏也凹？\n'
03-01 08:50:14 [INFO] nonebot | Event will be handled by Matcher(type='message', module=zhenxun.builtin_plugins.chat_history.chat_message, lineno=39)
03-01 08:50:14 [INFO] nonebot | Matcher(type='message', module=zhenxun.builtin_plugins.chat_history.chat_message, lineno=39) running complete
03-01 08:50:37 [SUCCESS] nonebot | OneBot V11 3042447114 | [message.group.normal]: Message 1486984980 from 1830683087@[群:245810894] '[image:summary=,file=5302D22AC98E7FAB7DA2800296D9AE35.jpg,sub_type=0,url=https://multimedia.nt.qq.com.cn/download?appid=1407&fileid=EhQH1FHz...,file_size=23465]'
03-01 08:50:37 [INFO] nonebot | Event will be handled by Matcher(type='message', module=zhenxun.builtin_plugins.chat_history.chat_message, lineno=39)
03-01 08:50:37 [INFO] nonebot | Matcher(type='message', module=zhenxun.builtin_plugins.chat_history.chat_message, lineno=39) running complete
03-01 08:52:16 [SUCCESS] nonebot | OneBot V11 3042447114 | [message.group.normal]: Message 979111187 from 1810737938@[群:392644938] '[image:summary=,file={DB3CDF22-38D2-10D1-9864-3F82544FBA18}.png,sub_type=0,url=https://gchat.qpic.cn/gchatpic_new/0/0-0-DB3CDF2238D210D198643F8254...,file_size=560241]'
03-01 08:52:16 [INFO] nonebot | Event will be handled by Matcher(type='message', module=zhenxun.builtin_plugins.chat_history.chat_message, lineno=39)
03-01 08:52:16 [INFO] nonebot | Matcher(type='message', module=zhenxun.builtin_plugins.chat_history.chat_message, lineno=39) running complete
03-01 08:52:29 [SUCCESS] nonebot | OneBot V11 3042447114 | [message.group.normal]: Message 1845540921 from 1810737938@[群:392644938] '人气 X\n气人 √'
03-01 08:52:29 [INFO] nonebot | Event will be handled by Matcher(type='message', module=zhenxun.builtin_plugins.chat_history.chat_message, lineno=39)
03-01 08:52:29 [INFO] nonebot | Matcher(type='message', module=zhenxun.builtin_plugins.chat_history.chat_message, lineno=39) running complete
03-01 08:52:41 [SUCCESS] nonebot | OneBot V11 3042447114 | [message.group.normal]: Message 201083016 from 393045366@[群:392644938] '[at:qq=1810737938] 老婆'
03-01 08:52:41 [INFO] nonebot | Event will be handled by Matcher(type='message', module=zhenxun.builtin_plugins.chat_history.chat_message, lineno=39)
03-01 08:52:41 [INFO] nonebot | Matcher(type='message', module=zhenxun.builtin_plugins.chat_history.chat_message, lineno=39) running complete
03-01 08:52:43 [SUCCESS] nonebot | OneBot V11 3042447114 | [message.group.normal]: Message 447356487 from 393045366@[群:392644938] '[image:summary=[摸摸头],file=EC453C112D589B815AD73FD4841BDC6B.jpg,sub_type=7,url=https://multimedia.nt.qq.com.cn/download?appid=1407&fileid=EhRq7PLR...,file_size=1954]'
03-01 08:52:43 [INFO] nonebot | Event will be handled by Matcher(type='message', module=zhenxun.builtin_plugins.chat_history.chat_message, lineno=39)
03-01 08:52:43 [INFO] nonebot | Matcher(type='message', module=zhenxun.builtin_plugins.chat_history.chat_message, lineno=39) running complete
03-01 08:52:52 [SUCCESS] nonebot | OneBot V11 3042447114 | [message.group.normal]: Message 1998526295 from 393045366@[群:392644938] '你应该让我来的'
03-01 08:52:52 [INFO] nonebot | Event will be handled by Matcher(type='message', module=zhenxun.builtin_plugins.chat_history.chat_message, lineno=39)
03-01 08:52:52 [INFO] nonebot | Matcher(type='message', module=zhenxun.builtin_plugins.chat_history.chat_message, lineno=39) running complete
03-01 08:52:53 [SUCCESS] nonebot | OneBot V11 3042447114 | [message.group.normal]: Message 176241193 from 393045366@[群:392644938] '唉'
03-01 08:52:53 [INFO] nonebot | Event will be handled by Matcher(type='message', module=zhenxun.builtin_plugins.chat_history.chat_message, lineno=39)
03-01 08:52:53 [INFO] nonebot | Matcher(type='message', module=zhenxun.builtin_plugins.chat_history.chat_message, lineno=39) running complete
03-01 08:53:09 [SUCCESS] nonebot | OneBot V11 3042447114 | [message.group.normal]: Message 384960042 from 2210889159@[群:245810894] '[image:summary=[动画表情],file=5BB69AE66332AAB6E8E9E5935CBE90AE.jpg,sub_type=1,url=https://multimedia.nt.qq.com.cn/download?appid=1407&fileid=EhQqcf6H...,file_size=20662]'
03-01 08:53:09 [INFO] nonebot | Event will be handled by Matcher(type='message', module=zhenxun.builtin_plugins.chat_history.chat_message, lineno=39)
03-01 08:53:09 [INFO] nonebot | Matcher(type='message', module=zhenxun.builtin_plugins.chat_history.chat_message, lineno=39) running complete
03-01 08:53:28 [SUCCESS] nonebot | OneBot V11 3042447114 | [message.group.normal]: Message 625969639 from 928365970@[群:475899384] '[json:data={"ver":"1.0.0.19","prompt":"[QQ小程序]永雏塔菲在敌台开播，展示高级皮肤，险些炸号。","config"...]'
03-01 08:53:28 [INFO] nonebot | Event will be handled by Matcher(type='message', module=zhenxun.builtin_plugins.chat_history.chat_message, lineno=39)
03-01 08:53:28 [INFO] nonebot | Matcher(type='message', module=zhenxun.builtin_plugins.chat_history.chat_message, lineno=39) running complete
03-01 08:53:50 [SUCCESS] nonebot | OneBot V11 3042447114 | [message.group.normal]: Message 1580903115 from 3092472851@[群:475899384] "[forward:id=7476637962990942758,content=[{'self_id': 3042447114, 'user_id': 1094950020, 'time': 1713759665,...]"
03-01 08:53:50 [INFO] nonebot | Event will be handled by Matcher(type='message', module=zhenxun.builtin_plugins.chat_history.chat_message, lineno=39)
03-01 08:53:50 [INFO] nonebot | Matcher(type='message', module=zhenxun.builtin_plugins.chat_history.chat_message, lineno=39) running complete
03-01 08:54:03 [SUCCESS] nonebot | OneBot V11 3042447114 | [message.group.normal]: Message 1089609592 from 1810737938@[群:392644938] '下次一定'
03-01 08:54:03 [INFO] nonebot | Event will be handled by Matcher(type='message', module=zhenxun.builtin_plugins.chat_history.chat_message, lineno=39)
03-01 08:54:03 [INFO] nonebot | Matcher(type='message', module=zhenxun.builtin_plugins.chat_history.chat_message, lineno=39) running complete
03-01 08:54:06 [SUCCESS] nonebot | OneBot V11 3042447114 | [message.group.normal]: Message 570938277 from 1810737938@[群:392644938] '[image:summary=,file={0931F36F-422A-3C82-A9D0-22B347F89458}.gif,sub_type=0,url=https://gchat.qpic.cn/gchatpic_new/0/0-0-0931F36F422A3C82A9D022B347...,file_size=1324644]'
03-01 08:54:06 [INFO] nonebot | Event will be handled by Matcher(type='message', module=zhenxun.builtin_plugins.chat_history.chat_message, lineno=39)
03-01 08:54:06 [INFO] nonebot | Matcher(type='message', module=zhenxun.builtin_plugins.chat_history.chat_message, lineno=39) running complete
03-01 08:54:09 [SUCCESS] nonebot | OneBot V11 3042447114 | [message.group.normal]: Message 1578962767 from 393045366@[群:392644938] '[image:summary=[摸头],file=d5-d553a997607e03e26df4981acac2e2bb.gif,url=https://gxh.vip.qq.com/club/item/parcel/item/d5/d553a997607e03e26df...,key=64c17bbbdd1efd33,emoji_id=d553a997607e03e26df4981acac2e2bb,emoji_package_id=198845]'
03-01 08:54:09 [INFO] nonebot | Event will be handled by Matcher(type='message', module=zhenxun.builtin_plugins.chat_history.chat_message, lineno=39)
03-01 08:54:09 [INFO] nonebot | Matcher(type='message', module=zhenxun.builtin_plugins.chat_history.chat_message, lineno=39) running complete
03-01 08:54:11 [SUCCESS] nonebot | OneBot V11 3042447114 | [message.group.normal]: Message 1830023533 from 393045366@[群:392644938] '[image:summary=[亲亲],file=8CE3F818F946D76AD6569A452E82F829.jpg,sub_type=7,url=https://multimedia.nt.qq.com.cn/download?appid=1407&fileid=EhQHkof4...,file_size=64447]'
03-01 08:54:11 [INFO] nonebot | Event will be handled by Matcher(type='message', module=zhenxun.builtin_plugins.chat_history.chat_message, lineno=39)
03-01 08:54:11 [INFO] nonebot | Matcher(type='message', module=zhenxun.builtin_plugins.chat_history.chat_message, lineno=39) running complete
03-01 08:55:22 [SUCCESS] nonebot | OneBot V11 3042447114 | [message.group.normal]: Message 697874649 from 2742947663@[群:864523321] '[image:summary=[绝好调],file=ac-acf3361e5091d93c4449940bc547cd30.gif,url=https://gxh.vip.qq.com/club/item/parcel/item/ac/acf3361e5091d93c444...,key=613f34a4b20837c4,emoji_id=acf3361e5091d93c4449940bc547cd30,emoji_package_id=240225]'
03-01 08:55:22 [INFO] nonebot | Event will be handled by Matcher(type='message', module=zhenxun.builtin_plugins.chat_history.chat_message, lineno=39)
03-01 08:55:22 [INFO] nonebot | Matcher(type='message', module=zhenxun.builtin_plugins.chat_history.chat_message, lineno=39) running complete
03-01 08:56:09 [ERROR] zhenxun | 清理日常签到图片数据数据失败... || 错误 <class 'FileNotFoundError'>: [Errno 2] No such file or directory: 'resources/image/sign/today_card'
03-01 08:56:19 [SUCCESS] nonebot | OneBot V11 3042447114 | [message.group.normal]: Message 1065129262 from 3399421580@[群:864523321] '[image:summary=[绝好调],file=ac-acf3361e5091d93c4449940bc547cd30.gif,url=https://gxh.vip.qq.com/club/item/parcel/item/ac/acf3361e5091d93c444...,key=613f34a4b20837c4,emoji_id=acf3361e5091d93c4449940bc547cd30,emoji_package_id=240225]'
03-01 08:56:19 [INFO] nonebot | Event will be handled by Matcher(type='message', module=zhenxun.builtin_plugins.chat_history.chat_message, lineno=39)
03-01 08:56:19 [INFO] nonebot | Matcher(type='message', module=zhenxun.builtin_plugins.chat_history.chat_message, lineno=39) running complete
03-01 08:57:12 [SUCCESS] nonebot | OneBot V11 3042447114 | [message.group.normal]: Message 430965930 from 3205414709@[群:245810894] '[image:summary=[动画表情],file=7C0F6A50301A3D7C421E46A253A4891D.jpg,sub_type=1,url=https://multimedia.nt.qq.com.cn/download?appid=1407&fileid=EhRNOZ5Z...,file_size=20889]'
03-01 08:57:12 [INFO] nonebot | Event will be handled by Matcher(type='message', module=zhenxun.builtin_plugins.chat_history.chat_message, lineno=39)
03-01 08:57:12 [INFO] nonebot | Matcher(type='message', module=zhenxun.builtin_plugins.chat_history.chat_message, lineno=39) running complete
03-01 08:57:12 [SUCCESS] nonebot | OneBot V11 3042447114 | [message.group.normal]: Message 1099890557 from 3205414709@[群:245810894] '[image:summary=[动画表情],file=7C0F6A50301A3D7C421E46A253A4891D.jpg,sub_type=1,url=https://multimedia.nt.qq.com.cn/download?appid=1407&fileid=EhRNOZ5Z...,file_size=20889]'
03-01 08:57:12 [INFO] nonebot | Event will be handled by Matcher(type='message', module=zhenxun.builtin_plugins.chat_history.chat_message, lineno=39)
03-01 08:57:12 [INFO] nonebot | Matcher(type='message', module=zhenxun.builtin_plugins.chat_history.chat_message, lineno=39) running complete
03-01 08:57:31 [SUCCESS] nonebot | OneBot V11 3042447114 | [message.group.normal]: Message 1208632558 from 936455316@[群:475899384] '[json:data={"ver":"1.0.0.19","prompt":"[QQ小程序]【2026年】谭雅战记 第二季 情报师透露2026年开播！【MC...]'
03-01 08:57:31 [INFO] nonebot | Event will be handled by Matcher(type='message', module=zhenxun.builtin_plugins.chat_history.chat_message, lineno=39)
03-01 08:57:31 [INFO] nonebot | Matcher(type='message', module=zhenxun.builtin_plugins.chat_history.chat_message, lineno=39) running complete
03-01 08:57:35 [SUCCESS] nonebot | OneBot V11 3042447114 | [message.group.normal]: Message 279854130 from 936455316@[群:475899384] 'woc'
03-01 08:57:35 [INFO] nonebot | Event will be handled by Matcher(type='message', module=zhenxun.builtin_plugins.chat_history.chat_message, lineno=39)
03-01 08:57:35 [INFO] nonebot | Matcher(type='message', module=zhenxun.builtin_plugins.chat_history.chat_message, lineno=39) running complete
03-01 08:57:43 [SUCCESS] nonebot | OneBot V11 3042447114 | [message.group.normal]: Message 1633254292 from 936455316@[群:475899384] '这东西还能出第二季？'
03-01 08:57:43 [INFO] nonebot | Event will be handled by Matcher(type='message', module=zhenxun.builtin_plugins.chat_history.chat_message, lineno=39)
03-01 08:57:43 [INFO] nonebot | Matcher(type='message', module=zhenxun.builtin_plugins.chat_history.chat_message, lineno=39) running complete
03-01 08:58:00 [SUCCESS] nonebot | OneBot V11 3042447114 | [message.group.normal]: Message 1694928546 from 1830683087@[群:245810894] '[image:summary=,file=7C0F6A50301A3D7C421E46A253A4891D.jpg,sub_type=0,url=https://multimedia.nt.qq.com.cn/download?appid=1407&fileid=EhRNOZ5Z...,file_size=20889]'
03-01 08:58:00 [INFO] nonebot | Event will be handled by Matcher(type='message', module=zhenxun.builtin_plugins.chat_history.chat_message, lineno=39)
03-01 08:58:00 [INFO] nonebot | Matcher(type='message', module=zhenxun.builtin_plugins.chat_history.chat_message, lineno=39) running complete
03-01 08:58:10 [SUCCESS] nonebot | OneBot V11 3042447114 | [message.group.normal]: Message 2119711547 from 2190278779@[群:864523321] '[image:summary=[绝好调],file=ac-acf3361e5091d93c4449940bc547cd30.gif,url=https://gxh.vip.qq.com/club/item/parcel/item/ac/acf3361e5091d93c444...,key=613f34a4b20837c4,emoji_id=acf3361e5091d93c4449940bc547cd30,emoji_package_id=240225]'
03-01 08:58:10 [INFO] nonebot | Event will be handled by Matcher(type='message', module=zhenxun.builtin_plugins.chat_history.chat_message, lineno=39)
03-01 08:58:10 [INFO] nonebot | Matcher(type='message', module=zhenxun.builtin_plugins.chat_history.chat_message, lineno=39) running complete
03-01 08:59:13 [SUCCESS] nonebot | OneBot V11 3042447114 | [message.group.normal]: Message 2144799883 from 3800250235@[群:392644938] '[image:summary=[动画表情],file=B9BA71896DBE323B59279ADF982AE689.jpg,sub_type=1,url=https://multimedia.nt.qq.com.cn/download?appid=1407&fileid=EhTPzDR_...,file_size=22970]'
03-01 08:59:13 [INFO] nonebot | Event will be handled by Matcher(type='message', module=zhenxun.builtin_plugins.chat_history.chat_message, lineno=39)
03-01 08:59:13 [INFO] nonebot | Matcher(type='message', module=zhenxun.builtin_plugins.chat_history.chat_message, lineno=39) running complete
03-01 08:59:14 [SUCCESS] nonebot | OneBot V11 3042447114 | [message.group.normal]: Message 1757120685 from 3420224707@[群:550150804] '[image:summary=,file=b5238b207ee3288e41155f2a3130a0ca.png,sub_type=0,url=https://gchat.qpic.cn/gchatpic_new/0/0-0-B5238B207EE3288E41155F2A31...,file_size=150498]'
03-01 08:59:14 [INFO] nonebot | Event will be handled by Matcher(type='message', module=zhenxun.builtin_plugins.chat_history.chat_message, lineno=39)
03-01 08:59:14 [INFO] nonebot | Matcher(type='message', module=zhenxun.builtin_plugins.chat_history.chat_message, lineno=39) running complete
03-01 08:59:58 [SUCCESS] nonebot | OneBot V11 3042447114 | [message.group.normal]: Message 1281621743 from 393045366@[群:392644938] '[at:qq=3800250235]'
03-01 08:59:58 [INFO] nonebot | Event will be handled by Matcher(type='message', module=zhenxun.builtin_plugins.chat_history.chat_message, lineno=39)
03-01 08:59:58 [INFO] nonebot | Matcher(type='message', module=zhenxun.builtin_plugins.chat_history.chat_message, lineno=39) running complete
03-01 08:59:59 [SUCCESS] nonebot | OneBot V11 3042447114 | [message.group.normal]: Message 1620727539 from 3231572383@[群:645741432] '换皮肤等于换人'
03-01 08:59:59 [INFO] nonebot | Event will be handled by Matcher(type='message', module=zhenxun.builtin_plugins.chat_history.chat_message, lineno=39)
03-01 08:59:59 [INFO] nonebot | Matcher(type='message', module=zhenxun.builtin_plugins.chat_history.chat_message, lineno=39) running complete
03-01 09:00:01 [SUCCESS] nonebot | OneBot V11 3042447114 | [message.group.normal]: Message 423060839 from 393045366@[群:392644938] '[image:summary=[打你],file=3AFCD4C0F902FAB2DFD23D78D8EA9BE4.jpg,sub_type=7,url=https://multimedia.nt.qq.com.cn/download?appid=1407&fileid=EhSEUcUQ...,file_size=76770]'
03-01 09:00:01 [INFO] nonebot | Event will be handled by Matcher(type='message', module=zhenxun.builtin_plugins.chat_history.chat_message, lineno=39)
03-01 09:00:01 [INFO] nonebot | Matcher(type='message', module=zhenxun.builtin_plugins.chat_history.chat_message, lineno=39) running complete
03-01 09:00:04 [SUCCESS] nonebot | OneBot V11 3042447114 | [message.group.normal]: Message 1184233595 from 3231572383@[群:645741432] 'es这游戏'
03-01 09:00:04 [INFO] nonebot | Event will be handled by Matcher(type='message', module=zhenxun.builtin_plugins.chat_history.chat_message, lineno=39)
03-01 09:00:04 [INFO] nonebot | Matcher(type='message', module=zhenxun.builtin_plugins.chat_history.chat_message, lineno=39) running complete
03-01 09:00:08 [SUCCESS] nonebot | OneBot V11 3042447114 | [message.group.normal]: Message 446713122 from 1724672668@[群:707984972] '查询世界BOSS'
03-01 09:00:08 [INFO] nonebot | Event will be handled by Matcher(type='message', module=zhenxun.builtin_plugins.chat_history.chat_message, lineno=39)
03-01 09:00:08 [INFO] nonebot | Matcher(type='message', module=zhenxun.builtin_plugins.chat_history.chat_message, lineno=39) running complete
03-01 09:00:11 [SUCCESS] nonebot | OneBot V11 3042447114 | [message.group.normal]: Message 303561472 from 208469464@[群:707984972] '[image:summary=[图片],file=1365aefc44f8a5bfd69d822c1b1663d0.webp,sub_type=0,url=https://multimedia.nt.qq.com.cn/download?appid=1407&fileid=EhTM-_-b...,file_size=54800]'
03-01 09:00:11 [INFO] nonebot | Event will be handled by Matcher(type='message', module=zhenxun.builtin_plugins.chat_history.chat_message, lineno=39)
03-01 09:00:11 [INFO] nonebot | Matcher(type='message', module=zhenxun.builtin_plugins.chat_history.chat_message, lineno=39) running complete
03-01 09:00:14 [SUCCESS] nonebot | OneBot V11 3042447114 | [message.group.normal]: Message 1381812245 from 3231572383@[群:645741432] '尤其是最让我惊叹的是那个'
03-01 09:00:14 [INFO] nonebot | Event will be handled by Matcher(type='message', module=zhenxun.builtin_plugins.chat_history.chat_message, lineno=39)
03-01 09:00:14 [INFO] nonebot | Matcher(type='message', module=zhenxun.builtin_plugins.chat_history.chat_message, lineno=39) running complete
03-01 09:00:15 [SUCCESS] nonebot | OneBot V11 3042447114 | [message.group.normal]: Message 1082033944 from 3800250235@[群:392644938] '[image:summary=[动画表情],file=0BD78FD119D62DB7A150DC9790860E8E.jpg,sub_type=1,url=https://multimedia.nt.qq.com.cn/download?appid=1407&fileid=EhRacPA1...,file_size=79663]'
03-01 09:00:15 [INFO] nonebot | Event will be handled by Matcher(type='message', module=zhenxun.builtin_plugins.chat_history.chat_message, lineno=39)
03-01 09:00:15 [INFO] nonebot | Matcher(type='message', module=zhenxun.builtin_plugins.chat_history.chat_message, lineno=39) running complete
03-01 09:00:19 [SUCCESS] nonebot | OneBot V11 3042447114 | [message.group.normal]: Message 38021261 from 3231572383@[群:645741432] '勒内'
03-01 09:00:19 [INFO] nonebot | Event will be handled by Matcher(type='message', module=zhenxun.builtin_plugins.chat_history.chat_message, lineno=39)
03-01 09:00:19 [INFO] nonebot | Matcher(type='message', module=zhenxun.builtin_plugins.chat_history.chat_message, lineno=39) running complete
03-01 09:00:24 [SUCCESS] nonebot | OneBot V11 3042447114 | [message.group.normal]: Message 319306446 from 3231572383@[群:645741432] '我了个天'
03-01 09:00:24 [INFO] nonebot | Event will be handled by Matcher(type='message', module=zhenxun.builtin_plugins.chat_history.chat_message, lineno=39)
03-01 09:00:24 [INFO] nonebot | Matcher(type='message', module=zhenxun.builtin_plugins.chat_history.chat_message, lineno=39) running complete
03-01 09:00:24 [SUCCESS] nonebot | OneBot V11 3042447114 | [message.group.normal]: Message 1625331217 from 3575451613@[群:864523321] '[image:summary=[绝好调],file=ac-acf3361e5091d93c4449940bc547cd30.gif,url=https://gxh.vip.qq.com/club/item/parcel/item/ac/acf3361e5091d93c444...,key=613f34a4b20837c4,emoji_id=acf3361e5091d93c4449940bc547cd30,emoji_package_id=240225]'
03-01 09:00:24 [INFO] nonebot | Event will be handled by Matcher(type='message', module=zhenxun.builtin_plugins.chat_history.chat_message, lineno=39)
03-01 09:00:24 [INFO] nonebot | Matcher(type='message', module=zhenxun.builtin_plugins.chat_history.chat_message, lineno=39) running complete
03-01 09:00:24 [SUCCESS] nonebot | OneBot V11 3042447114 | [message.group.normal]: Message 653261303 from 3800250235@[群:392644938] '调皮'
03-01 09:00:24 [INFO] nonebot | Event will be handled by Matcher(type='message', module=zhenxun.builtin_plugins.chat_history.chat_message, lineno=39)
03-01 09:00:24 [INFO] nonebot | Matcher(type='message', module=zhenxun.builtin_plugins.chat_history.chat_message, lineno=39) running complete
03-01 09:00:31 [SUCCESS] nonebot | OneBot V11 3042447114 | [message.group.normal]: Message 1157642249 from 3231572383@[群:645741432] '宝宝你找和我说你这么可爱多好'
03-01 09:00:31 [INFO] nonebot | Event will be handled by Matcher(type='message', module=zhenxun.builtin_plugins.chat_history.chat_message, lineno=39)
03-01 09:00:31 [INFO] nonebot | Matcher(type='message', module=zhenxun.builtin_plugins.chat_history.chat_message, lineno=39) running complete
03-01 09:00:35 [SUCCESS] nonebot | OneBot V11 3042447114 | [message.group.normal]: Message 1815675937 from 3231572383@[群:645741432] '早'
03-01 09:00:35 [INFO] nonebot | Event will be handled by Matcher(type='message', module=zhenxun.builtin_plugins.chat_history.chat_message, lineno=39)
03-01 09:00:35 [INFO] nonebot | Matcher(type='message', module=zhenxun.builtin_plugins.chat_history.chat_message, lineno=39) running complete
03-01 09:00:57 [SUCCESS] nonebot | OneBot V11 3042447114 | [message.group.normal]: Message 1475741124 from 1724672668@[群:707984972] '讨伐世界BOSS33'
03-01 09:00:57 [INFO] nonebot | Event will be handled by Matcher(type='message', module=zhenxun.builtin_plugins.chat_history.chat_message, lineno=39)
03-01 09:00:57 [INFO] nonebot | Matcher(type='message', module=zhenxun.builtin_plugins.chat_history.chat_message, lineno=39) running complete
03-01 09:00:58 [SUCCESS] nonebot | OneBot V11 3042447114 | [message.group.normal]: Message 719427294 from 208469464@[群:707984972] '[image:summary=[图片],file=0a1bdf186ef859ead4ce2d1fef6b01db.webp,sub_type=0,url=https://multimedia.nt.qq.com.cn/download?appid=1407&fileid=EhQUiGgh...,file_size=8548]'
03-01 09:00:58 [INFO] nonebot | Event will be handled by Matcher(type='message', module=zhenxun.builtin_plugins.chat_history.chat_message, lineno=39)
03-01 09:00:58 [INFO] nonebot | Matcher(type='message', module=zhenxun.builtin_plugins.chat_history.chat_message, lineno=39) running complete
03-01 09:00:59 [SUCCESS] nonebot | OneBot V11 3042447114 | [message.group.normal]: Message 1222337129 from 208469464@[群:707984972] '[image:summary=[图片],file=15b5d02e96302ae26a8c4d34aba8fa0e.webp,sub_type=0,url=https://multimedia.nt.qq.com.cn/download?appid=1407&fileid=EhSimm3e...,file_size=6954]'
03-01 09:00:59 [INFO] nonebot | Event will be handled by Matcher(type='message', module=zhenxun.builtin_plugins.chat_history.chat_message, lineno=39)
03-01 09:00:59 [INFO] nonebot | Matcher(type='message', module=zhenxun.builtin_plugins.chat_history.chat_message, lineno=39) running complete
03-01 09:01:00 [ERROR] apscheduler | Job "_ (trigger: cron[hour='9', minute='1'], next run at: 2025-03-02 09:01:00 CST)" raised an exception
Traceback (most recent call last):

  File "/home/rikka/zhenxun_bot/bot.py", line 28, in <module>
    nonebot.run()
    │       └ <function run at 0x7d8cc4be49a0>
    └ <module 'nonebot' from '/home/rikka/.cache/pypoetry/virtualenvs/zhenxun-bot-gvg9wKVR-py3.13/lib/python3.13/site-packages/none...

  File "/home/rikka/.cache/pypoetry/virtualenvs/zhenxun-bot-gvg9wKVR-py3.13/lib/python3.13/site-packages/nonebot/__init__.py", line 337, in run
    get_driver().run(*args, **kwargs)
    │                 │       └ {}
    │                 └ ()
    └ <function get_driver at 0x7d8cc4bda8e0>
  File "/home/rikka/.cache/pypoetry/virtualenvs/zhenxun-bot-gvg9wKVR-py3.13/lib/python3.13/site-packages/nonebot/drivers/fastapi.py", line 187, in run
    uvicorn.run(
    │       └ <function run at 0x7d8cc403a200>
    └ <module 'uvicorn' from '/home/rikka/.cache/pypoetry/virtualenvs/zhenxun-bot-gvg9wKVR-py3.13/lib/python3.13/site-packages/uvic...
  File "/home/rikka/.cache/pypoetry/virtualenvs/zhenxun-bot-gvg9wKVR-py3.13/lib/python3.13/site-packages/uvicorn/main.py", line 579, in run
    server.run()
    │      └ <function Server.run at 0x7d8cc4039a80>
    └ <uvicorn.server.Server object at 0x7d8bd18d2f90>
  File "/home/rikka/.cache/pypoetry/virtualenvs/zhenxun-bot-gvg9wKVR-py3.13/lib/python3.13/site-packages/uvicorn/server.py", line 66, in run
    return asyncio.run(self.serve(sockets=sockets))
           │       │   │    │             └ None
           │       │   │    └ <function Server.serve at 0x7d8cc4039b20>
           │       │   └ <uvicorn.server.Server object at 0x7d8bd18d2f90>
           │       └ <function run at 0x7d8cc6148860>
           └ <module 'asyncio' from '/usr/lib/python3.13/asyncio/__init__.py'>
  File "/usr/lib/python3.13/asyncio/runners.py", line 195, in run
    return runner.run(main)
           │      │   └ <coroutine object Server.serve at 0x7d8bd1671fc0>
           │      └ <function Runner.run at 0x7d8cc5938540>
           └ <asyncio.runners.Runner object at 0x7d8bd18d3620>
  File "/usr/lib/python3.13/asyncio/runners.py", line 118, in run
    return self._loop.run_until_complete(task)
           │    │     │                  └ <Task pending name='Task-1' coro=<Server.serve() running at /home/rikka/.cache/pypoetry/virtualenvs/zhenxun-bot-gvg9wKVR-py3....
           │    │     └ <cyfunction Loop.run_until_complete at 0x7d8bd11a9be0>
           │    └ <uvloop.Loop running=True closed=False debug=False>
           └ <asyncio.runners.Runner object at 0x7d8bd18d3620>
> File "/home/rikka/.cache/pypoetry/virtualenvs/zhenxun-bot-gvg9wKVR-py3.13/lib/python3.13/site-packages/apscheduler/executors/base.py", line 181, in run_coroutine_job
    retval = await job.func(*job.args, **job.kwargs)
                   │   │     │   │       │   └ <member 'kwargs' of 'Job' objects>
                   │   │     │   │       └ <Job (id=e1ecbcad828d4bf9b4347197f90ef41f name=_)>
                   │   │     │   └ <member 'args' of 'Job' objects>
                   │   │     └ <Job (id=e1ecbcad828d4bf9b4347197f90ef41f name=_)>
                   │   └ <member 'func' of 'Job' objects>
                   └ <Job (id=e1ecbcad828d4bf9b4347197f90ef41f name=_)>

  File "/home/rikka/zhenxun_bot/zhenxun/plugins/mahiro_report/__init__.py", line 121, in _
    file = await Report.get_report_image()
                 │      └ <classmethod(<function Report.get_report_image at 0x7d8c93ae2fc0>)>
                 └ <class 'zhenxun.plugins.mahiro_report.data_source.Report'>

  File "/home/rikka/zhenxun_bot/zhenxun/plugins/mahiro_report/data_source.py", line 41, in get_report_image
    for f in REPORT_PATH.iterdir():
             │           └ <function Path.iterdir at 0x7d8cc659da80>
             └ PosixPath('data/mahiro_report')

  File "/usr/lib/python3.13/pathlib/_local.py", line 575, in iterdir
    with os.scandir(root_dir) as scandir_it:
         │  │       └ 'data/mahiro_report'
         │  └ <built-in function scandir>
         └ <module 'os' (frozen)>

FileNotFoundError: [Errno 2] No such file or directory: 'data/mahiro_report'
03-01 09:01:04 [SUCCESS] nonebot | OneBot V11 3042447114 | [message.group.normal]: Message 1240324784 from 393045366@[群:392644938] '[image:summary=[打你],file=8d-8d10da5ac2587968053dbe90f648aabb.gif,url=https://gxh.vip.qq.com/club/item/parcel/item/8d/8d10da5ac2587968053...,key=f0c25b121cb9f1fa,emoji_id=8d10da5ac2587968053dbe90f648aabb,emoji_package_id=209100]'
03-01 09:01:04 [INFO] nonebot | Event will be handled by Matcher(type='message', module=zhenxun.builtin_plugins.chat_history.chat_message, lineno=39)
03-01 09:01:04 [INFO] nonebot | Matcher(type='message', module=zhenxun.builtin_plugins.chat_history.chat_message, lineno=39) running complete
03-01 09:01:48 [SUCCESS] nonebot | OneBot V11 3042447114 | [message.group.normal]: Message 740059524 from 1724672668@[群:707984972] '讨伐boss29'
03-01 09:01:48 [INFO] nonebot | Event will be handled by Matcher(type='message', module=zhenxun.builtin_plugins.chat_history.chat_message, lineno=39)
03-01 09:01:48 [INFO] nonebot | Matcher(type='message', module=zhenxun.builtin_plugins.chat_history.chat_message, lineno=39) running complete
03-01 09:01:49 [SUCCESS] nonebot | OneBot V11 3042447114 | [message.group.normal]: Message 1155706595 from 208469464@[群:707984972] '[image:summary=[图片],file=c4007103d00d46a972b656a1c9f09891.webp,sub_type=0,url=https://multimedia.nt.qq.com.cn/download?appid=1407&fileid=EhS0vuPI...,file_size=8372]'
03-01 09:01:49 [INFO] nonebot | Event will be handled by Matcher(type='message', module=zhenxun.builtin_plugins.chat_history.chat_message, lineno=39)
03-01 09:01:49 [INFO] nonebot | Matcher(type='message', module=zhenxun.builtin_plugins.chat_history.chat_message, lineno=39) running complete
03-01 09:01:50 [SUCCESS] nonebot | OneBot V11 3042447114 | [message.group.normal]: Message 2132673915 from 208469464@[群:707984972] '[image:summary=[图片],file=06c63999e72af4229b3619c1ebefe7c9.webp,sub_type=0,url=https://multimedia.nt.qq.com.cn/download?appid=1407&fileid=EhQ4t7rD...,file_size=6932]'
03-01 09:01:50 [INFO] nonebot | Event will be handled by Matcher(type='message', module=zhenxun.builtin_plugins.chat_history.chat_message, lineno=39)
03-01 09:01:50 [INFO] nonebot | Matcher(type='message', module=zhenxun.builtin_plugins.chat_history.chat_message, lineno=39) running complete
03-01 09:01:53 [SUCCESS] nonebot | OneBot V11 3042447114 | [message.group.normal]: Message 837355472 from 1724672668@[群:707984972] '讨伐boss29'
03-01 09:01:53 [INFO] nonebot | Event will be handled by Matcher(type='message', module=zhenxun.builtin_plugins.chat_history.chat_message, lineno=39)
03-01 09:01:53 [INFO] nonebot | Matcher(type='message', module=zhenxun.builtin_plugins.chat_history.chat_message, lineno=39) running complete
03-01 09:01:54 [SUCCESS] nonebot | OneBot V11 3042447114 | [message.group.normal]: Message 115826957 from 208469464@[群:707984972] '[image:summary=[图片],file=50608547d43bacb7f9480e82464176e4.webp,sub_type=0,url=https://multimedia.nt.qq.com.cn/download?appid=1407&fileid=EhSFkz3b...,file_size=8512]'
03-01 09:01:54 [INFO] nonebot | Event will be handled by Matcher(type='message', module=zhenxun.builtin_plugins.chat_history.chat_message, lineno=39)
03-01 09:01:54 [INFO] nonebot | Matcher(type='message', module=zhenxun.builtin_plugins.chat_history.chat_message, lineno=39) running complete
03-01 09:01:55 [SUCCESS] nonebot | OneBot V11 3042447114 | [message.group.normal]: Message 1266456106 from 208469464@[群:707984972] '[image:summary=[图片],file=01171d3ec04b9ea561396f1a6b853d34.webp,sub_type=0,url=https://multimedia.nt.qq.com.cn/download?appid=1407&fileid=EhRn3LCL...,file_size=6900]'
03-01 09:01:55 [INFO] nonebot | Event will be handled by Matcher(type='message', module=zhenxun.builtin_plugins.chat_history.chat_message, lineno=39)
03-01 09:01:55 [INFO] nonebot | Matcher(type='message', module=zhenxun.builtin_plugins.chat_history.chat_message, lineno=39) running complete
03-01 09:01:58 [SUCCESS] nonebot | OneBot V11 3042447114 | [message.group.normal]: Message 1391832127 from 2102023638@[群:645741432] '[image:summary=[动画表情],file=DC8439FE4537B0472E844CCAB8422C70.jpg,sub_type=1,url=https://multimedia.nt.qq.com.cn/download?appid=1407&fileid=EhRiWnI7...,file_size=367061]'
03-01 09:01:58 [INFO] nonebot | Event will be handled by Matcher(type='message', module=zhenxun.builtin_plugins.chat_history.chat_message, lineno=39)
03-01 09:01:58 [INFO] nonebot | Matcher(type='message', module=zhenxun.builtin_plugins.chat_history.chat_message, lineno=39) running complete
03-01 09:02:17 [SUCCESS] nonebot | OneBot V11 3042447114 | [message.group.normal]: Message 157092606 from 1724672668@[群:707984972] '讨伐boss26'
03-01 09:02:17 [INFO] nonebot | Event will be handled by Matcher(type='message', module=zhenxun.builtin_plugins.chat_history.chat_message, lineno=39)
03-01 09:02:17 [INFO] nonebot | Matcher(type='message', module=zhenxun.builtin_plugins.chat_history.chat_message, lineno=39) running complete
03-01 09:02:19 [SUCCESS] nonebot | OneBot V11 3042447114 | [message.group.normal]: Message 1864300280 from 208469464@[群:707984972] '[image:summary=[图片],file=dddfb51c8f9fc13f37d01263e416c886.webp,sub_type=0,url=https://multimedia.nt.qq.com.cn/download?appid=1407&fileid=EhR-1cL3...,file_size=8400]'
03-01 09:02:19 [INFO] nonebot | Event will be handled by Matcher(type='message', module=zhenxun.builtin_plugins.chat_history.chat_message, lineno=39)
03-01 09:02:19 [INFO] nonebot | Matcher(type='message', module=zhenxun.builtin_plugins.chat_history.chat_message, lineno=39) running complete
03-01 09:02:20 [SUCCESS] nonebot | OneBot V11 3042447114 | [message.group.normal]: Message 918729661 from 208469464@[群:707984972] '[image:summary=[图片],file=0796b2b53ea7be89de638ed3833758d5.webp,sub_type=0,url=https://multimedia.nt.qq.com.cn/download?appid=1407&fileid=EhSjuOw5...,file_size=6918]'
03-01 09:02:20 [INFO] nonebot | Event will be handled by Matcher(type='message', module=zhenxun.builtin_plugins.chat_history.chat_message, lineno=39)
03-01 09:02:20 [INFO] nonebot | Matcher(type='message', module=zhenxun.builtin_plugins.chat_history.chat_message, lineno=39) running complete
03-01 09:02:29 [SUCCESS] nonebot | OneBot V11 3042447114 | [message.group.normal]: Message 106458195 from 1724672668@[群:707984972] '讨伐boss22'
03-01 09:02:29 [INFO] nonebot | Event will be handled by Matcher(type='message', module=zhenxun.builtin_plugins.chat_history.chat_message, lineno=39)
03-01 09:02:29 [INFO] nonebot | Matcher(type='message', module=zhenxun.builtin_plugins.chat_history.chat_message, lineno=39) running complete
03-01 09:02:30 [SUCCESS] nonebot | OneBot V11 3042447114 | [message.group.normal]: Message 611216878 from 208469464@[群:707984972] '[image:summary=[图片],file=9ced402733682085667025c927472c95.webp,sub_type=0,url=https://multimedia.nt.qq.com.cn/download?appid=1407&fileid=EhRPY9DJ...,file_size=8462]'
03-01 09:02:30 [INFO] nonebot | Event will be handled by Matcher(type='message', module=zhenxun.builtin_plugins.chat_history.chat_message, lineno=39)
03-01 09:02:30 [INFO] nonebot | Matcher(type='message', module=zhenxun.builtin_plugins.chat_history.chat_message, lineno=39) running complete
03-01 09:02:31 [SUCCESS] nonebot | OneBot V11 3042447114 | [message.group.normal]: Message 1250011811 from 208469464@[群:707984972] '[image:summary=[图片],file=507ac8b03f8e0673862f4a6b61d163a9.webp,sub_type=0,url=https://multimedia.nt.qq.com.cn/download?appid=1407&fileid=EhSDR3R_...,file_size=6960]'
03-01 09:02:31 [INFO] nonebot | Event will be handled by Matcher(type='message', module=zhenxun.builtin_plugins.chat_history.chat_message, lineno=39)
03-01 09:02:31 [INFO] nonebot | Matcher(type='message', module=zhenxun.builtin_plugins.chat_history.chat_message, lineno=39) running complete
03-01 09:02:33 [SUCCESS] nonebot | OneBot V11 3042447114 | [message.group.normal]: Message 307510635 from 1724672668@[群:707984972] '讨伐boss18'
03-01 09:02:33 [INFO] nonebot | Event will be handled by Matcher(type='message', module=zhenxun.builtin_plugins.chat_history.chat_message, lineno=39)
03-01 09:02:33 [INFO] nonebot | Matcher(type='message', module=zhenxun.builtin_plugins.chat_history.chat_message, lineno=39) running complete
03-01 09:02:35 [SUCCESS] nonebot | OneBot V11 3042447114 | [message.group.normal]: Message 1441571415 from 208469464@[群:707984972] '[image:summary=[图片],file=19b6ba873f25b5214496f95a8c74f16a.webp,sub_type=0,url=https://multimedia.nt.qq.com.cn/download?appid=1407&fileid=EhSAmHaN...,file_size=8294]'
03-01 09:02:35 [INFO] nonebot | Event will be handled by Matcher(type='message', module=zhenxun.builtin_plugins.chat_history.chat_message, lineno=39)
03-01 09:02:35 [INFO] nonebot | Matcher(type='message', module=zhenxun.builtin_plugins.chat_history.chat_message, lineno=39) running complete
03-01 09:02:36 [SUCCESS] nonebot | OneBot V11 3042447114 | [message.group.normal]: Message 308434536 from 208469464@[群:707984972] '[image:summary=[图片],file=caf9ab8ba86c074a72e6b76937638d6e.webp,sub_type=0,url=https://multimedia.nt.qq.com.cn/download?appid=1407&fileid=EhQh54-c...,file_size=6930]'
03-01 09:02:36 [INFO] nonebot | Event will be handled by Matcher(type='message', module=zhenxun.builtin_plugins.chat_history.chat_message, lineno=39)
03-01 09:02:36 [INFO] nonebot | Matcher(type='message', module=zhenxun.builtin_plugins.chat_history.chat_message, lineno=39) running complete
03-01 09:02:51 [SUCCESS] nonebot | OneBot V11 3042447114 | [message.group.normal]: Message 404310924 from 1724672668@[群:707984972] '讨伐boss18'
03-01 09:02:51 [INFO] nonebot | Event will be handled by Matcher(type='message', module=zhenxun.builtin_plugins.chat_history.chat_message, lineno=39)
03-01 09:02:51 [INFO] nonebot | Matcher(type='message', module=zhenxun.builtin_plugins.chat_history.chat_message, lineno=39) running complete
03-01 09:02:52 [SUCCESS] nonebot | OneBot V11 3042447114 | [message.group.normal]: Message 1121551752 from 208469464@[群:707984972] '[image:summary=[图片],file=c0e58a9d230428b2aab7e24feda468e3.webp,sub_type=0,url=https://multimedia.nt.qq.com.cn/download?appid=1407&fileid=EhQIgmK4...,file_size=8162]'
03-01 09:02:52 [INFO] nonebot | Event will be handled by Matcher(type='message', module=zhenxun.builtin_plugins.chat_history.chat_message, lineno=39)
03-01 09:02:52 [INFO] nonebot | Matcher(type='message', module=zhenxun.builtin_plugins.chat_history.chat_message, lineno=39) running complete
03-01 09:02:53 [SUCCESS] nonebot | OneBot V11 3042447114 | [message.group.normal]: Message 1052854193 from 208469464@[群:707984972] '[image:summary=[图片],file=f2d73526854b6f80cffd68d6c1e7eb70.webp,sub_type=0,url=https://multimedia.nt.qq.com.cn/download?appid=1407&fileid=EhSoM20o...,file_size=6954]'
03-01 09:02:53 [INFO] nonebot | Event will be handled by Matcher(type='message', module=zhenxun.builtin_plugins.chat_history.chat_message, lineno=39)
03-01 09:02:53 [INFO] nonebot | Matcher(type='message', module=zhenxun.builtin_plugins.chat_history.chat_message, lineno=39) running complete
03-01 09:02:57 [SUCCESS] nonebot | OneBot V11 3042447114 | [message.group.normal]: Message 1774493920 from 1724672668@[群:707984972] '讨伐boss16'
03-01 09:02:57 [INFO] nonebot | Event will be handled by Matcher(type='message', module=zhenxun.builtin_plugins.chat_history.chat_message, lineno=39)
03-01 09:02:57 [INFO] nonebot | Matcher(type='message', module=zhenxun.builtin_plugins.chat_history.chat_message, lineno=39) running complete
03-01 09:02:57 [SUCCESS] nonebot | OneBot V11 3042447114 | [message.group.normal]: Message 760889164 from 208469464@[群:707984972] '让我先急!'
03-01 09:02:57 [INFO] nonebot | Event will be handled by Matcher(type='message', module=zhenxun.builtin_plugins.chat_history.chat_message, lineno=39)
03-01 09:02:57 [INFO] nonebot | Matcher(type='message', module=zhenxun.builtin_plugins.chat_history.chat_message, lineno=39) running complete
03-01 09:03:16 [SUCCESS] nonebot | OneBot V11 3042447114 | [message.group.normal]: Message 1777917528 from 3205414709@[群:245810894] '[image:summary=,file=A0839A93EB1DED5A9285BDE656F32218.jpg,sub_type=0,url=https://multimedia.nt.qq.com.cn/download?appid=1407&fileid=EhR95xDW...,file_size=109551]'
03-01 09:03:16 [INFO] nonebot | Event will be handled by Matcher(type='message', module=zhenxun.builtin_plugins.chat_history.chat_message, lineno=39)
03-01 09:03:16 [INFO] nonebot | Matcher(type='message', module=zhenxun.builtin_plugins.chat_history.chat_message, lineno=39) running complete
03-01 09:03:18 [SUCCESS] nonebot | OneBot V11 3042447114 | [message.group.normal]: Message 64177897 from 3205414709@[群:245810894] '都是卷狗'
03-01 09:03:18 [INFO] nonebot | Event will be handled by Matcher(type='message', module=zhenxun.builtin_plugins.chat_history.chat_message, lineno=39)
03-01 09:03:18 [INFO] nonebot | Matcher(type='message', module=zhenxun.builtin_plugins.chat_history.chat_message, lineno=39) running complete
03-01 09:03:23 [SUCCESS] nonebot | OneBot V11 3042447114 | [message.group.normal]: Message 931833811 from 1724672668@[群:707984972] '讨伐boss15'
03-01 09:03:23 [INFO] nonebot | Event will be handled by Matcher(type='message', module=zhenxun.builtin_plugins.chat_history.chat_message, lineno=39)
03-01 09:03:23 [INFO] nonebot | Matcher(type='message', module=zhenxun.builtin_plugins.chat_history.chat_message, lineno=39) running complete
03-01 09:03:25 [SUCCESS] nonebot | OneBot V11 3042447114 | [message.group.normal]: Message 1325629966 from 208469464@[群:707984972] '[image:summary=[图片],file=47b71d4a2c2278a97bce8e4db2d2c23d.webp,sub_type=0,url=https://multimedia.nt.qq.com.cn/download?appid=1407&fileid=EhQOamOM...,file_size=8380]'
03-01 09:03:25 [INFO] nonebot | Event will be handled by Matcher(type='message', module=zhenxun.builtin_plugins.chat_history.chat_message, lineno=39)
03-01 09:03:25 [INFO] nonebot | Matcher(type='message', module=zhenxun.builtin_plugins.chat_history.chat_message, lineno=39) running complete
03-01 09:03:26 [SUCCESS] nonebot | OneBot V11 3042447114 | [message.group.normal]: Message 860231066 from 208469464@[群:707984972] '[image:summary=[图片],file=8e618ca2574fcb5638e39351039e0cf6.webp,sub_type=0,url=https://multimedia.nt.qq.com.cn/download?appid=1407&fileid=EhQN5ga8...,file_size=6742]'
03-01 09:03:26 [INFO] nonebot | Event will be handled by Matcher(type='message', module=zhenxun.builtin_plugins.chat_history.chat_message, lineno=39)
03-01 09:03:26 [INFO] nonebot | Matcher(type='message', module=zhenxun.builtin_plugins.chat_history.chat_message, lineno=39) running complete
03-01 09:03:27 [SUCCESS] nonebot | OneBot V11 3042447114 | [message.group.normal]: Message 28770287 from 3205414709@[群:245810894] '[at:qq=1018818500] 还有你'
03-01 09:03:27 [INFO] nonebot | Event will be handled by Matcher(type='message', module=zhenxun.builtin_plugins.chat_history.chat_message, lineno=39)
03-01 09:03:27 [INFO] nonebot | Matcher(type='message', module=zhenxun.builtin_plugins.chat_history.chat_message, lineno=39) running complete
03-01 09:03:27 [SUCCESS] nonebot | OneBot V11 3042447114 | [message.group.normal]: Message 1809544359 from 1724672668@[群:707984972] '讨伐boss15'
03-01 09:03:27 [INFO] nonebot | Event will be handled by Matcher(type='message', module=zhenxun.builtin_plugins.chat_history.chat_message, lineno=39)
03-01 09:03:27 [INFO] nonebot | Matcher(type='message', module=zhenxun.builtin_plugins.chat_history.chat_message, lineno=39) running complete
03-01 09:03:28 [SUCCESS] nonebot | OneBot V11 3042447114 | [message.group.normal]: Message 1079834198 from 208469464@[群:707984972] '[image:summary=[图片],file=ab235259e5114d7a6b5448694abe4a6a.webp,sub_type=0,url=https://multimedia.nt.qq.com.cn/download?appid=1407&fileid=EhSV7au-...,file_size=8348]'
03-01 09:03:28 [INFO] nonebot | Event will be handled by Matcher(type='message', module=zhenxun.builtin_plugins.chat_history.chat_message, lineno=39)
03-01 09:03:28 [INFO] nonebot | Matcher(type='message', module=zhenxun.builtin_plugins.chat_history.chat_message, lineno=39) running complete
03-01 09:03:28 [SUCCESS] nonebot | OneBot V11 3042447114 | [message.group.normal]: Message 602209740 from 3205414709@[群:245810894] '抖m'
03-01 09:03:28 [INFO] nonebot | Event will be handled by Matcher(type='message', module=zhenxun.builtin_plugins.chat_history.chat_message, lineno=39)
03-01 09:03:28 [INFO] nonebot | Matcher(type='message', module=zhenxun.builtin_plugins.chat_history.chat_message, lineno=39) running complete
03-01 09:03:29 [SUCCESS] nonebot | OneBot V11 3042447114 | [message.group.normal]: Message 1183284633 from 208469464@[群:707984972] '[image:summary=[图片],file=154f7dde536fe6acccbd0925b5c13a0b.webp,sub_type=0,url=https://multimedia.nt.qq.com.cn/download?appid=1407&fileid=EhQSMmOO...,file_size=6938]'
03-01 09:03:29 [INFO] nonebot | Event will be handled by Matcher(type='message', module=zhenxun.builtin_plugins.chat_history.chat_message, lineno=39)
03-01 09:03:29 [INFO] nonebot | Matcher(type='message', module=zhenxun.builtin_plugins.chat_history.chat_message, lineno=39) running complete
03-01 09:03:53 [SUCCESS] nonebot | OneBot V11 3042447114 | [message.group.normal]: Message 1184042594 from 2210889159@[群:245810894] '卷狗特有的'
03-01 09:03:53 [INFO] nonebot | Event will be handled by Matcher(type='message', module=zhenxun.builtin_plugins.chat_history.chat_message, lineno=39)
03-01 09:03:53 [INFO] nonebot | Matcher(type='message', module=zhenxun.builtin_plugins.chat_history.chat_message, lineno=39) running complete
03-01 09:03:58 [SUCCESS] nonebot | OneBot V11 3042447114 | [message.group.normal]: Message 538169109 from 2210889159@[群:245810894] '喜欢说别人是卷狗'
03-01 09:03:58 [INFO] nonebot | Event will be handled by Matcher(type='message', module=zhenxun.builtin_plugins.chat_history.chat_message, lineno=39)
03-01 09:03:58 [INFO] nonebot | Matcher(type='message', module=zhenxun.builtin_plugins.chat_history.chat_message, lineno=39) running complete
03-01 09:04:17 [SUCCESS] nonebot | OneBot V11 3042447114 | [message.group.normal]: Message 1711117517 from 1724672668@[群:707984972] '讨伐boss12'
03-01 09:04:17 [INFO] nonebot | Event will be handled by Matcher(type='message', module=zhenxun.builtin_plugins.chat_history.chat_message, lineno=39)
03-01 09:04:17 [INFO] nonebot | Matcher(type='message', module=zhenxun.builtin_plugins.chat_history.chat_message, lineno=39) running complete
03-01 09:04:19 [SUCCESS] nonebot | OneBot V11 3042447114 | [message.group.normal]: Message 1034053037 from 208469464@[群:707984972] '[image:summary=[图片],file=71aa8d25395aa2479c202f86fdfe01fa.webp,sub_type=0,url=https://multimedia.nt.qq.com.cn/download?appid=1407&fileid=EhRlG6LC...,file_size=8010]'
03-01 09:04:19 [INFO] nonebot | Event will be handled by Matcher(type='message', module=zhenxun.builtin_plugins.chat_history.chat_message, lineno=39)
03-01 09:04:19 [INFO] nonebot | Matcher(type='message', module=zhenxun.builtin_plugins.chat_history.chat_message, lineno=39) running complete
03-01 09:04:20 [SUCCESS] nonebot | OneBot V11 3042447114 | [message.group.normal]: Message 1652157521 from 208469464@[群:707984972] '[image:summary=[图片],file=b03baf7210e931d7cc945aad5aadb3d5.webp,sub_type=0,url=https://multimedia.nt.qq.com.cn/download?appid=1407&fileid=EhQNGtUG...,file_size=6724]'
03-01 09:04:20 [INFO] nonebot | Event will be handled by Matcher(type='message', module=zhenxun.builtin_plugins.chat_history.chat_message, lineno=39)
03-01 09:04:20 [INFO] nonebot | Matcher(type='message', module=zhenxun.builtin_plugins.chat_history.chat_message, lineno=39) running complete
03-01 09:04:20 [SUCCESS] nonebot | OneBot V11 3042447114 | [message.group.normal]: Message 1584140681 from 1724672668@[群:707984972] '讨伐boss15'
03-01 09:04:20 [INFO] nonebot | Event will be handled by Matcher(type='message', module=zhenxun.builtin_plugins.chat_history.chat_message, lineno=39)
03-01 09:04:20 [INFO] nonebot | Matcher(type='message', module=zhenxun.builtin_plugins.chat_history.chat_message, lineno=39) running complete
03-01 09:04:22 [SUCCESS] nonebot | OneBot V11 3042447114 | [message.group.normal]: Message 1107010596 from 208469464@[群:707984972] '[image:summary=[图片],file=d2c53bbf5d68d6dfd62113395f389410.webp,sub_type=0,url=https://multimedia.nt.qq.com.cn/download?appid=1407&fileid=EhQimauP...,file_size=4324]'
03-01 09:04:22 [INFO] nonebot | Event will be handled by Matcher(type='message', module=zhenxun.builtin_plugins.chat_history.chat_message, lineno=39)
03-01 09:04:22 [INFO] nonebot | Matcher(type='message', module=zhenxun.builtin_plugins.chat_history.chat_message, lineno=39) running complete
03-01 09:05:03 [SUCCESS] nonebot | OneBot V11 3042447114 | [message.group.normal]: Message 1783571470 from 1018818500@[群:245810894] '卷狗特有的'
03-01 09:05:03 [INFO] nonebot | Event will be handled by Matcher(type='message', module=zhenxun.builtin_plugins.chat_history.chat_message, lineno=39)
03-01 09:05:03 [INFO] nonebot | Matcher(type='message', module=zhenxun.builtin_plugins.chat_history.chat_message, lineno=39) running complete
03-01 09:05:04 [SUCCESS] nonebot | OneBot V11 3042447114 | [message.group.normal]: Message 740389900 from 563188197@[群:245810894] '[image:summary=[动画表情],file=50C9FF396B9A15DBAECD4D797174635D.jpg,sub_type=1,url=https://multimedia.nt.qq.com.cn/download?appid=1407&fileid=EhTluFHY...,file_size=89048]早上好 宝贝们'
03-01 09:05:04 [INFO] nonebot | Event will be handled by Matcher(type='message', module=zhenxun.builtin_plugins.chat_history.chat_message, lineno=39)
03-01 09:05:04 [INFO] nonebot | Matcher(type='message', module=zhenxun.builtin_plugins.chat_history.chat_message, lineno=39) running complete
03-01 09:05:09 [SUCCESS] nonebot | OneBot V11 3042447114 | [message.group.normal]: Message 478072433 from 1018818500@[群:245810894] '喜欢说别人是卷狗'
03-01 09:05:09 [INFO] nonebot | Event will be handled by Matcher(type='message', module=zhenxun.builtin_plugins.chat_history.chat_message, lineno=39)
03-01 09:05:09 [INFO] nonebot | Matcher(type='message', module=zhenxun.builtin_plugins.chat_history.chat_message, lineno=39) running complete
03-01 09:05:19 [SUCCESS] nonebot | OneBot V11 3042447114 | [message.group.normal]: Message 1281960797 from 563188197@[群:245810894] '[image:summary=,file=E327C81D117EF906CB25D15136B79BBE.jpg,sub_type=0,url=https://multimedia.nt.qq.com.cn/download?appid=1407&fileid=EhQG3xfL...,file_size=167605]'
03-01 09:05:19 [INFO] nonebot | Event will be handled by Matcher(type='message', module=zhenxun.builtin_plugins.chat_history.chat_message, lineno=39)
03-01 09:05:19 [INFO] nonebot | Matcher(type='message', module=zhenxun.builtin_plugins.chat_history.chat_message, lineno=39) running complete
03-01 09:05:24 [SUCCESS] nonebot | OneBot V11 3042447114 | [message.group.normal]: Message 2001964681 from 563188197@[群:245810894] '我昨晚出大货了~'
03-01 09:05:24 [INFO] nonebot | Event will be handled by Matcher(type='message', module=zhenxun.builtin_plugins.chat_history.chat_message, lineno=39)
03-01 09:05:24 [INFO] nonebot | Matcher(type='message', module=zhenxun.builtin_plugins.chat_history.chat_message, lineno=39) running complete
03-01 09:05:37 [SUCCESS] nonebot | OneBot V11 3042447114 | [message.group.normal]: Message 1788480010 from 3205414709@[群:245810894] '[at:qq=1018818500]'
03-01 09:05:37 [INFO] nonebot | Event will be handled by Matcher(type='message', module=zhenxun.builtin_plugins.chat_history.chat_message, lineno=39)
03-01 09:05:37 [INFO] nonebot | Matcher(type='message', module=zhenxun.builtin_plugins.chat_history.chat_message, lineno=39) running complete
03-01 09:05:39 [SUCCESS] nonebot | OneBot V11 3042447114 | [message.group.normal]: Message 1842544660 from 3205414709@[群:245810894] '你不是'
03-01 09:05:39 [INFO] nonebot | Event will be handled by Matcher(type='message', module=zhenxun.builtin_plugins.chat_history.chat_message, lineno=39)
03-01 09:05:39 [INFO] nonebot | Matcher(type='message', module=zhenxun.builtin_plugins.chat_history.chat_message, lineno=39) running complete
03-01 09:05:43 [SUCCESS] nonebot | OneBot V11 3042447114 | [message.group.normal]: Message 1438378023 from 3205414709@[群:245810894] '你喜欢佳尼特你是抖m'
03-01 09:05:43 [INFO] nonebot | Event will be handled by Matcher(type='message', module=zhenxun.builtin_plugins.chat_history.chat_message, lineno=39)
03-01 09:05:43 [INFO] nonebot | Matcher(type='message', module=zhenxun.builtin_plugins.chat_history.chat_message, lineno=39) running complete
03-01 09:05:56 [SUCCESS] nonebot | OneBot V11 3042447114 | [message.group.normal]: Message 1422571298 from 393045366@[群:392644938] '🐷友呢'
03-01 09:05:56 [INFO] nonebot | Event will be handled by Matcher(type='message', module=zhenxun.builtin_plugins.chat_history.chat_message, lineno=39)
03-01 09:05:56 [INFO] nonebot | Matcher(type='message', module=zhenxun.builtin_plugins.chat_history.chat_message, lineno=39) running complete
03-01 09:06:24 [SUCCESS] nonebot | OneBot V11 3042447114 | [message.group.normal]: Message 1084565672 from 3800250235@[群:392644938] '[image:summary=[动画表情],file=D2926578C66B25240D13C546EBB2AFE4.jpg,sub_type=1,url=https://multimedia.nt.qq.com.cn/download?appid=1407&fileid=EhSxPQkO...,file_size=206300]'
03-01 09:06:24 [INFO] nonebot | Event will be handled by Matcher(type='message', module=zhenxun.builtin_plugins.chat_history.chat_message, lineno=39)
03-01 09:06:24 [INFO] nonebot | Matcher(type='message', module=zhenxun.builtin_plugins.chat_history.chat_message, lineno=39) running complete
03-01 09:06:25 [SUCCESS] nonebot | OneBot V11 3042447114 | [message.group.normal]: Message 1875866700 from 365103469@[群:645741432] '卧槽 宝宝'
03-01 09:06:25 [INFO] nonebot | Event will be handled by Matcher(type='message', module=zhenxun.builtin_plugins.chat_history.chat_message, lineno=39)
03-01 09:06:25 [INFO] nonebot | Matcher(type='message', module=zhenxun.builtin_plugins.chat_history.chat_message, lineno=39) running complete
03-01 09:06:29 [SUCCESS] nonebot | OneBot V11 3042447114 | [message.group.normal]: Message 167038856 from 365103469@[群:645741432] '[image:summary=,file={FB82EA91-313D-2A2D-1195-8BD9FC597F6D}.jpg,sub_type=0,url=https://gchat.qpic.cn/gchatpic_new/0/0-0-FB82EA91313D2A2D11958BD9FC...,file_size=5954]'
03-01 09:06:29 [INFO] nonebot | Event will be handled by Matcher(type='message', module=zhenxun.builtin_plugins.chat_history.chat_message, lineno=39)
03-01 09:06:29 [INFO] nonebot | Matcher(type='message', module=zhenxun.builtin_plugins.chat_history.chat_message, lineno=39) running complete
03-01 09:06:40 [SUCCESS] nonebot | OneBot V11 3042447114 | [message.group.normal]: Message 2045291061 from 644749823@[群:392644938] '[image:summary=[/睁眼],file=D6545612D6B1F5EAEB12A57C4E1C0305.jpg,sub_type=7,url=https://multimedia.nt.qq.com.cn/download?appid=1407&fileid=EhS_V8WW...,file_size=19952]'
03-01 09:06:40 [INFO] nonebot | Event will be handled by Matcher(type='message', module=zhenxun.builtin_plugins.chat_history.chat_message, lineno=39)
03-01 09:06:40 [INFO] nonebot | Matcher(type='message', module=zhenxun.builtin_plugins.chat_history.chat_message, lineno=39) running complete
03-01 09:06:40 [SUCCESS] nonebot | OneBot V11 3042447114 | [message.group.normal]: Message 838442569 from 1062170312@[群:475899384] '泪目'
03-01 09:06:40 [INFO] nonebot | Event will be handled by Matcher(type='message', module=zhenxun.builtin_plugins.chat_history.chat_message, lineno=39)
03-01 09:06:40 [INFO] nonebot | Matcher(type='message', module=zhenxun.builtin_plugins.chat_history.chat_message, lineno=39) running complete
03-01 09:06:49 [SUCCESS] nonebot | OneBot V11 3042447114 | [message.group.normal]: Message 372045596 from 644749823@[群:392644938] '有没人送我小丑牌'
03-01 09:06:49 [INFO] nonebot | Event will be handled by Matcher(type='message', module=zhenxun.builtin_plugins.chat_history.chat_message, lineno=39)
03-01 09:06:49 [INFO] nonebot | Matcher(type='message', module=zhenxun.builtin_plugins.chat_history.chat_message, lineno=39) running complete
03-01 09:06:50 [SUCCESS] nonebot | OneBot V11 3042447114 | [message.group.normal]: Message 37012781 from 1146765051@[群:645741432] '宝宝？'
03-01 09:06:50 [INFO] nonebot | Event will be handled by Matcher(type='message', module=zhenxun.builtin_plugins.chat_history.chat_message, lineno=39)
03-01 09:06:50 [INFO] nonebot | Matcher(type='message', module=zhenxun.builtin_plugins.chat_history.chat_message, lineno=39) running complete
03-01 09:06:52 [SUCCESS] nonebot | OneBot V11 3042447114 | [message.group.normal]: Message 1866986374 from 644749823@[群:392644938] "[face:id=289,raw={'faceIndex': 289, 'faceText': '/睁眼', 'faceType': 2, 'packId': None...][face:id=289,raw={'faceIndex': 289, 'faceText': '/睁眼', 'faceType': 2, 'packId': None...][face:id=289,raw={'faceIndex': 289, 'faceText': '/睁眼', 'faceType': 2, 'packId': None...][face:id=289,raw={'faceIndex': 289, 'faceText': '/睁眼', 'faceType': 2, 'packId': None...]"
03-01 09:06:52 [INFO] nonebot | Event will be handled by Matcher(type='message', module=zhenxun.builtin_plugins.chat_history.chat_message, lineno=39)
03-01 09:06:52 [INFO] nonebot | Matcher(type='message', module=zhenxun.builtin_plugins.chat_history.chat_message, lineno=39) running complete
03-01 09:07:09 [SUCCESS] nonebot | OneBot V11 3042447114 | [message.group.normal]: Message 699076144 from 393045366@[群:392644938] '[image:summary=[没有],file=1DB3C6F5A813A3DC3ABD27D3D90A03E4.jpg,sub_type=7,url=https://multimedia.nt.qq.com.cn/download?appid=1407&fileid=EhSFX22n...,file_size=9273]'
03-01 09:07:09 [INFO] nonebot | Event will be handled by Matcher(type='message', module=zhenxun.builtin_plugins.chat_history.chat_message, lineno=39)
03-01 09:07:09 [INFO] nonebot | Matcher(type='message', module=zhenxun.builtin_plugins.chat_history.chat_message, lineno=39) running complete
03-01 09:07:19 [SUCCESS] nonebot | OneBot V11 3042447114 | [message.group.normal]: Message 1552960304 from 1018818500@[群:245810894] '我不是😡'
03-01 09:07:19 [INFO] nonebot | Event will be handled by Matcher(type='message', module=zhenxun.builtin_plugins.chat_history.chat_message, lineno=39)
03-01 09:07:19 [INFO] nonebot | Matcher(type='message', module=zhenxun.builtin_plugins.chat_history.chat_message, lineno=39) running complete
03-01 09:07:26 [SUCCESS] nonebot | OneBot V11 3042447114 | [message.group.normal]: Message 342277803 from 393045366@[群:392644938] '[at:qq=3800250235]'
03-01 09:07:26 [INFO] nonebot | Event will be handled by Matcher(type='message', module=zhenxun.builtin_plugins.chat_history.chat_message, lineno=39)
03-01 09:07:26 [INFO] nonebot | Matcher(type='message', module=zhenxun.builtin_plugins.chat_history.chat_message, lineno=39) running complete
03-01 09:07:31 [SUCCESS] nonebot | OneBot V11 3042447114 | [message.group.normal]: Message 662069729 from 393045366@[群:392644938] '[image:summary=[小丑],file=962335195088E7D389F63CD9B9869736.jpg,sub_type=7,url=https://multimedia.nt.qq.com.cn/download?appid=1407&fileid=EhT1_LwB...,file_size=51281]'
03-01 09:07:31 [INFO] nonebot | Event will be handled by Matcher(type='message', module=zhenxun.builtin_plugins.chat_history.chat_message, lineno=39)
03-01 09:07:31 [INFO] nonebot | Matcher(type='message', module=zhenxun.builtin_plugins.chat_history.chat_message, lineno=39) running complete
03-01 09:07:49 [SUCCESS] nonebot | OneBot V11 3042447114 | [message.group.normal]: Message 685878146 from 3231572383@[群:645741432] '[image:summary=,file=3B45D40C631A9CD4AE9CAAEE3F240CCA.png,sub_type=0,url=https://multimedia.nt.qq.com.cn/download?appid=1407&fileid=EhTc1tZG...,file_size=212102]'
03-01 09:07:49 [INFO] nonebot | Event will be handled by Matcher(type='message', module=zhenxun.builtin_plugins.chat_history.chat_message, lineno=39)
03-01 09:07:49 [INFO] nonebot | Matcher(type='message', module=zhenxun.builtin_plugins.chat_history.chat_message, lineno=39) running complete
03-01 09:07:58 [SUCCESS] nonebot | OneBot V11 3042447114 | [message.group.normal]: Message 1589162870 from 3231572383@[群:645741432] '换皮后是'
03-01 09:07:58 [INFO] nonebot | Event will be handled by Matcher(type='message', module=zhenxun.builtin_plugins.chat_history.chat_message, lineno=39)
03-01 09:07:58 [INFO] nonebot | Matcher(type='message', module=zhenxun.builtin_plugins.chat_history.chat_message, lineno=39) running complete
03-01 09:08:17 [SUCCESS] nonebot | OneBot V11 3042447114 | [message.group.normal]: Message 953565378 from 575701297@[群:645741432] '兄弟变老婆'
03-01 09:08:17 [INFO] nonebot | Event will be handled by Matcher(type='message', module=zhenxun.builtin_plugins.chat_history.chat_message, lineno=39)
03-01 09:08:17 [INFO] nonebot | Matcher(type='message', module=zhenxun.builtin_plugins.chat_history.chat_message, lineno=39) running complete
03-01 09:08:20 [SUCCESS] nonebot | OneBot V11 3042447114 | [message.group.normal]: Message 1630910923 from 575701297@[群:645741432] '[image:summary=[动画表情],file=B5B446AC3EFA1C03C0F215EF32D0B1C3.jpg,sub_type=1,url=https://multimedia.nt.qq.com.cn/download?appid=1407&fileid=EhTWazpd...,file_size=808903]'
03-01 09:08:20 [INFO] nonebot | Event will be handled by Matcher(type='message', module=zhenxun.builtin_plugins.chat_history.chat_message, lineno=39)
03-01 09:08:20 [INFO] nonebot | Matcher(type='message', module=zhenxun.builtin_plugins.chat_history.chat_message, lineno=39) running complete
03-01 09:08:22 [SUCCESS] nonebot | OneBot V11 3042447114 | [message.group.normal]: Message 213985547 from 2690167450@[群:645741432] '勒内模型的差别其实没有插画来得大，应该是整容过'
03-01 09:08:22 [INFO] nonebot | Event will be handled by Matcher(type='message', module=zhenxun.builtin_plugins.chat_history.chat_message, lineno=39)
03-01 09:08:22 [INFO] nonebot | Matcher(type='message', module=zhenxun.builtin_plugins.chat_history.chat_message, lineno=39) running complete
03-01 09:08:35 [SUCCESS] nonebot | OneBot V11 3042447114 | [message.group.normal]: Message 591171713 from 365103469@[群:645741432] '我表示蕾妮一直都是老婆'
03-01 09:08:35 [INFO] nonebot | Event will be handled by Matcher(type='message', module=zhenxun.builtin_plugins.chat_history.chat_message, lineno=39)
03-01 09:08:35 [INFO] nonebot | Matcher(type='message', module=zhenxun.builtin_plugins.chat_history.chat_message, lineno=39) running complete
03-01 09:08:37 [SUCCESS] nonebot | OneBot V11 3042447114 | [message.group.normal]: Message 1940031702 from 2690167450@[群:645741432] '插画里，私服形态和常服形态，胸都不一样大的'
03-01 09:08:37 [INFO] nonebot | Event will be handled by Matcher(type='message', module=zhenxun.builtin_plugins.chat_history.chat_message, lineno=39)
03-01 09:08:37 [INFO] nonebot | Matcher(type='message', module=zhenxun.builtin_plugins.chat_history.chat_message, lineno=39) running complete
03-01 09:08:40 [SUCCESS] nonebot | OneBot V11 3042447114 | [message.group.normal]: Message 60217662 from 3231572383@[群:645741432] '[image:summary=,file=4E41AA9BEB6C3B00123B43DD3241E606.png,sub_type=0,url=https://multimedia.nt.qq.com.cn/download?appid=1407&fileid=EhQrE068...,file_size=201448]'
03-01 09:08:40 [INFO] nonebot | Event will be handled by Matcher(type='message', module=zhenxun.builtin_plugins.chat_history.chat_message, lineno=39)
03-01 09:08:40 [INFO] nonebot | Matcher(type='message', module=zhenxun.builtin_plugins.chat_history.chat_message, lineno=39) running complete
03-01 09:08:42 [SUCCESS] nonebot | OneBot V11 3042447114 | [message.group.normal]: Message 893754717 from 3231572383@[群:645741432] '原皮真不好说'
03-01 09:08:42 [INFO] nonebot | Event will be handled by Matcher(type='message', module=zhenxun.builtin_plugins.chat_history.chat_message, lineno=39)
03-01 09:08:42 [INFO] nonebot | Matcher(type='message', module=zhenxun.builtin_plugins.chat_history.chat_message, lineno=39) running complete
03-01 09:09:00 [SUCCESS] nonebot | OneBot V11 3042447114 | [message.group.normal]: Message 2050235593 from 2690167450@[群:645741432] '插画里的胸看着比建模大，建模是取了个中间值'
03-01 09:09:00 [INFO] nonebot | Event will be handled by Matcher(type='message', module=zhenxun.builtin_plugins.chat_history.chat_message, lineno=39)
03-01 09:09:00 [INFO] nonebot | Matcher(type='message', module=zhenxun.builtin_plugins.chat_history.chat_message, lineno=39) running complete
03-01 09:09:13 [SUCCESS] nonebot | OneBot V11 3042447114 | [message.group.normal]: Message 1317837285 from 1573305026@[群:645741432] '[image:summary=[动画表情],file=4BF42043BEFEB290748DC8AEA90E2643.jpg,sub_type=1,url=https://multimedia.nt.qq.com.cn/download?appid=1407&fileid=EhQMf17F...,file_size=83857]'
03-01 09:09:13 [INFO] nonebot | Event will be handled by Matcher(type='message', module=zhenxun.builtin_plugins.chat_history.chat_message, lineno=39)
03-01 09:09:13 [INFO] nonebot | Matcher(type='message', module=zhenxun.builtin_plugins.chat_history.chat_message, lineno=39) running complete
03-01 09:09:34 [SUCCESS] nonebot | OneBot V11 3042447114 | [message.group.normal]: Message 121090082 from 350640529@[群:645741432] '[image:summary=,file=120134B0D0F502105BDAE5D25AEA4355.png,sub_type=0,url=https://multimedia.nt.qq.com.cn/download?appid=1407&fileid=EhRq4-QA...,file_size=1235876]'
03-01 09:09:34 [INFO] nonebot | Event will be handled by Matcher(type='message', module=zhenxun.builtin_plugins.chat_history.chat_message, lineno=39)
03-01 09:09:34 [INFO] nonebot | Matcher(type='message', module=zhenxun.builtin_plugins.chat_history.chat_message, lineno=39) running complete
03-01 09:09:42 [SUCCESS] nonebot | OneBot V11 3042447114 | [message.group.normal]: Message 209720441 from 350640529@[群:645741432] '感觉原皮都缩水了'
03-01 09:09:42 [INFO] nonebot | Event will be handled by Matcher(type='message', module=zhenxun.builtin_plugins.chat_history.chat_message, lineno=39)
03-01 09:09:42 [INFO] nonebot | Matcher(type='message', module=zhenxun.builtin_plugins.chat_history.chat_message, lineno=39) running complete
03-01 09:09:47 [SUCCESS] nonebot | OneBot V11 3042447114 | [message.group.normal]: Message 546685421 from 2210889159@[群:245810894] '珠贝！'
03-01 09:09:47 [INFO] nonebot | Event will be handled by Matcher(type='message', module=zhenxun.builtin_plugins.chat_history.chat_message, lineno=39)
03-01 09:09:47 [INFO] nonebot | Matcher(type='message', module=zhenxun.builtin_plugins.chat_history.chat_message, lineno=39) running complete
03-01 09:09:51 [SUCCESS] nonebot | OneBot V11 3042447114 | [message.group.normal]: Message 1083523092 from 3205414709@[群:245810894] '珠贝！'
03-01 09:09:51 [INFO] nonebot | Event will be handled by Matcher(type='message', module=zhenxun.builtin_plugins.chat_history.chat_message, lineno=39)
03-01 09:09:51 [INFO] nonebot | Matcher(type='message', module=zhenxun.builtin_plugins.chat_history.chat_message, lineno=39) running complete
03-01 09:09:52 [SUCCESS] nonebot | OneBot V11 3042447114 | [message.group.normal]: Message 1215246622 from 2210889159@[群:245810894] '我嘞个'
03-01 09:09:52 [INFO] nonebot | Event will be handled by Matcher(type='message', module=zhenxun.builtin_plugins.chat_history.chat_message, lineno=39)
03-01 09:09:52 [INFO] nonebot | Matcher(type='message', module=zhenxun.builtin_plugins.chat_history.chat_message, lineno=39) running complete
03-01 09:09:53 [SUCCESS] nonebot | OneBot V11 3042447114 | [message.group.normal]: Message 987755362 from 1573305026@[群:645741432] '裹了'
03-01 09:09:53 [INFO] nonebot | Event will be handled by Matcher(type='message', module=zhenxun.builtin_plugins.chat_history.chat_message, lineno=39)
03-01 09:09:53 [INFO] nonebot | Matcher(type='message', module=zhenxun.builtin_plugins.chat_history.chat_message, lineno=39) running complete
03-01 09:10:03 [SUCCESS] nonebot | OneBot V11 3042447114 | [message.group.normal]: Message 1233161926 from 2210889159@[群:245810894] '要是实体卡多好'
03-01 09:10:03 [INFO] nonebot | Event will be handled by Matcher(type='message', module=zhenxun.builtin_plugins.chat_history.chat_message, lineno=39)
03-01 09:10:03 [INFO] nonebot | Matcher(type='message', module=zhenxun.builtin_plugins.chat_history.chat_message, lineno=39) running complete
03-01 09:10:06 [SUCCESS] nonebot | OneBot V11 3042447114 | [message.group.normal]: Message 392863063 from 2690167450@[群:645741432] '[image:summary=,file={B70FE86B-5732-ECDB-6C0B-3B93970CC458}.png,sub_type=0,url=https://gchat.qpic.cn/gchatpic_new/0/0-0-B70FE86B5732ECDB6C0B3B9397...,file_size=251773]工作服也好看'
03-01 09:10:06 [INFO] nonebot | Event will be handled by Matcher(type='message', module=zhenxun.builtin_plugins.chat_history.chat_message, lineno=39)
03-01 09:10:06 [INFO] nonebot | Matcher(type='message', module=zhenxun.builtin_plugins.chat_history.chat_message, lineno=39) running complete
03-01 09:10:14 [SUCCESS] nonebot | OneBot V11 3042447114 | [message.group.normal]: Message 766863766 from 3205414709@[群:645741432] '喜欢我们的兄弟吗'
03-01 09:10:14 [INFO] nonebot | Event will be handled by Matcher(type='message', module=zhenxun.builtin_plugins.chat_history.chat_message, lineno=39)
03-01 09:10:14 [INFO] nonebot | Matcher(type='message', module=zhenxun.builtin_plugins.chat_history.chat_message, lineno=39) running complete
03-01 09:10:16 [SUCCESS] nonebot | OneBot V11 3042447114 | [message.group.normal]: Message 1593799258 from 3205414709@[群:645741432] '[image:summary=[动画表情],file=86CF3FFCD4468046F48D842D657FDD9F.jpg,sub_type=1,url=https://multimedia.nt.qq.com.cn/download?appid=1407&fileid=EhTxr4do...,file_size=68110]'
03-01 09:10:16 [INFO] nonebot | Event will be handled by Matcher(type='message', module=zhenxun.builtin_plugins.chat_history.chat_message, lineno=39)
03-01 09:10:16 [INFO] nonebot | Matcher(type='message', module=zhenxun.builtin_plugins.chat_history.chat_message, lineno=39) running complete
03-01 09:10:22 [SUCCESS] nonebot | OneBot V11 3042447114 | [message.group.normal]: Message 2130045122 from 527600716@[群:245810894] '[image:summary=[动画表情],file=156A5615E431C8F0F89FCD50BE0BFE91.png,sub_type=1,url=https://multimedia.nt.qq.com.cn/download?appid=1407&fileid=EhRRrj14...,file_size=63263]'
03-01 09:10:22 [INFO] nonebot | Event will be handled by Matcher(type='message', module=zhenxun.builtin_plugins.chat_history.chat_message, lineno=39)
03-01 09:10:22 [INFO] nonebot | Matcher(type='message', module=zhenxun.builtin_plugins.chat_history.chat_message, lineno=39) running complete
03-01 09:10:23 [SUCCESS] nonebot | OneBot V11 3042447114 | [message.group.normal]: Message 537060494 from 365103469@[群:645741432] '我预计老金原本打算做那个长发当好感皮的'
03-01 09:10:23 [INFO] nonebot | Event will be handled by Matcher(type='message', module=zhenxun.builtin_plugins.chat_history.chat_message, lineno=39)
03-01 09:10:23 [INFO] nonebot | Matcher(type='message', module=zhenxun.builtin_plugins.chat_history.chat_message, lineno=39) running complete
03-01 09:10:26 [SUCCESS] nonebot | OneBot V11 3042447114 | [message.group.normal]: Message 2057544639 from 2690167450@[群:645741432] '金PD说不会出贤者形态，不知道工作服有没有机会转正'
03-01 09:10:26 [INFO] nonebot | Event will be handled by Matcher(type='message', module=zhenxun.builtin_plugins.chat_history.chat_message, lineno=39)
03-01 09:10:26 [INFO] nonebot | Matcher(type='message', module=zhenxun.builtin_plugins.chat_history.chat_message, lineno=39) running complete
03-01 09:10:35 [SUCCESS] nonebot | OneBot V11 3042447114 | [message.group.normal]: Message 389748639 from 1573305026@[群:645741432] '[image:summary=[动画表情],file=4BF42043BEFEB290748DC8AEA90E2643.jpg,sub_type=1,url=https://multimedia.nt.qq.com.cn/download?appid=1407&fileid=EhQMf17F...,file_size=83857]'
03-01 09:10:35 [INFO] nonebot | Event will be handled by Matcher(type='message', module=zhenxun.builtin_plugins.chat_history.chat_message, lineno=39)
03-01 09:10:35 [INFO] nonebot | Matcher(type='message', module=zhenxun.builtin_plugins.chat_history.chat_message, lineno=39) running complete
03-01 09:10:45 [SUCCESS] nonebot | OneBot V11 3042447114 | [message.group.normal]: Message 365030049 from 3205414709@[群:245810894] '[at:qq=527600716]'
03-01 09:10:45 [INFO] nonebot | Event will be handled by Matcher(type='message', module=zhenxun.builtin_plugins.chat_history.chat_message, lineno=39)
03-01 09:10:45 [INFO] nonebot | Matcher(type='message', module=zhenxun.builtin_plugins.chat_history.chat_message, lineno=39) running complete
03-01 09:10:45 [SUCCESS] nonebot | OneBot V11 3042447114 | [message.group.normal]: Message 1615866903 from 3231572383@[群:645741432] '就原皮拉跨'
03-01 09:10:45 [INFO] nonebot | Event will be handled by Matcher(type='message', module=zhenxun.builtin_plugins.chat_history.chat_message, lineno=39)
03-01 09:10:45 [INFO] nonebot | Matcher(type='message', module=zhenxun.builtin_plugins.chat_history.chat_message, lineno=39) running complete
03-01 09:10:48 [SUCCESS] nonebot | OneBot V11 3042447114 | [message.group.normal]: Message 343577695 from 2690167450@[群:645741432] '我记得哪次的问答有人问了，金PD说不打算出长发那个贤者形态'
03-01 09:10:48 [INFO] nonebot | Event will be handled by Matcher(type='message', module=zhenxun.builtin_plugins.chat_history.chat_message, lineno=39)
03-01 09:10:48 [INFO] nonebot | Matcher(type='message', module=zhenxun.builtin_plugins.chat_history.chat_message, lineno=39) running complete
03-01 09:10:50 [SUCCESS] nonebot | OneBot V11 3042447114 | [message.group.normal]: Message 1520436445 from 3231572383@[群:645741432] '好多角色都是'
03-01 09:10:50 [INFO] nonebot | Event will be handled by Matcher(type='message', module=zhenxun.builtin_plugins.chat_history.chat_message, lineno=39)
03-01 09:10:50 [INFO] nonebot | Matcher(type='message', module=zhenxun.builtin_plugins.chat_history.chat_message, lineno=39) running complete
03-01 09:10:53 [SUCCESS] nonebot | OneBot V11 3042447114 | [message.group.normal]: Message 914739411 from 365103469@[群:645741432] '但是当时他说好感皮重新设计'
03-01 09:10:53 [INFO] nonebot | Event will be handled by Matcher(type='message', module=zhenxun.builtin_plugins.chat_history.chat_message, lineno=39)
03-01 09:10:53 [INFO] nonebot | Matcher(type='message', module=zhenxun.builtin_plugins.chat_history.chat_message, lineno=39) running complete
03-01 09:10:57 [SUCCESS] nonebot | OneBot V11 3042447114 | [message.group.normal]: Message 2011780108 from 3205414709@[群:245810894] '3月第一炮我打算对着喵神打了'
03-01 09:10:57 [INFO] nonebot | Event will be handled by Matcher(type='message', module=zhenxun.builtin_plugins.chat_history.chat_message, lineno=39)
03-01 09:10:57 [INFO] nonebot | Matcher(type='message', module=zhenxun.builtin_plugins.chat_history.chat_message, lineno=39) running complete
03-01 09:11:15 [SUCCESS] nonebot | OneBot V11 3042447114 | [message.group.normal]: Message 844241608 from 365103469@[群:645741432] '不打算出长发 好像是q4说的'
03-01 09:11:15 [INFO] nonebot | Event will be handled by Matcher(type='message', module=zhenxun.builtin_plugins.chat_history.chat_message, lineno=39)
03-01 09:11:15 [INFO] nonebot | Matcher(type='message', module=zhenxun.builtin_plugins.chat_history.chat_message, lineno=39) running complete
03-01 09:11:15 [SUCCESS] nonebot | OneBot V11 3042447114 | [message.group.normal]: Message 1855984791 from 2690167450@[群:645741432] '[image:summary=,file={4A96A940-1EC6-F93F-232A-7BC5A72A072D}.gif,sub_type=1,url=https://gchat.qpic.cn/gchatpic_new/0/0-0-4A96A9401EC6F93F232A7BC5A7...,file_size=6681]看勒内是不是金PD亲女儿了'
03-01 09:11:15 [INFO] nonebot | Event will be handled by Matcher(type='message', module=zhenxun.builtin_plugins.chat_history.chat_message, lineno=39)
03-01 09:11:15 [INFO] nonebot | Matcher(type='message', module=zhenxun.builtin_plugins.chat_history.chat_message, lineno=39) running complete
03-01 09:11:24 [SUCCESS] nonebot | OneBot V11 3042447114 | [message.group.normal]: Message 549373606 from 1573305026@[群:645741432] '[image:summary=[动画表情],file=4BF42043BEFEB290748DC8AEA90E2643.jpg,sub_type=1,url=https://multimedia.nt.qq.com.cn/download?appid=1407&fileid=EhQMf17F...,file_size=83857]'
03-01 09:11:24 [INFO] nonebot | Event will be handled by Matcher(type='message', module=zhenxun.builtin_plugins.chat_history.chat_message, lineno=39)
03-01 09:11:24 [INFO] nonebot | Matcher(type='message', module=zhenxun.builtin_plugins.chat_history.chat_message, lineno=39) running complete
03-01 09:11:34 [SUCCESS] nonebot | OneBot V11 3042447114 | [message.group.normal]: Message 1531986118 from 2690167450@[群:645741432] '如果是亲女儿的话，会安排找回原来力量的剧情让贤者形态成为异格角色'
03-01 09:11:34 [INFO] nonebot | Event will be handled by Matcher(type='message', module=zhenxun.builtin_plugins.chat_history.chat_message, lineno=39)
03-01 09:11:34 [INFO] nonebot | Matcher(type='message', module=zhenxun.builtin_plugins.chat_history.chat_message, lineno=39) running complete
03-01 09:11:43 [SUCCESS] nonebot | OneBot V11 3042447114 | [message.group.normal]: Message 645330581 from 2690167450@[群:645741432] '如果不是亲女儿这个设定就会被雪藏了（'
03-01 09:11:43 [INFO] nonebot | Event will be handled by Matcher(type='message', module=zhenxun.builtin_plugins.chat_history.chat_message, lineno=39)
03-01 09:11:43 [INFO] nonebot | Matcher(type='message', module=zhenxun.builtin_plugins.chat_history.chat_message, lineno=39) running complete
03-01 09:11:53 [SUCCESS] nonebot | OneBot V11 3042447114 | [message.group.normal]: Message 456248675 from 3092472851@[群:475899384] '[image:summary=,file={CE33EE74-6967-8B13-76ED-3A4B9C8D2751}.gif,sub_type=1,url=https://gchat.qpic.cn/gchatpic_new/0/0-0-CE33EE7469678B1376ED3A4B9C...,file_size=225541]'
03-01 09:11:53 [INFO] nonebot | Event will be handled by Matcher(type='message', module=zhenxun.builtin_plugins.chat_history.chat_message, lineno=39)
03-01 09:11:53 [INFO] nonebot | Matcher(type='message', module=zhenxun.builtin_plugins.chat_history.chat_message, lineno=39) running complete
03-01 09:11:53 [SUCCESS] nonebot | OneBot V11 3042447114 | [message.group.normal]: Message 896838361 from 527600716@[群:245810894] '[image:summary=[动画表情],file=DD5D661927A808649F3BF169EA2E250A.png,sub_type=1,url=https://multimedia.nt.qq.com.cn/download?appid=1407&fileid=EhQjUPJO...,file_size=28156]'
03-01 09:11:53 [INFO] nonebot | Event will be handled by Matcher(type='message', module=zhenxun.builtin_plugins.chat_history.chat_message, lineno=39)
03-01 09:11:53 [INFO] nonebot | Matcher(type='message', module=zhenxun.builtin_plugins.chat_history.chat_message, lineno=39) running complete
03-01 09:11:58 [SUCCESS] nonebot | OneBot V11 3042447114 | [message.group.normal]: Message 50646878 from 3231572383@[群:645741432] '是不是亲女儿我不知道'
03-01 09:11:58 [INFO] nonebot | Event will be handled by Matcher(type='message', module=zhenxun.builtin_plugins.chat_history.chat_message, lineno=39)
03-01 09:11:58 [INFO] nonebot | Matcher(type='message', module=zhenxun.builtin_plugins.chat_history.chat_message, lineno=39) running complete
03-01 09:12:06 [SUCCESS] nonebot | OneBot V11 3042447114 | [message.group.normal]: Message 36938835 from 3231572383@[群:645741432] '反正换皮后是我的乖宝宝'
03-01 09:12:06 [INFO] nonebot | Event will be handled by Matcher(type='message', module=zhenxun.builtin_plugins.chat_history.chat_message, lineno=39)
03-01 09:12:06 [INFO] nonebot | Matcher(type='message', module=zhenxun.builtin_plugins.chat_history.chat_message, lineno=39) running complete
03-01 09:12:16 [SUCCESS] nonebot | OneBot V11 3042447114 | [message.group.normal]: Message 46739736 from 365103469@[群:645741432] '先填坑吧'
03-01 09:12:16 [INFO] nonebot | Event will be handled by Matcher(type='message', module=zhenxun.builtin_plugins.chat_history.chat_message, lineno=39)
03-01 09:12:16 [INFO] nonebot | Matcher(type='message', module=zhenxun.builtin_plugins.chat_history.chat_message, lineno=39) running complete
03-01 09:12:18 [SUCCESS] nonebot | OneBot V11 3042447114 | [message.group.normal]: Message 661453427 from 527600716@[群:245810894] '[image:summary=[动画表情],file=F3B14329478E8017BF7954FEFC85BF34.png,sub_type=1,url=https://multimedia.nt.qq.com.cn/download?appid=1407&fileid=EhS5Vfc2...,file_size=27773]'
03-01 09:12:18 [INFO] nonebot | Event will be handled by Matcher(type='message', module=zhenxun.builtin_plugins.chat_history.chat_message, lineno=39)
03-01 09:12:18 [INFO] nonebot | Matcher(type='message', module=zhenxun.builtin_plugins.chat_history.chat_message, lineno=39) running complete
03-01 09:12:19 [SUCCESS] nonebot | OneBot V11 3042447114 | [message.group.normal]: Message 38568411 from 208469464@[群:707984972] '[image:summary=[图片],file=3778eac4ba573223ebf7c4961c74d2f4.webp,sub_type=0,url=https://multimedia.nt.qq.com.cn/download?appid=1407&fileid=EhQs7Oac...,file_size=5182]'
03-01 09:12:19 [INFO] nonebot | Event will be handled by Matcher(type='message', module=zhenxun.builtin_plugins.chat_history.chat_message, lineno=39)
03-01 09:12:19 [INFO] nonebot | Matcher(type='message', module=zhenxun.builtin_plugins.chat_history.chat_message, lineno=39) running complete
03-01 09:12:21 [SUCCESS] nonebot | OneBot V11 3042447114 | [notice.notify.poke]: {'time': 1740791541, 'self_id': 3042447114, 'post_type': 'notice', 'notice_type': 'notify', 'sub_type': 'poke', 'user_id': 393045366, 'group_id': 392644938, 'target_id': 644749823, 'raw_info': [{'col': '1', 'nm': '', 'type': 'qq', 'uid': 'u_i6OLh0gOuBWnxvll6jgFWQ'}, {'jp': 'https://zb.vip.qq.com/v2/pages/nudgeMall?_wv=2&actionId=0', 'src': 'http://tianquan.gtimg.cn/nudgeaction/item/0/expression.jpg', 'type': 'img'}, {'txt': '戳了戳', 'type': 'nor'}, {'col': '1', 'nm': '', 'tp': '0', 'type': 'qq', 'uid': 'u_58ZHSSgIcN691IpW8lHJhw'}, {'txt': '', 'type': 'nor'}]}
03-01 09:12:21 [INFO] nonebot | Event will be handled by Matcher(type='notice', module=zhenxun.plugins.zhenxun_plugin_draw_painting, lineno=61)
03-01 09:12:21 [INFO] nonebot | Event will be handled by Matcher(type='notice', module=zhenxun.plugins.zhenxun_plugin_draw_painting, lineno=62)
03-01 09:12:21 [INFO] nonebot | Event will be handled by Matcher(type='notice', module=zhenxun.plugins.monitor, lineno=18)
03-01 09:12:21 [INFO] nonebot | Event will be handled by Matcher(type='notice', module=zhenxun.plugins.monitor, lineno=19)
03-01 09:12:21 [INFO] nonebot | Event will be handled by Matcher(type='notice', module=zhenxun.plugins.monitor, lineno=20)
03-01 09:12:21 [INFO] nonebot | Matcher(type='notice', module=zhenxun.plugins.monitor, lineno=18) running complete
03-01 09:12:21 [INFO] nonebot | Matcher(type='notice', module=zhenxun.plugins.monitor, lineno=20) running complete
03-01 09:12:21 [INFO] nonebot | Matcher(type='notice', module=zhenxun.plugins.monitor, lineno=19) running complete
03-01 09:12:21 [INFO] nonebot | Matcher(type='notice', module=zhenxun.plugins.zhenxun_plugin_draw_painting, lineno=61) running complete
03-01 09:12:21 [INFO] nonebot | Matcher(type='notice', module=zhenxun.plugins.zhenxun_plugin_draw_painting, lineno=62) running is cancelled
03-01 09:12:37 [SUCCESS] nonebot | OneBot V11 3042447114 | [message.group.normal]: Message 1785646887 from 2690167450@[群:645741432] '好感剧情里好像是自杀拿自己全部血肉和力量从雪原造出来一个可以生活的国家'
03-01 09:12:37 [INFO] nonebot | Event will be handled by Matcher(type='message', module=zhenxun.builtin_plugins.chat_history.chat_message, lineno=39)
03-01 09:12:37 [INFO] nonebot | Matcher(type='message', module=zhenxun.builtin_plugins.chat_history.chat_message, lineno=39) running complete
03-01 09:12:39 [SUCCESS] nonebot | OneBot V11 3042447114 | [message.group.normal]: Message 1391563425 from 2690167450@[群:645741432] '挺猛的'
03-01 09:12:39 [INFO] nonebot | Event will be handled by Matcher(type='message', module=zhenxun.builtin_plugins.chat_history.chat_message, lineno=39)
03-01 09:12:39 [INFO] nonebot | Matcher(type='message', module=zhenxun.builtin_plugins.chat_history.chat_message, lineno=39) running complete
03-01 09:12:40 [SUCCESS] nonebot | OneBot V11 3042447114 | [message.group.normal]: Message 1984842091 from 3495037833@[群:864523321] '[image:summary=[绝好调],file=ac-acf3361e5091d93c4449940bc547cd30.gif,url=https://gxh.vip.qq.com/club/item/parcel/item/ac/acf3361e5091d93c444...,key=613f34a4b20837c4,emoji_id=acf3361e5091d93c4449940bc547cd30,emoji_package_id=240225]'
03-01 09:12:40 [INFO] nonebot | Event will be handled by Matcher(type='message', module=zhenxun.builtin_plugins.chat_history.chat_message, lineno=39)
03-01 09:12:40 [INFO] nonebot | Matcher(type='message', module=zhenxun.builtin_plugins.chat_history.chat_message, lineno=39) running complete
03-01 09:12:52 [SUCCESS] nonebot | OneBot V11 3042447114 | [message.group.normal]: Message 1076109522 from 2690167450@[群:645741432] '现在的身体是重构的虚弱状态'
03-01 09:12:52 [INFO] nonebot | Event will be handled by Matcher(type='message', module=zhenxun.builtin_plugins.chat_history.chat_message, lineno=39)
03-01 09:12:52 [INFO] nonebot | Matcher(type='message', module=zhenxun.builtin_plugins.chat_history.chat_message, lineno=39) running complete
03-01 09:13:04 [SUCCESS] nonebot | OneBot V11 3042447114 | [message.group.normal]: Message 283178113 from 158174653@[群:816890778] '不愧是拉利玛仙人'
03-01 09:13:04 [INFO] nonebot | Event will be handled by Matcher(type='message', module=zhenxun.builtin_plugins.chat_history.chat_message, lineno=39)
03-01 09:13:04 [INFO] nonebot | Matcher(type='message', module=zhenxun.builtin_plugins.chat_history.chat_message, lineno=39) running complete
03-01 09:13:07 [SUCCESS] nonebot | OneBot V11 3042447114 | [message.group.normal]: Message 602522005 from 3231572383@[群:645741432] '身体软软的是吗'
03-01 09:13:07 [INFO] nonebot | Event will be handled by Matcher(type='message', module=zhenxun.builtin_plugins.chat_history.chat_message, lineno=39)
03-01 09:13:07 [INFO] nonebot | Matcher(type='message', module=zhenxun.builtin_plugins.chat_history.chat_message, lineno=39) running complete
03-01 09:13:11 [SUCCESS] nonebot | OneBot V11 3042447114 | [message.group.normal]: Message 1601012440 from 365103469@[群:645741432] '新形态什么的我目前不期待 只希望目前老金能正常点 对老东西福利好点'
03-01 09:13:11 [INFO] nonebot | Event will be handled by Matcher(type='message', module=zhenxun.builtin_plugins.chat_history.chat_message, lineno=39)
03-01 09:13:11 [INFO] nonebot | Matcher(type='message', module=zhenxun.builtin_plugins.chat_history.chat_message, lineno=39) running complete
03-01 09:13:18 [SUCCESS] nonebot | OneBot V11 3042447114 | [message.group.normal]: Message 374802767 from 527600716@[群:245810894] '[image:summary=[动画表情],file=2AEB9A3601BCE4683F01C1CBEB200ED7.png,sub_type=1,url=https://multimedia.nt.qq.com.cn/download?appid=1407&fileid=EhRLieXh...,file_size=200637]'
03-01 09:13:18 [INFO] nonebot | Event will be handled by Matcher(type='message', module=zhenxun.builtin_plugins.chat_history.chat_message, lineno=39)
03-01 09:13:18 [INFO] nonebot | Matcher(type='message', module=zhenxun.builtin_plugins.chat_history.chat_message, lineno=39) running complete
03-01 09:13:25 [SUCCESS] nonebot | OneBot V11 3042447114 | [message.group.normal]: Message 104767001 from 957569174@[群:864523321] '[image:summary=[绝好调],file=ac-acf3361e5091d93c4449940bc547cd30.gif,url=https://gxh.vip.qq.com/club/item/parcel/item/ac/acf3361e5091d93c444...,key=613f34a4b20837c4,emoji_id=acf3361e5091d93c4449940bc547cd30,emoji_package_id=240225]'
03-01 09:13:25 [INFO] nonebot | Event will be handled by Matcher(type='message', module=zhenxun.builtin_plugins.chat_history.chat_message, lineno=39)
03-01 09:13:25 [INFO] nonebot | Matcher(type='message', module=zhenxun.builtin_plugins.chat_history.chat_message, lineno=39) running complete
03-01 09:13:40 [SUCCESS] nonebot | OneBot V11 3042447114 | [message.group.normal]: Message 117660784 from 2690167450@[群:645741432] '虚弱状态是随时会寄的情况，时不时要修养'
03-01 09:13:40 [INFO] nonebot | Event will be handled by Matcher(type='message', module=zhenxun.builtin_plugins.chat_history.chat_message, lineno=39)
03-01 09:13:40 [INFO] nonebot | Matcher(type='message', module=zhenxun.builtin_plugins.chat_history.chat_message, lineno=39) running complete
03-01 09:13:58 [SUCCESS] nonebot | OneBot V11 3042447114 | [message.group.normal]: Message 609616802 from 2210889159@[群:245810894] '[image:summary=[动画表情],file=3D19BED86035C21AF4A15CE0BDE7274B.jpg,sub_type=1,url=https://multimedia.nt.qq.com.cn/download?appid=1407&fileid=EhQqvjJO...,file_size=44319]'
03-01 09:13:58 [INFO] nonebot | Event will be handled by Matcher(type='message', module=zhenxun.builtin_plugins.chat_history.chat_message, lineno=39)
03-01 09:13:58 [INFO] nonebot | Matcher(type='message', module=zhenxun.builtin_plugins.chat_history.chat_message, lineno=39) running complete
03-01 09:14:14 [SUCCESS] nonebot | OneBot V11 3042447114 | [message.group.normal]: Message 1126277046 from 365103469@[群:645741432] '哦 今天1号 看看流水如何'
03-01 09:14:14 [INFO] nonebot | Event will be handled by Matcher(type='message', module=zhenxun.builtin_plugins.chat_history.chat_message, lineno=39)
03-01 09:14:14 [INFO] nonebot | Matcher(type='message', module=zhenxun.builtin_plugins.chat_history.chat_message, lineno=39) running complete
03-01 09:14:18 [SUCCESS] nonebot | OneBot V11 3042447114 | [message.group.normal]: Message 873297008 from 2407586440@[群:816890778] '拉利玛还是太强了（）'
03-01 09:14:18 [INFO] nonebot | Event will be handled by Matcher(type='message', module=zhenxun.builtin_plugins.chat_history.chat_message, lineno=39)
03-01 09:14:18 [INFO] nonebot | Matcher(type='message', module=zhenxun.builtin_plugins.chat_history.chat_message, lineno=39) running complete
03-01 09:14:21 [SUCCESS] nonebot | OneBot V11 3042447114 | [message.group.normal]: Message 1198693199 from 2407586440@[群:816890778] '得削'
03-01 09:14:21 [INFO] nonebot | Event will be handled by Matcher(type='message', module=zhenxun.builtin_plugins.chat_history.chat_message, lineno=39)
03-01 09:14:21 [INFO] nonebot | Matcher(type='message', module=zhenxun.builtin_plugins.chat_history.chat_message, lineno=39) running complete
03-01 09:14:23 [SUCCESS] nonebot | OneBot V11 3042447114 | [message.group.normal]: Message 340062837 from 2690167450@[群:645741432] '现在出皮肤的几乎都是老一点的角色'
03-01 09:14:23 [INFO] nonebot | Event will be handled by Matcher(type='message', module=zhenxun.builtin_plugins.chat_history.chat_message, lineno=39)
03-01 09:14:23 [INFO] nonebot | Matcher(type='message', module=zhenxun.builtin_plugins.chat_history.chat_message, lineno=39) running complete
03-01 09:14:33 [SUCCESS] nonebot | OneBot V11 3042447114 | [message.group.normal]: Message 1794632996 from 3231572383@[群:645741432] '1号'
03-01 09:14:33 [INFO] nonebot | Event will be handled by Matcher(type='message', module=zhenxun.builtin_plugins.chat_history.chat_message, lineno=39)
03-01 09:14:33 [INFO] nonebot | Matcher(type='message', module=zhenxun.builtin_plugins.chat_history.chat_message, lineno=39) running complete
03-01 09:14:39 [SUCCESS] nonebot | OneBot V11 3042447114 | [message.group.normal]: Message 127913071 from 3231572383@[群:645741432] '那又要开始氪月卡了'
03-01 09:14:39 [INFO] nonebot | Event will be handled by Matcher(type='message', module=zhenxun.builtin_plugins.chat_history.chat_message, lineno=39)
03-01 09:14:39 [INFO] nonebot | Matcher(type='message', module=zhenxun.builtin_plugins.chat_history.chat_message, lineno=39) running complete
03-01 09:14:41 [SUCCESS] nonebot | OneBot V11 3042447114 | [message.group.normal]: Message 344821200 from 575701297@[群:816890778] '每次都是拉利玛在表演'
03-01 09:14:41 [INFO] nonebot | Event will be handled by Matcher(type='message', module=zhenxun.builtin_plugins.chat_history.chat_message, lineno=39)
03-01 09:14:41 [INFO] nonebot | Matcher(type='message', module=zhenxun.builtin_plugins.chat_history.chat_message, lineno=39) running complete
03-01 09:14:47 [SUCCESS] nonebot | OneBot V11 3042447114 | [message.group.normal]: Message 411187449 from 2690167450@[群:645741432] '统计的博主没那么快出吧'
03-01 09:14:47 [INFO] nonebot | Event will be handled by Matcher(type='message', module=zhenxun.builtin_plugins.chat_history.chat_message, lineno=39)
03-01 09:14:47 [INFO] nonebot | Matcher(type='message', module=zhenxun.builtin_plugins.chat_history.chat_message, lineno=39) running complete
03-01 09:14:48 [SUCCESS] nonebot | OneBot V11 3042447114 | [message.group.normal]: Message 1939933341 from 575701297@[群:816890778] '笑嘻嘻'
03-01 09:14:48 [INFO] nonebot | Event will be handled by Matcher(type='message', module=zhenxun.builtin_plugins.chat_history.chat_message, lineno=39)
03-01 09:14:48 [INFO] nonebot | Matcher(type='message', module=zhenxun.builtin_plugins.chat_history.chat_message, lineno=39) running complete
03-01 09:14:53 [SUCCESS] nonebot | OneBot V11 3042447114 | [message.group.normal]: Message 2103431232 from 1113240844@[群:392644938] '可惜了，没有优惠礼包了'
03-01 09:14:53 [INFO] nonebot | Event will be handled by Matcher(type='message', module=zhenxun.builtin_plugins.chat_history.chat_message, lineno=39)
03-01 09:14:53 [INFO] nonebot | Matcher(type='message', module=zhenxun.builtin_plugins.chat_history.chat_message, lineno=39) running complete
03-01 09:14:58 [SUCCESS] nonebot | OneBot V11 3042447114 | [message.group.normal]: Message 789220071 from 2690167450@[群:645741432] '自己扒数据太麻烦了'
03-01 09:14:58 [INFO] nonebot | Event will be handled by Matcher(type='message', module=zhenxun.builtin_plugins.chat_history.chat_message, lineno=39)
03-01 09:14:58 [INFO] nonebot | Matcher(type='message', module=zhenxun.builtin_plugins.chat_history.chat_message, lineno=39) running complete
03-01 09:15:18 [SUCCESS] nonebot | OneBot V11 3042447114 | [message.group.normal]: Message 801127107 from 1113240844@[群:392644938] '不然我想试试把剩下的没有的三个ss都捞出来'
03-01 09:15:18 [INFO] nonebot | Event will be handled by Matcher(type='message', module=zhenxun.builtin_plugins.chat_history.chat_message, lineno=39)
03-01 09:15:18 [INFO] nonebot | Matcher(type='message', module=zhenxun.builtin_plugins.chat_history.chat_message, lineno=39) running complete
03-01 09:15:33 [SUCCESS] nonebot | OneBot V11 3042447114 | [message.group.normal]: Message 2086713158 from 1113240844@[群:392644938] '西装玉兔东城和水濑那谁'
03-01 09:15:33 [INFO] nonebot | Event will be handled by Matcher(type='message', module=zhenxun.builtin_plugins.chat_history.chat_message, lineno=39)
03-01 09:15:33 [INFO] nonebot | Matcher(type='message', module=zhenxun.builtin_plugins.chat_history.chat_message, lineno=39) running complete
03-01 09:15:37 [SUCCESS] nonebot | OneBot V11 3042447114 | [message.group.normal]: Message 366464795 from 1062170312@[群:475899384] '[json:data={\n  "config" : {\n    "height" : 0,\n    "forward" : 1,\n    "ctime" :...]'
03-01 09:15:37 [INFO] nonebot | Event will be handled by Matcher(type='message', module=zhenxun.builtin_plugins.chat_history.chat_message, lineno=39)
03-01 09:15:37 [INFO] nonebot | Matcher(type='message', module=zhenxun.builtin_plugins.chat_history.chat_message, lineno=39) running complete
03-01 09:15:40 [SUCCESS] nonebot | OneBot V11 3042447114 | [message.group.normal]: Message 1439414553 from 1653536628@[群:392644938] '[reply:id=372045596][at:qq=644749823] 有手游'
03-01 09:15:40 [INFO] nonebot | Event will be handled by Matcher(type='message', module=zhenxun.builtin_plugins.chat_history.chat_message, lineno=39)
03-01 09:15:40 [INFO] nonebot | Matcher(type='message', module=zhenxun.builtin_plugins.chat_history.chat_message, lineno=39) running complete
03-01 09:15:43 [SUCCESS] nonebot | OneBot V11 3042447114 | [message.group.normal]: Message 1097065972 from 1113240844@[群:392644938] '貌似是无属性大C啊'
03-01 09:15:43 [INFO] nonebot | Event will be handled by Matcher(type='message', module=zhenxun.builtin_plugins.chat_history.chat_message, lineno=39)
03-01 09:15:43 [INFO] nonebot | Matcher(type='message', module=zhenxun.builtin_plugins.chat_history.chat_message, lineno=39) running complete
03-01 09:15:45 [SUCCESS] nonebot | OneBot V11 3042447114 | [message.group.normal]: Message 1566901409 from 1653536628@[群:392644938] '体验版'
03-01 09:15:45 [INFO] nonebot | Event will be handled by Matcher(type='message', module=zhenxun.builtin_plugins.chat_history.chat_message, lineno=39)
03-01 09:15:45 [INFO] nonebot | Matcher(type='message', module=zhenxun.builtin_plugins.chat_history.chat_message, lineno=39) running complete
03-01 09:15:48 [SUCCESS] nonebot | OneBot V11 3042447114 | [message.group.normal]: Message 156879848 from 1653536628@[群:392644938] '玩不玩'
03-01 09:15:48 [INFO] nonebot | Event will be handled by Matcher(type='message', module=zhenxun.builtin_plugins.chat_history.chat_message, lineno=39)
03-01 09:15:48 [INFO] nonebot | Matcher(type='message', module=zhenxun.builtin_plugins.chat_history.chat_message, lineno=39) running complete
03-01 09:16:00 [SUCCESS] nonebot | OneBot V11 3042447114 | [message.group.normal]: Message 95506500 from 365103469@[群:645741432] '忘了 我们这边是1号'
03-01 09:16:00 [INFO] nonebot | Event will be handled by Matcher(type='message', module=zhenxun.builtin_plugins.chat_history.chat_message, lineno=39)
03-01 09:16:00 [INFO] nonebot | Matcher(type='message', module=zhenxun.builtin_plugins.chat_history.chat_message, lineno=39) running complete
03-01 09:16:02 [SUCCESS] nonebot | OneBot V11 3042447114 | [message.group.normal]: Message 1208067991 from 644749823@[群:392644938] '[reply:id=1439414553][at:qq=1653536628] 有'
03-01 09:16:02 [INFO] nonebot | Event will be handled by Matcher(type='message', module=zhenxun.builtin_plugins.chat_history.chat_message, lineno=39)
03-01 09:16:02 [INFO] nonebot | Matcher(type='message', module=zhenxun.builtin_plugins.chat_history.chat_message, lineno=39) running complete
03-01 09:16:05 [SUCCESS] nonebot | OneBot V11 3042447114 | [message.group.normal]: Message 284108103 from 2690167450@[群:645741432] '女仆皮要等二期女仆活动才能实装了'
03-01 09:16:05 [INFO] nonebot | Event will be handled by Matcher(type='message', module=zhenxun.builtin_plugins.chat_history.chat_message, lineno=39)
03-01 09:16:05 [INFO] nonebot | Matcher(type='message', module=zhenxun.builtin_plugins.chat_history.chat_message, lineno=39) running complete
03-01 09:16:08 [SUCCESS] nonebot | OneBot V11 3042447114 | [message.group.normal]: Message 622343674 from 644749823@[群:392644938] '你上网查'
03-01 09:16:08 [INFO] nonebot | Event will be handled by Matcher(type='message', module=zhenxun.builtin_plugins.chat_history.chat_message, lineno=39)
03-01 09:16:08 [INFO] nonebot | Matcher(type='message', module=zhenxun.builtin_plugins.chat_history.chat_message, lineno=39) running complete
03-01 09:16:12 [SUCCESS] nonebot | OneBot V11 3042447114 | [message.group.normal]: Message 700570264 from 365103469@[群:645741432] '但是他们那边今天应该还是28号'
03-01 09:16:12 [INFO] nonebot | Event will be handled by Matcher(type='message', module=zhenxun.builtin_plugins.chat_history.chat_message, lineno=39)
03-01 09:16:12 [INFO] nonebot | Matcher(type='message', module=zhenxun.builtin_plugins.chat_history.chat_message, lineno=39) running complete
03-01 09:16:15 [SUCCESS] nonebot | OneBot V11 3042447114 | [message.group.normal]: Message 595110997 from 2491044038@[群:475899384] '就6个人，还没有我想要的，不玩'
03-01 09:16:15 [INFO] nonebot | Event will be handled by Matcher(type='message', module=zhenxun.builtin_plugins.chat_history.chat_message, lineno=39)
03-01 09:16:15 [INFO] nonebot | Matcher(type='message', module=zhenxun.builtin_plugins.chat_history.chat_message, lineno=39) running complete
03-01 09:16:17 [SUCCESS] nonebot | OneBot V11 3042447114 | [message.group.normal]: Message 1206399427 from 2491044038@[群:475899384] '[image:summary=[动画表情],file=BFA2BA05127D065CDF81615AB05952F8.jpg,sub_type=1,url=https://multimedia.nt.qq.com.cn/download?appid=1407&fileid=EhRNH3Dt...,file_size=3631]'
03-01 09:16:17 [INFO] nonebot | Event will be handled by Matcher(type='message', module=zhenxun.builtin_plugins.chat_history.chat_message, lineno=39)
03-01 09:16:17 [INFO] nonebot | Matcher(type='message', module=zhenxun.builtin_plugins.chat_history.chat_message, lineno=39) running complete
03-01 09:16:21 [SUCCESS] nonebot | OneBot V11 3042447114 | [message.group.normal]: Message 1019973098 from 365103469@[群:645741432] '起码要晚上'
03-01 09:16:21 [INFO] nonebot | Event will be handled by Matcher(type='message', module=zhenxun.builtin_plugins.chat_history.chat_message, lineno=39)
03-01 09:16:21 [INFO] nonebot | Matcher(type='message', module=zhenxun.builtin_plugins.chat_history.chat_message, lineno=39) running complete
03-01 09:16:46 [SUCCESS] nonebot | OneBot V11 3042447114 | [message.group.normal]: Message 1592816350 from 2542848206@[群:392644938] '葫芦侠里面这么多免费的'
03-01 09:16:46 [INFO] nonebot | Event will be handled by Matcher(type='message', module=zhenxun.builtin_plugins.chat_history.chat_message, lineno=39)
03-01 09:16:46 [INFO] nonebot | Matcher(type='message', module=zhenxun.builtin_plugins.chat_history.chat_message, lineno=39) running complete
03-01 09:17:04 [SUCCESS] nonebot | OneBot V11 3042447114 | [message.group.normal]: Message 936353094 from 2542848206@[群:392644938] 'pc移植'
03-01 09:17:04 [INFO] nonebot | Event will be handled by Matcher(type='message', module=zhenxun.builtin_plugins.chat_history.chat_message, lineno=39)
03-01 09:17:04 [INFO] nonebot | Matcher(type='message', module=zhenxun.builtin_plugins.chat_history.chat_message, lineno=39) running complete
03-01 09:17:04 [SUCCESS] nonebot | OneBot V11 3042447114 | [message.group.normal]: Message 761356673 from 1653536628@[群:392644938] '我手机里有'
03-01 09:17:04 [INFO] nonebot | Event will be handled by Matcher(type='message', module=zhenxun.builtin_plugins.chat_history.chat_message, lineno=39)
03-01 09:17:04 [INFO] nonebot | Matcher(type='message', module=zhenxun.builtin_plugins.chat_history.chat_message, lineno=39) running complete
03-01 09:17:26 [SUCCESS] nonebot | OneBot V11 3042447114 | [message.group.normal]: Message 455240156 from 2690167450@[群:645741432] '已经过了早上八点了，零时区那地方现在是凌晨一点多'
03-01 09:17:26 [INFO] nonebot | Event will be handled by Matcher(type='message', module=zhenxun.builtin_plugins.chat_history.chat_message, lineno=39)
03-01 09:17:26 [INFO] nonebot | Matcher(type='message', module=zhenxun.builtin_plugins.chat_history.chat_message, lineno=39) running complete
03-01 09:17:44 [SUCCESS] nonebot | OneBot V11 3042447114 | [message.group.normal]: Message 892802827 from 575245791@[群:550150804] '水仙女人鱼还行'
03-01 09:17:44 [INFO] nonebot | Event will be handled by Matcher(type='message', module=zhenxun.builtin_plugins.chat_history.chat_message, lineno=39)
03-01 09:17:44 [INFO] nonebot | Matcher(type='message', module=zhenxun.builtin_plugins.chat_history.chat_message, lineno=39) running complete
03-01 09:17:53 [SUCCESS] nonebot | OneBot V11 3042447114 | [message.group.normal]: Message 1976276799 from 575245791@[群:550150804] '[image:summary=[动画表情],file=2C364C559D84DD04D430D04489BB419B.jpg,sub_type=1,url=https://gchat.qpic.cn/gchatpic_new/0/0-0-2C364C559D84DD04D430D04489...,file_size=101988]'
03-01 09:17:53 [INFO] nonebot | Event will be handled by Matcher(type='message', module=zhenxun.builtin_plugins.chat_history.chat_message, lineno=39)
03-01 09:17:53 [INFO] nonebot | Matcher(type='message', module=zhenxun.builtin_plugins.chat_history.chat_message, lineno=39) running complete
03-01 09:19:01 [SUCCESS] nonebot | OneBot V11 3042447114 | [notice.notify.poke]: {'time': 1740791941, 'self_id': 3042447114, 'post_type': 'notice', 'notice_type': 'notify', 'sub_type': 'poke', 'user_id': 2542848206, 'group_id': 392644938, 'target_id': 393045366, 'raw_info': [{'col': '1', 'nm': '', 'type': 'qq', 'uid': 'u_kopspAj71OjaReBKv6jEhQ'}, {'jp': 'https://zb.vip.qq.com/v2/pages/nudgeMall?_wv=2&actionId=3', 'src': 'http://tianquan.gtimg.cn/nudgeaction/item/3/expression.jpg', 'type': 'img'}, {'txt': '亲了亲', 'type': 'nor'}, {'col': '1', 'nm': '', 'tp': '0', 'type': 'qq', 'uid': 'u_i6OLh0gOuBWnxvll6jgFWQ'}, {'txt': '的脚说：我做你的猫娘。', 'type': 'nor'}]}
03-01 09:19:01 [INFO] nonebot | Event will be handled by Matcher(type='notice', module=zhenxun.plugins.zhenxun_plugin_draw_painting, lineno=61)
03-01 09:19:01 [INFO] nonebot | Event will be handled by Matcher(type='notice', module=zhenxun.plugins.zhenxun_plugin_draw_painting, lineno=62)
03-01 09:19:01 [INFO] nonebot | Event will be handled by Matcher(type='notice', module=zhenxun.plugins.monitor, lineno=18)
03-01 09:19:01 [INFO] nonebot | Event will be handled by Matcher(type='notice', module=zhenxun.plugins.monitor, lineno=19)
03-01 09:19:01 [INFO] nonebot | Event will be handled by Matcher(type='notice', module=zhenxun.plugins.monitor, lineno=20)
03-01 09:19:01 [INFO] nonebot | Matcher(type='notice', module=zhenxun.plugins.monitor, lineno=18) running complete
03-01 09:19:01 [INFO] nonebot | Matcher(type='notice', module=zhenxun.plugins.monitor, lineno=20) running complete
03-01 09:19:01 [INFO] nonebot | Matcher(type='notice', module=zhenxun.plugins.monitor, lineno=19) running complete
03-01 09:19:01 [INFO] nonebot | Matcher(type='notice', module=zhenxun.plugins.zhenxun_plugin_draw_painting, lineno=62) running complete
03-01 09:19:01 [INFO] nonebot | Matcher(type='notice', module=zhenxun.plugins.zhenxun_plugin_draw_painting, lineno=61) running is cancelled
03-01 09:19:10 [SUCCESS] nonebot | OneBot V11 3042447114 | [message.group.normal]: Message 379451583 from 365103469@[群:645741432] '[image:summary=,file={B8E65336-4F90-0941-8DB4-AC4CA3E524CE}.jpg,sub_type=0,url=https://gchat.qpic.cn/gchatpic_new/0/0-0-B8E653364F9009418DB4AC4CA3...,file_size=17178]别压力nine团队了 赚不到钱'
03-01 09:19:10 [INFO] nonebot | Event will be handled by Matcher(type='message', module=zhenxun.builtin_plugins.chat_history.chat_message, lineno=39)
03-01 09:19:10 [INFO] nonebot | Matcher(type='message', module=zhenxun.builtin_plugins.chat_history.chat_message, lineno=39) running complete
03-01 09:19:14 [SUCCESS] nonebot | OneBot V11 3042447114 | [message.group.normal]: Message 788850724 from 365103469@[群:645741432] '[image:summary=,file={FB82EA91-313D-2A2D-1195-8BD9FC597F6D}.jpg,sub_type=0,url=https://gchat.qpic.cn/gchatpic_new/0/0-0-FB82EA91313D2A2D11958BD9FC...,file_size=5954]'
03-01 09:19:14 [INFO] nonebot | Event will be handled by Matcher(type='message', module=zhenxun.builtin_plugins.chat_history.chat_message, lineno=39)
03-01 09:19:14 [INFO] nonebot | Matcher(type='message', module=zhenxun.builtin_plugins.chat_history.chat_message, lineno=39) running complete
03-01 09:19:34 [SUCCESS] nonebot | OneBot V11 3042447114 | [message.group.normal]: Message 1593912501 from 563188197@[群:245810894] '[image:summary=[动画表情],file=4BF9AEC14D08DF437013CAB9838B1115.jpg,sub_type=1,url=https://multimedia.nt.qq.com.cn/download?appid=1407&fileid=EhTL3Jdb...,file_size=55079]忘记领地拜访了  晚上再拜吧'
03-01 09:19:34 [INFO] nonebot | Event will be handled by Matcher(type='message', module=zhenxun.builtin_plugins.chat_history.chat_message, lineno=39)
03-01 09:19:34 [INFO] nonebot | Matcher(type='message', module=zhenxun.builtin_plugins.chat_history.chat_message, lineno=39) running complete
03-01 09:19:47 [SUCCESS] nonebot | OneBot V11 3042447114 | [message.group.normal]: Message 122810895 from 365103469@[群:645741432] 'kakao没出事的时候我记得nine还是很大方的'
03-01 09:19:47 [INFO] nonebot | Event will be handled by Matcher(type='message', module=zhenxun.builtin_plugins.chat_history.chat_message, lineno=39)
03-01 09:19:47 [INFO] nonebot | Matcher(type='message', module=zhenxun.builtin_plugins.chat_history.chat_message, lineno=39) running complete
03-01 09:20:17 [SUCCESS] nonebot | OneBot V11 3042447114 | [message.group.normal]: Message 1788435808 from 365103469@[群:645741432] 'kakao出问题 然后日服营收不理想 你游产能才开始缩水的'
03-01 09:20:17 [INFO] nonebot | Event will be handled by Matcher(type='message', module=zhenxun.builtin_plugins.chat_history.chat_message, lineno=39)
03-01 09:20:17 [INFO] nonebot | Matcher(type='message', module=zhenxun.builtin_plugins.chat_history.chat_message, lineno=39) running complete
03-01 09:20:40 [SUCCESS] nonebot | OneBot V11 3042447114 | [message.group.normal]: Message 24775756 from 2542848206@[群:392644938] "[forward:id=7476644878467419437,content=[{'self_id': 3042447114, 'user_id': 1094950020, 'time': 1740728273,...]"
03-01 09:20:40 [INFO] nonebot | Event will be handled by Matcher(type='message', module=zhenxun.builtin_plugins.chat_history.chat_message, lineno=39)
03-01 09:20:40 [INFO] nonebot | Matcher(type='message', module=zhenxun.builtin_plugins.chat_history.chat_message, lineno=39) running complete
03-01 09:20:49 [SUCCESS] nonebot | OneBot V11 3042447114 | [message.group.normal]: Message 891997992 from 365103469@[群:645741432] '都是钱的问题 有钱这些就不是问题'
03-01 09:20:49 [INFO] nonebot | Event will be handled by Matcher(type='message', module=zhenxun.builtin_plugins.chat_history.chat_message, lineno=39)
03-01 09:20:49 [INFO] nonebot | Matcher(type='message', module=zhenxun.builtin_plugins.chat_history.chat_message, lineno=39) running complete
03-01 09:20:58 [SUCCESS] nonebot | OneBot V11 3042447114 | [message.group.normal]: Message 1591448826 from 2210889159@[群:245810894] '没事 最好一天都忘记'
03-01 09:20:58 [INFO] nonebot | Event will be handled by Matcher(type='message', module=zhenxun.builtin_plugins.chat_history.chat_message, lineno=39)
03-01 09:20:58 [INFO] nonebot | Matcher(type='message', module=zhenxun.builtin_plugins.chat_history.chat_message, lineno=39) running complete
03-01 09:20:59 [SUCCESS] nonebot | OneBot V11 3042447114 | [message.group.normal]: Message 1941222327 from 1141538825@[群:1032235226] '可可呢？'
03-01 09:20:59 [INFO] nonebot | Event will be handled by Matcher(type='message', module=zhenxun.builtin_plugins.chat_history.chat_message, lineno=39)
03-01 09:20:59 [INFO] nonebot | Matcher(type='message', module=zhenxun.builtin_plugins.chat_history.chat_message, lineno=39) running complete
03-01 09:21:01 [SUCCESS] nonebot | OneBot V11 3042447114 | [message.group.normal]: Message 796918409 from 393045366@[群:392644938] '[at:qq=1113240844] 你氪金完了？'
03-01 09:21:01 [INFO] nonebot | Event will be handled by Matcher(type='message', module=zhenxun.builtin_plugins.chat_history.chat_message, lineno=39)
03-01 09:21:01 [INFO] nonebot | Matcher(type='message', module=zhenxun.builtin_plugins.chat_history.chat_message, lineno=39) running complete
03-01 09:21:01 [SUCCESS] nonebot | OneBot V11 3042447114 | [message.group.normal]: Message 1096960414 from 2045515324@[群:1032235226] '[reply:id=1941222327]主人叫我？可可酱随时都在哦~ (好感度50)'
03-01 09:21:01 [INFO] nonebot | Event will be handled by Matcher(type='message', module=zhenxun.builtin_plugins.chat_history.chat_message, lineno=39)
03-01 09:21:01 [INFO] nonebot | Matcher(type='message', module=zhenxun.builtin_plugins.chat_history.chat_message, lineno=39) running complete
03-01 09:21:03 [SUCCESS] nonebot | OneBot V11 3042447114 | [message.group.normal]: Message 2084848328 from 365103469@[群:645741432] '所以BD2真牛逼'
03-01 09:21:03 [INFO] nonebot | Event will be handled by Matcher(type='message', module=zhenxun.builtin_plugins.chat_history.chat_message, lineno=39)
03-01 09:21:03 [INFO] nonebot | Matcher(type='message', module=zhenxun.builtin_plugins.chat_history.chat_message, lineno=39) running complete
03-01 09:21:13 [SUCCESS] nonebot | OneBot V11 3042447114 | [message.group.normal]: Message 836146636 from 1960735950@[群:392644938] '[at:qq=393045366]'
03-01 09:21:13 [INFO] nonebot | Event will be handled by Matcher(type='message', module=zhenxun.builtin_plugins.chat_history.chat_message, lineno=39)
03-01 09:21:13 [INFO] nonebot | Matcher(type='message', module=zhenxun.builtin_plugins.chat_history.chat_message, lineno=39) running complete
03-01 09:21:20 [SUCCESS] nonebot | OneBot V11 3042447114 | [message.group.normal]: Message 219840001 from 393045366@[群:392644938] '人气礼包呗'
03-01 09:21:20 [INFO] nonebot | Event will be handled by Matcher(type='message', module=zhenxun.builtin_plugins.chat_history.chat_message, lineno=39)
03-01 09:21:20 [INFO] nonebot | Matcher(type='message', module=zhenxun.builtin_plugins.chat_history.chat_message, lineno=39) running complete
03-01 09:21:24 [SUCCESS] nonebot | OneBot V11 3042447114 | [message.group.normal]: Message 803071688 from 2690167450@[群:645741432] 'kakao除了啥事啊'
03-01 09:21:24 [INFO] nonebot | Event will be handled by Matcher(type='message', module=zhenxun.builtin_plugins.chat_history.chat_message, lineno=39)
03-01 09:21:24 [INFO] nonebot | Matcher(type='message', module=zhenxun.builtin_plugins.chat_history.chat_message, lineno=39) running complete
03-01 09:21:26 [SUCCESS] nonebot | OneBot V11 3042447114 | [message.group.normal]: Message 1961687647 from 1960735950@[群:392644938] 'v我19'
03-01 09:21:26 [INFO] nonebot | Event will be handled by Matcher(type='message', module=zhenxun.builtin_plugins.chat_history.chat_message, lineno=39)
03-01 09:21:26 [INFO] nonebot | Matcher(type='message', module=zhenxun.builtin_plugins.chat_history.chat_message, lineno=39) running complete
03-01 09:21:31 [SUCCESS] nonebot | OneBot V11 3042447114 | [message.group.normal]: Message 557575500 from 393045366@[群:392644938] '[image:summary=[没钱],file=AC9D88731669D5B925754679385A7382.jpg,sub_type=7,url=https://multimedia.nt.qq.com.cn/download?appid=1407&fileid=EhTbr2BN...,file_size=27596]'
03-01 09:21:31 [INFO] nonebot | Event will be handled by Matcher(type='message', module=zhenxun.builtin_plugins.chat_history.chat_message, lineno=39)
03-01 09:21:31 [INFO] nonebot | Matcher(type='message', module=zhenxun.builtin_plugins.chat_history.chat_message, lineno=39) running complete
03-01 09:21:48 [SUCCESS] nonebot | OneBot V11 3042447114 | [message.group.normal]: Message 1661292908 from 1653536628@[群:392644938] '乐'
03-01 09:21:48 [INFO] nonebot | Event will be handled by Matcher(type='message', module=zhenxun.builtin_plugins.chat_history.chat_message, lineno=39)
03-01 09:21:48 [INFO] nonebot | Matcher(type='message', module=zhenxun.builtin_plugins.chat_history.chat_message, lineno=39) running complete
03-01 09:21:48 [SUCCESS] nonebot | OneBot V11 3042447114 | [message.group.normal]: Message 1893253356 from 365103469@[群:645741432] '好像当时出了丑闻 然后kakao还被出售'
03-01 09:21:48 [INFO] nonebot | Event will be handled by Matcher(type='message', module=zhenxun.builtin_plugins.chat_history.chat_message, lineno=39)
03-01 09:21:48 [INFO] nonebot | Matcher(type='message', module=zhenxun.builtin_plugins.chat_history.chat_message, lineno=39) running complete
03-01 09:21:52 [SUCCESS] nonebot | OneBot V11 3042447114 | [message.group.normal]: Message 1470293504 from 2045515324@[群:1032235226] '[reply:id=1941222327]已结束对话'
03-01 09:21:52 [INFO] nonebot | Event will be handled by Matcher(type='message', module=zhenxun.builtin_plugins.chat_history.chat_message, lineno=39)
03-01 09:21:52 [INFO] nonebot | Matcher(type='message', module=zhenxun.builtin_plugins.chat_history.chat_message, lineno=39) running complete
03-01 09:21:52 [SUCCESS] nonebot | OneBot V11 3042447114 | [message.group.normal]: Message 1003683797 from 1830683087@[群:245810894] '[image:summary=,file=4BF9AEC14D08DF437013CAB9838B1115.jpg,sub_type=0,url=https://multimedia.nt.qq.com.cn/download?appid=1407&fileid=EhTL3Jdb...,file_size=55079]'
03-01 09:21:52 [INFO] nonebot | Event will be handled by Matcher(type='message', module=zhenxun.builtin_plugins.chat_history.chat_message, lineno=39)
03-01 09:21:52 [INFO] nonebot | Matcher(type='message', module=zhenxun.builtin_plugins.chat_history.chat_message, lineno=39) running complete
03-01 09:22:03 [SUCCESS] nonebot | OneBot V11 3042447114 | [message.group.normal]: Message 1794481462 from 365103469@[群:645741432] '战绩可查！'
03-01 09:22:03 [INFO] nonebot | Event will be handled by Matcher(type='message', module=zhenxun.builtin_plugins.chat_history.chat_message, lineno=39)
03-01 09:22:03 [INFO] nonebot | Matcher(type='message', module=zhenxun.builtin_plugins.chat_history.chat_message, lineno=39) running complete
03-01 09:22:23 [SUCCESS] nonebot | OneBot V11 3042447114 | [notice.notify.poke]: {'time': 1740792143, 'self_id': 3042447114, 'post_type': 'notice', 'notice_type': 'notify', 'sub_type': 'poke', 'user_id': 393045366, 'group_id': 392644938, 'target_id': 1653536628, 'raw_info': [{'col': '1', 'nm': '', 'type': 'qq', 'uid': 'u_i6OLh0gOuBWnxvll6jgFWQ'}, {'jp': 'https://zb.vip.qq.com/v2/pages/nudgeMall?_wv=2&actionId=1', 'src': 'http://tianquan.gtimg.cn/nudgeaction/item/1/expression.jpg', 'type': 'img'}, {'txt': '拍了拍', 'type': 'nor'}, {'col': '1', 'nm': '', 'tp': '0', 'type': 'qq', 'uid': 'u_6WwguQMusxb5OAy0YdOD2Q'}, {'txt': '的空钱包说：我养你。', 'type': 'nor'}]}
03-01 09:22:23 [INFO] nonebot | Event will be handled by Matcher(type='notice', module=zhenxun.plugins.zhenxun_plugin_draw_painting, lineno=61)
03-01 09:22:23 [INFO] nonebot | Event will be handled by Matcher(type='notice', module=zhenxun.plugins.zhenxun_plugin_draw_painting, lineno=62)
03-01 09:22:23 [INFO] nonebot | Event will be handled by Matcher(type='notice', module=zhenxun.plugins.monitor, lineno=18)
03-01 09:22:23 [INFO] nonebot | Event will be handled by Matcher(type='notice', module=zhenxun.plugins.monitor, lineno=19)
03-01 09:22:23 [INFO] nonebot | Event will be handled by Matcher(type='notice', module=zhenxun.plugins.monitor, lineno=20)
03-01 09:22:23 [INFO] nonebot | Matcher(type='notice', module=zhenxun.plugins.monitor, lineno=18) running complete
03-01 09:22:23 [INFO] nonebot | Matcher(type='notice', module=zhenxun.plugins.monitor, lineno=19) running complete
03-01 09:22:23 [INFO] nonebot | Matcher(type='notice', module=zhenxun.plugins.monitor, lineno=20) running complete
03-01 09:22:23 [INFO] nonebot | Matcher(type='notice', module=zhenxun.plugins.zhenxun_plugin_draw_painting, lineno=61) running is cancelled
03-01 09:22:23 [INFO] nonebot | Matcher(type='notice', module=zhenxun.plugins.zhenxun_plugin_draw_painting, lineno=62) running complete
03-01 09:22:50 [SUCCESS] nonebot | OneBot V11 3042447114 | [message.group.normal]: Message 1529525999 from 821923589@[群:1032235226] '可可呢'
03-01 09:22:50 [INFO] nonebot | Event will be handled by Matcher(type='message', module=zhenxun.builtin_plugins.chat_history.chat_message, lineno=39)
03-01 09:22:50 [INFO] nonebot | Matcher(type='message', module=zhenxun.builtin_plugins.chat_history.chat_message, lineno=39) running complete
03-01 09:23:00 [SUCCESS] nonebot | OneBot V11 3042447114 | [message.group.normal]: Message 731642518 from 821923589@[群:1032235226] '可可坏掉了'
03-01 09:23:00 [INFO] nonebot | Event will be handled by Matcher(type='message', module=zhenxun.builtin_plugins.chat_history.chat_message, lineno=39)
03-01 09:23:00 [INFO] nonebot | Matcher(type='message', module=zhenxun.builtin_plugins.chat_history.chat_message, lineno=39) running complete
03-01 09:23:03 [SUCCESS] nonebot | OneBot V11 3042447114 | [message.group.normal]: Message 139988707 from 821923589@[群:1032235226] '[image:summary=[亖],file=90-9077576eb04fd7d9e1ce90f9b3dc8c9f.gif,url=https://gxh.vip.qq.com/club/item/parcel/item/90/9077576eb04fd7d9e1c...,key=9d67c3ed2ef8a3fe,emoji_id=9077576eb04fd7d9e1ce90f9b3dc8c9f,emoji_package_id=241757]'
03-01 09:23:03 [INFO] nonebot | Event will be handled by Matcher(type='message', module=zhenxun.builtin_plugins.chat_history.chat_message, lineno=39)
03-01 09:23:03 [INFO] nonebot | Matcher(type='message', module=zhenxun.builtin_plugins.chat_history.chat_message, lineno=39) running complete
03-01 09:23:20 [SUCCESS] nonebot | OneBot V11 3042447114 | [message.group.normal]: Message 1059263146 from 289172545@[群:392644938] '[image:summary=[没钱],file=AC9D88731669D5B925754679385A7382.jpg,sub_type=7,url=https://multimedia.nt.qq.com.cn/download?appid=1407&fileid=EhTbr2BN...,file_size=27596]'
03-01 09:23:20 [INFO] nonebot | Event will be handled by Matcher(type='message', module=zhenxun.builtin_plugins.chat_history.chat_message, lineno=39)
03-01 09:23:20 [INFO] nonebot | Matcher(type='message', module=zhenxun.builtin_plugins.chat_history.chat_message, lineno=39) running complete
03-01 09:23:55 [SUCCESS] nonebot | OneBot V11 3042447114 | [message.group.normal]: Message 1731771300 from 2690167450@[群:645741432] '翻了下，去年七月份卖了那么多子公司啊'
03-01 09:23:55 [INFO] nonebot | Event will be handled by Matcher(type='message', module=zhenxun.builtin_plugins.chat_history.chat_message, lineno=39)
03-01 09:23:55 [INFO] nonebot | Matcher(type='message', module=zhenxun.builtin_plugins.chat_history.chat_message, lineno=39) running complete
03-01 09:24:04 [SUCCESS] nonebot | OneBot V11 3042447114 | [message.group.normal]: Message 52044226 from 2690167450@[群:645741432] '看来kakao内部真的是出大事'
03-01 09:24:04 [INFO] nonebot | Event will be handled by Matcher(type='message', module=zhenxun.builtin_plugins.chat_history.chat_message, lineno=39)
03-01 09:24:04 [INFO] nonebot | Matcher(type='message', module=zhenxun.builtin_plugins.chat_history.chat_message, lineno=39) running complete
03-01 09:24:10 [SUCCESS] nonebot | OneBot V11 3042447114 | [message.group.normal]: Message 1072063535 from 365103469@[群:645741432] '所以才说战绩可查'
03-01 09:24:10 [INFO] nonebot | Event will be handled by Matcher(type='message', module=zhenxun.builtin_plugins.chat_history.chat_message, lineno=39)
03-01 09:24:10 [INFO] nonebot | Matcher(type='message', module=zhenxun.builtin_plugins.chat_history.chat_message, lineno=39) running complete
03-01 09:24:20 [SUCCESS] nonebot | OneBot V11 3042447114 | [message.group.normal]: Message 617997191 from 2690167450@[群:645741432] '好像刚好也是去年下半年es有明显缩减来着'
03-01 09:24:20 [INFO] nonebot | Event will be handled by Matcher(type='message', module=zhenxun.builtin_plugins.chat_history.chat_message, lineno=39)
03-01 09:24:20 [INFO] nonebot | Matcher(type='message', module=zhenxun.builtin_plugins.chat_history.chat_message, lineno=39) running complete
03-01 09:24:27 [SUCCESS] nonebot | OneBot V11 3042447114 | [message.group.normal]: Message 1742327031 from 365103469@[群:645741432] '对滴'
03-01 09:24:27 [INFO] nonebot | Event will be handled by Matcher(type='message', module=zhenxun.builtin_plugins.chat_history.chat_message, lineno=39)
03-01 09:24:27 [INFO] nonebot | Matcher(type='message', module=zhenxun.builtin_plugins.chat_history.chat_message, lineno=39) running complete
03-01 09:24:35 [SUCCESS] nonebot | OneBot V11 3042447114 | [message.group.normal]: Message 1458843659 from 2383082463@[群:645741432] '开源节流'
03-01 09:24:35 [INFO] nonebot | Event will be handled by Matcher(type='message', module=zhenxun.builtin_plugins.chat_history.chat_message, lineno=39)
03-01 09:24:35 [INFO] nonebot | Matcher(type='message', module=zhenxun.builtin_plugins.chat_history.chat_message, lineno=39) running complete
03-01 09:24:43 [SUCCESS] nonebot | OneBot V11 3042447114 | [message.group.normal]: Message 2021621749 from 2690167450@[群:645741432] '繁中服务好像是十月份关闭的，省点服务器'
03-01 09:24:43 [INFO] nonebot | Event will be handled by Matcher(type='message', module=zhenxun.builtin_plugins.chat_history.chat_message, lineno=39)
03-01 09:24:43 [INFO] nonebot | Matcher(type='message', module=zhenxun.builtin_plugins.chat_history.chat_message, lineno=39) running complete
03-01 09:24:47 [SUCCESS] nonebot | OneBot V11 3042447114 | [message.group.normal]: Message 1581489769 from 365103469@[群:645741432] '老金当时对大家说没影响 nine很有钱'
03-01 09:24:47 [INFO] nonebot | Event will be handled by Matcher(type='message', module=zhenxun.builtin_plugins.chat_history.chat_message, lineno=39)
03-01 09:24:47 [INFO] nonebot | Matcher(type='message', module=zhenxun.builtin_plugins.chat_history.chat_message, lineno=39) running complete
03-01 09:24:53 [SUCCESS] nonebot | OneBot V11 3042447114 | [message.group.normal]: Message 737955391 from 2690167450@[群:645741432] '[reply:id=2021621749]指繁中公告站'
03-01 09:24:53 [INFO] nonebot | Event will be handled by Matcher(type='message', module=zhenxun.builtin_plugins.chat_history.chat_message, lineno=39)
03-01 09:24:53 [INFO] nonebot | Matcher(type='message', module=zhenxun.builtin_plugins.chat_history.chat_message, lineno=39) running complete
03-01 09:24:59 [SUCCESS] nonebot | OneBot V11 3042447114 | [message.group.normal]: Message 1495461328 from 1280558709@[群:645741432] "这下真不如ls了[face:id=277,raw={'faceIndex': 277, 'faceText': '/汪汪', 'faceType': 2, 'packId': None...]"
03-01 09:24:59 [INFO] nonebot | Event will be handled by Matcher(type='message', module=zhenxun.builtin_plugins.chat_history.chat_message, lineno=39)
03-01 09:24:59 [INFO] nonebot | Matcher(type='message', module=zhenxun.builtin_plugins.chat_history.chat_message, lineno=39) running complete
03-01 09:25:03 [SUCCESS] nonebot | OneBot V11 3042447114 | [message.group.normal]: Message 1876214473 from 365103469@[群:645741432] '但其实也做了不少开源节流的工作'
03-01 09:25:03 [INFO] nonebot | Event will be handled by Matcher(type='message', module=zhenxun.builtin_plugins.chat_history.chat_message, lineno=39)
03-01 09:25:03 [INFO] nonebot | Matcher(type='message', module=zhenxun.builtin_plugins.chat_history.chat_message, lineno=39) running complete
03-01 09:25:08 [SUCCESS] nonebot | OneBot V11 3042447114 | [message.group.normal]: Message 2085100898 from 1113240844@[群:392644938] '[reply:id=796918409]没有'
03-01 09:25:08 [INFO] nonebot | Event will be handled by Matcher(type='message', module=zhenxun.builtin_plugins.chat_history.chat_message, lineno=39)
03-01 09:25:08 [INFO] nonebot | Matcher(type='message', module=zhenxun.builtin_plugins.chat_history.chat_message, lineno=39) running complete
03-01 09:25:17 [SUCCESS] nonebot | OneBot V11 3042447114 | [message.group.normal]: Message 1131848196 from 2690167450@[群:645741432] '现在模型都从外包变成自己内部做了'
03-01 09:25:17 [INFO] nonebot | Event will be handled by Matcher(type='message', module=zhenxun.builtin_plugins.chat_history.chat_message, lineno=39)
03-01 09:25:17 [INFO] nonebot | Matcher(type='message', module=zhenxun.builtin_plugins.chat_history.chat_message, lineno=39) running complete
03-01 09:25:27 [SUCCESS] nonebot | OneBot V11 3042447114 | [message.group.normal]: Message 1656793073 from 2690167450@[群:645741432] '质量是提升了，不过估计效率是没以前那么高'
03-01 09:25:27 [INFO] nonebot | Event will be handled by Matcher(type='message', module=zhenxun.builtin_plugins.chat_history.chat_message, lineno=39)
03-01 09:25:27 [INFO] nonebot | Matcher(type='message', module=zhenxun.builtin_plugins.chat_history.chat_message, lineno=39) running complete
03-01 09:25:28 [SUCCESS] nonebot | OneBot V11 3042447114 | [message.group.normal]: Message 1227334755 from 1113240844@[群:392644938] '只是没有那种一万五的礼包了感觉不大行'
03-01 09:25:28 [INFO] nonebot | Event will be handled by Matcher(type='message', module=zhenxun.builtin_plugins.chat_history.chat_message, lineno=39)
03-01 09:25:28 [INFO] nonebot | Matcher(type='message', module=zhenxun.builtin_plugins.chat_history.chat_message, lineno=39) running complete
03-01 09:25:36 [SUCCESS] nonebot | OneBot V11 3042447114 | [message.group.normal]: Message 129399284 from 365103469@[群:645741432] '是啊'
03-01 09:25:36 [INFO] nonebot | Event will be handled by Matcher(type='message', module=zhenxun.builtin_plugins.chat_history.chat_message, lineno=39)
03-01 09:25:36 [INFO] nonebot | Matcher(type='message', module=zhenxun.builtin_plugins.chat_history.chat_message, lineno=39) running complete
03-01 09:25:48 [SUCCESS] nonebot | OneBot V11 3042447114 | [message.group.normal]: Message 1737202666 from 3258215477@[群:864523321] '有没有ow搭子'
03-01 09:25:48 [INFO] nonebot | Event will be handled by Matcher(type='message', module=zhenxun.builtin_plugins.chat_history.chat_message, lineno=39)
03-01 09:25:48 [INFO] nonebot | Matcher(type='message', module=zhenxun.builtin_plugins.chat_history.chat_message, lineno=39) running complete
03-01 09:25:50 [SUCCESS] nonebot | OneBot V11 3042447114 | [message.group.normal]: Message 814701644 from 2383082463@[群:645741432] "他只要别变成cy那样就行了[face:id=178,raw={'faceIndex': 178, 'faceText': None, 'faceType': 1, 'packId': None,...]"
03-01 09:25:50 [INFO] nonebot | Event will be handled by Matcher(type='message', module=zhenxun.builtin_plugins.chat_history.chat_message, lineno=39)
03-01 09:25:50 [INFO] nonebot | Matcher(type='message', module=zhenxun.builtin_plugins.chat_history.chat_message, lineno=39) running complete
03-01 09:25:50 [SUCCESS] nonebot | OneBot V11 3042447114 | [message.group.normal]: Message 1677520508 from 3258215477@[群:864523321] '[image:summary=[动画表情],file=A0513A028D76B247DAEE9F289B04FEB1.jpg,sub_type=1,url=https://multimedia.nt.qq.com.cn/download?appid=1407&fileid=EhSRrpOF...,file_size=38244]'
03-01 09:25:50 [INFO] nonebot | Event will be handled by Matcher(type='message', module=zhenxun.builtin_plugins.chat_history.chat_message, lineno=39)
03-01 09:25:50 [INFO] nonebot | Matcher(type='message', module=zhenxun.builtin_plugins.chat_history.chat_message, lineno=39) running complete
03-01 09:26:00 [SUCCESS] nonebot | OneBot V11 3042447114 | [message.group.normal]: Message 1374114683 from 365103469@[群:645741432] '所以综合情况现在缩水一点没啥 但问题是他们的运营方式'
03-01 09:26:00 [INFO] nonebot | Event will be handled by Matcher(type='message', module=zhenxun.builtin_plugins.chat_history.chat_message, lineno=39)
03-01 09:26:00 [INFO] nonebot | Matcher(type='message', module=zhenxun.builtin_plugins.chat_history.chat_message, lineno=39) running complete
03-01 09:26:01 [SUCCESS] nonebot | OneBot V11 3042447114 | [message.group.normal]: Message 1039004210 from 2690167450@[群:645741432] '[image:summary=,file={4A96A940-1EC6-F93F-232A-7BC5A72A072D}.gif,sub_type=1,url=https://gchat.qpic.cn/gchatpic_new/0/0-0-4A96A9401EC6F93F232A7BC5A7...,file_size=6681]质量提升估计是老金自己的执着给员工的压力'
03-01 09:26:01 [INFO] nonebot | Event will be handled by Matcher(type='message', module=zhenxun.builtin_plugins.chat_history.chat_message, lineno=39)
03-01 09:26:01 [INFO] nonebot | Matcher(type='message', module=zhenxun.builtin_plugins.chat_history.chat_message, lineno=39) running complete
03-01 09:26:04 [SUCCESS] nonebot | OneBot V11 3042447114 | [message.group.normal]: Message 1128149211 from 365103469@[群:645741432] '太臭了'
03-01 09:26:04 [INFO] nonebot | Event will be handled by Matcher(type='message', module=zhenxun.builtin_plugins.chat_history.chat_message, lineno=39)
03-01 09:26:04 [INFO] nonebot | Matcher(type='message', module=zhenxun.builtin_plugins.chat_history.chat_message, lineno=39) running complete
03-01 09:26:13 [SUCCESS] nonebot | OneBot V11 3042447114 | [message.group.normal]: Message 1095125998 from 2407586440@[群:645741432] '[image:summary=,file=E8374A99670FA1ADD3F5FB50041539B8.jpg,sub_type=0,url=https://multimedia.nt.qq.com.cn/download?appid=1407&fileid=EhS5WD9m...,file_size=1529956]'
03-01 09:26:13 [INFO] nonebot | Event will be handled by Matcher(type='message', module=zhenxun.builtin_plugins.chat_history.chat_message, lineno=39)
03-01 09:26:13 [INFO] nonebot | Matcher(type='message', module=zhenxun.builtin_plugins.chat_history.chat_message, lineno=39) running complete
03-01 09:26:23 [SUCCESS] nonebot | OneBot V11 3042447114 | [message.group.normal]: Message 1178003992 from 2407586440@[群:645741432] '我嘞个旅游的sensei啊'
03-01 09:26:23 [INFO] nonebot | Event will be handled by Matcher(type='message', module=zhenxun.builtin_plugins.chat_history.chat_message, lineno=39)
03-01 09:26:23 [INFO] nonebot | Matcher(type='message', module=zhenxun.builtin_plugins.chat_history.chat_message, lineno=39) running complete
03-01 09:26:27 [SUCCESS] nonebot | OneBot V11 3042447114 | [message.group.normal]: Message 280778657 from 2407586440@[群:645741432] '[image:summary=[动画表情],file=2D41D6FF48E719B595A261B138E751E8.jpg,sub_type=1,url=https://multimedia.nt.qq.com.cn/download?appid=1407&fileid=EhSxV3cA...,file_size=4060]'
03-01 09:26:28 [INFO] nonebot | Event will be handled by Matcher(type='message', module=zhenxun.builtin_plugins.chat_history.chat_message, lineno=39)
03-01 09:26:28 [INFO] nonebot | Matcher(type='message', module=zhenxun.builtin_plugins.chat_history.chat_message, lineno=39) running complete
03-01 09:26:57 [SUCCESS] nonebot | OneBot V11 3042447114 | [message.group.normal]: Message 522490389 from 2383082463@[群:645741432] "看看日服pcr现在就是割一波就走的状态[face:id=178,raw={'faceIndex': 178, 'faceText': None, 'faceType': 1, 'packId': None,...]"
03-01 09:26:57 [INFO] nonebot | Event will be handled by Matcher(type='message', module=zhenxun.builtin_plugins.chat_history.chat_message, lineno=39)
03-01 09:26:57 [INFO] nonebot | Matcher(type='message', module=zhenxun.builtin_plugins.chat_history.chat_message, lineno=39) running complete
03-01 09:27:00 [SUCCESS] nonebot | OneBot V11 3042447114 | [message.group.normal]: Message 979467835 from 365103469@[群:645741432] '而且韩区玩家也有很多热心粉丝请愿出战 与老金共图大业'
03-01 09:27:00 [INFO] nonebot | Event will be handled by Matcher(type='message', module=zhenxun.builtin_plugins.chat_history.chat_message, lineno=39)
03-01 09:27:00 [INFO] nonebot | Matcher(type='message', module=zhenxun.builtin_plugins.chat_history.chat_message, lineno=39) running complete
03-01 09:27:15 [SUCCESS] nonebot | OneBot V11 3042447114 | [message.group.normal]: Message 640799557 from 365103469@[群:645741432] '结果就是1月那个回应'
03-01 09:27:15 [INFO] nonebot | Event will be handled by Matcher(type='message', module=zhenxun.builtin_plugins.chat_history.chat_message, lineno=39)
03-01 09:27:15 [INFO] nonebot | Matcher(type='message', module=zhenxun.builtin_plugins.chat_history.chat_message, lineno=39) running complete
03-01 09:27:16 [SUCCESS] nonebot | OneBot V11 3042447114 | [message.group.normal]: Message 2094371017 from 2690167450@[群:645741432] '之前在别的群里聊永恒灵魂的一些系统，有人说这游戏像老版做给自己玩的一样，好多关于营收的部分没有好好考虑'
03-01 09:27:16 [INFO] nonebot | Event will be handled by Matcher(type='message', module=zhenxun.builtin_plugins.chat_history.chat_message, lineno=39)
03-01 09:27:16 [INFO] nonebot | Matcher(type='message', module=zhenxun.builtin_plugins.chat_history.chat_message, lineno=39) running complete
03-01 09:27:17 [SUCCESS] nonebot | OneBot V11 3042447114 | [message.group.normal]: Message 1589855658 from 1146765051@[群:645741432] 'es要炸了吗'
03-01 09:27:17 [INFO] nonebot | Event will be handled by Matcher(type='message', module=zhenxun.builtin_plugins.chat_history.chat_message, lineno=39)
03-01 09:27:17 [INFO] nonebot | Matcher(type='message', module=zhenxun.builtin_plugins.chat_history.chat_message, lineno=39) running complete
03-01 09:27:19 [SUCCESS] nonebot | OneBot V11 3042447114 | [notice.group_recall]: {'time': 1740792439, 'self_id': 3042447114, 'post_type': 'notice', 'notice_type': 'group_recall', 'user_id': 2690167450, 'group_id': 645741432, 'operator_id': 2690167450, 'message_id': 2094371017}
03-01 09:27:19 [INFO] nonebot | Event will be handled by Matcher(type='notice', module=zhenxun.plugins.zhenxun_plugin_draw_painting, lineno=61)
03-01 09:27:19 [INFO] nonebot | Event will be handled by Matcher(type='notice', module=zhenxun.plugins.zhenxun_plugin_draw_painting, lineno=62)
03-01 09:27:19 [INFO] nonebot | Event will be handled by Matcher(type='notice', module=zhenxun.plugins.monitor, lineno=18)
03-01 09:27:19 [INFO] nonebot | Event will be handled by Matcher(type='notice', module=zhenxun.plugins.monitor, lineno=19)
03-01 09:27:19 [INFO] nonebot | Event will be handled by Matcher(type='notice', module=zhenxun.plugins.monitor, lineno=20)
03-01 09:27:19 [INFO] nonebot | Matcher(type='notice', module=zhenxun.plugins.monitor, lineno=19) running complete
03-01 09:27:19 [INFO] nonebot | Matcher(type='notice', module=zhenxun.plugins.zhenxun_plugin_draw_painting, lineno=62) running complete
03-01 09:27:19 [INFO] nonebot | Matcher(type='notice', module=zhenxun.plugins.monitor, lineno=18) running complete
03-01 09:27:19 [INFO] nonebot | Matcher(type='notice', module=zhenxun.plugins.zhenxun_plugin_draw_painting, lineno=61) running complete
03-01 09:27:19 [INFO] nonebot | Matcher(type='notice', module=zhenxun.plugins.monitor, lineno=20) running complete
03-01 09:27:24 [SUCCESS] nonebot | OneBot V11 3042447114 | [message.group.normal]: Message 918979719 from 2690167450@[群:645741432] '之前在别的群里聊永恒灵魂的一些系统，有人说这游戏像老板做给自己玩的一样，好多关于营收的部分没有好好考虑'
03-01 09:27:24 [INFO] nonebot | Event will be handled by Matcher(type='message', module=zhenxun.builtin_plugins.chat_history.chat_message, lineno=39)
03-01 09:27:24 [INFO] nonebot | Matcher(type='message', module=zhenxun.builtin_plugins.chat_history.chat_message, lineno=39) running complete
03-01 09:27:41 [SUCCESS] nonebot | OneBot V11 3042447114 | [message.group.normal]: Message 1761770372 from 2383082463@[群:645741432] "只要别变成pcr那样就还行[face:id=178,raw={'faceIndex': 178, 'faceText': None, 'faceType': 1, 'packId': None,...]"
03-01 09:27:41 [INFO] nonebot | Event will be handled by Matcher(type='message', module=zhenxun.builtin_plugins.chat_history.chat_message, lineno=39)
03-01 09:27:41 [INFO] nonebot | Matcher(type='message', module=zhenxun.builtin_plugins.chat_history.chat_message, lineno=39) running complete
03-01 09:27:47 [SUCCESS] nonebot | OneBot V11 3042447114 | [message.group.normal]: Message 1940015095 from 365103469@[群:645741432] '[reply:id=918979719][at:qq=2690167450] 现在就是永恒灵魂2 金PD的奇妙冒险了'
03-01 09:27:47 [INFO] nonebot | Event will be handled by Matcher(type='message', module=zhenxun.builtin_plugins.chat_history.chat_message, lineno=39)
03-01 09:27:47 [INFO] nonebot | Matcher(type='message', module=zhenxun.builtin_plugins.chat_history.chat_message, lineno=39) running complete
03-01 09:27:57 [SUCCESS] nonebot | OneBot V11 3042447114 | [message.group.normal]: Message 1072263864 from 365103469@[群:645741432] '不过不打紧  会滑轨的'
03-01 09:27:57 [INFO] nonebot | Event will be handled by Matcher(type='message', module=zhenxun.builtin_plugins.chat_history.chat_message, lineno=39)
03-01 09:27:57 [INFO] nonebot | Matcher(type='message', module=zhenxun.builtin_plugins.chat_history.chat_message, lineno=39) running complete
03-01 09:28:07 [SUCCESS] nonebot | OneBot V11 3042447114 | [message.group.normal]: Message 2112990477 from 365103469@[群:645741432] '只是要耗时间等'
03-01 09:28:07 [INFO] nonebot | Event will be handled by Matcher(type='message', module=zhenxun.builtin_plugins.chat_history.chat_message, lineno=39)
03-01 09:28:07 [INFO] nonebot | Matcher(type='message', module=zhenxun.builtin_plugins.chat_history.chat_message, lineno=39) running complete
03-01 09:28:14 [SUCCESS] nonebot | OneBot V11 3042447114 | [message.group.normal]: Message 1986895627 from 774636013@[群:864523321] 'ow是啥'
03-01 09:28:14 [INFO] nonebot | Event will be handled by Matcher(type='message', module=zhenxun.builtin_plugins.chat_history.chat_message, lineno=39)
03-01 09:28:14 [INFO] nonebot | Matcher(type='message', module=zhenxun.builtin_plugins.chat_history.chat_message, lineno=39) running complete
03-01 09:28:17 [SUCCESS] nonebot | OneBot V11 3042447114 | [message.group.normal]: Message 597727595 from 2690167450@[群:645741432] '[image:summary=,file={4A96A940-1EC6-F93F-232A-7BC5A72A072D}.gif,sub_type=1,url=https://gchat.qpic.cn/gchatpic_new/0/0-0-4A96A9401EC6F93F232A7BC5A7...,file_size=6681]kakao没怎么管ark nine的，kakao没彻底倒闭，永恒灵魂大概就还安全'
03-01 09:28:17 [INFO] nonebot | Event will be handled by Matcher(type='message', module=zhenxun.builtin_plugins.chat_history.chat_message, lineno=39)
03-01 09:28:17 [INFO] nonebot | Matcher(type='message', module=zhenxun.builtin_plugins.chat_history.chat_message, lineno=39) running complete
03-01 09:28:21 [SUCCESS] nonebot | OneBot V11 3042447114 | [message.group.normal]: Message 1530775073 from 3258215477@[群:864523321] '守望先锋'
03-01 09:28:21 [INFO] nonebot | Event will be handled by Matcher(type='message', module=zhenxun.builtin_plugins.chat_history.chat_message, lineno=39)
03-01 09:28:21 [INFO] nonebot | Matcher(type='message', module=zhenxun.builtin_plugins.chat_history.chat_message, lineno=39) running complete
03-01 09:28:30 [SUCCESS] nonebot | OneBot V11 3042447114 | [message.group.normal]: Message 1402279063 from 1113240844@[群:392644938] '[reply:id=796918409]氪的是之前的一万五'
03-01 09:28:30 [INFO] nonebot | Event will be handled by Matcher(type='message', module=zhenxun.builtin_plugins.chat_history.chat_message, lineno=39)
03-01 09:28:30 [INFO] nonebot | Matcher(type='message', module=zhenxun.builtin_plugins.chat_history.chat_message, lineno=39) running complete
03-01 09:28:34 [SUCCESS] nonebot | OneBot V11 3042447114 | [message.group.normal]: Message 544220440 from 774636013@[群:864523321] '[image:summary=[动画表情],file=387ACF8F6F5ADD81162290D4980EE631.jpg,sub_type=1,url=https://multimedia.nt.qq.com.cn/download?appid=1407&fileid=EhSarNXz...,file_size=91536]'
03-01 09:28:34 [INFO] nonebot | Event will be handled by Matcher(type='message', module=zhenxun.builtin_plugins.chat_history.chat_message, lineno=39)
03-01 09:28:34 [INFO] nonebot | Matcher(type='message', module=zhenxun.builtin_plugins.chat_history.chat_message, lineno=39) running complete
03-01 09:28:40 [SUCCESS] nonebot | OneBot V11 3042447114 | [message.group.normal]: Message 665611329 from 365103469@[群:645741432] 'kakao是大股东'
03-01 09:28:40 [INFO] nonebot | Event will be handled by Matcher(type='message', module=zhenxun.builtin_plugins.chat_history.chat_message, lineno=39)
03-01 09:28:40 [INFO] nonebot | Matcher(type='message', module=zhenxun.builtin_plugins.chat_history.chat_message, lineno=39) running complete
03-01 09:28:51 [SUCCESS] nonebot | OneBot V11 3042447114 | [message.group.normal]: Message 1757088785 from 2690167450@[群:645741432] '要是kakao把kakao games也卖了就出大问题了'
03-01 09:28:51 [INFO] nonebot | Event will be handled by Matcher(type='message', module=zhenxun.builtin_plugins.chat_history.chat_message, lineno=39)
03-01 09:28:51 [INFO] nonebot | Matcher(type='message', module=zhenxun.builtin_plugins.chat_history.chat_message, lineno=39) running complete
03-01 09:29:16 [SUCCESS] nonebot | OneBot V11 3042447114 | [message.group.normal]: Message 1508789195 from 928365970@[群:475899384] '[image:summary=,file=B0CFFE070EAF29082A1DA2C9AF2A3251.png,sub_type=0,url=https://multimedia.nt.qq.com.cn/download?appid=1407&fileid=EhRe3-KM...,file_size=179708]'
03-01 09:29:16 [INFO] nonebot | Event will be handled by Matcher(type='message', module=zhenxun.builtin_plugins.chat_history.chat_message, lineno=39)
03-01 09:29:16 [INFO] nonebot | Matcher(type='message', module=zhenxun.builtin_plugins.chat_history.chat_message, lineno=39) running complete
03-01 09:29:24 [SUCCESS] nonebot | OneBot V11 3042447114 | [message.group.normal]: Message 665181114 from 365103469@[群:645741432] '总之先耗着呗'
03-01 09:29:24 [INFO] nonebot | Event will be handled by Matcher(type='message', module=zhenxun.builtin_plugins.chat_history.chat_message, lineno=39)
03-01 09:29:24 [INFO] nonebot | Matcher(type='message', module=zhenxun.builtin_plugins.chat_history.chat_message, lineno=39) running complete
03-01 09:29:36 [SUCCESS] nonebot | OneBot V11 3042447114 | [message.group.normal]: Message 322590797 from 1960735950@[群:392644938] '你要抽卡池卡池礼包比一万五礼包多1000付费'
03-01 09:29:36 [INFO] nonebot | Event will be handled by Matcher(type='message', module=zhenxun.builtin_plugins.chat_history.chat_message, lineno=39)
03-01 09:29:36 [INFO] nonebot | Matcher(type='message', module=zhenxun.builtin_plugins.chat_history.chat_message, lineno=39) running complete
03-01 09:29:37 [SUCCESS] nonebot | OneBot V11 3042447114 | [message.group.normal]: Message 1540095188 from 928365970@[群:475899384] '[image:summary=,file=4BBEA248340505B54ACAFA77DE56C810.png,sub_type=0,url=https://multimedia.nt.qq.com.cn/download?appid=1407&fileid=EhTkxXuG...,file_size=221683]'
03-01 09:29:37 [INFO] nonebot | Event will be handled by Matcher(type='message', module=zhenxun.builtin_plugins.chat_history.chat_message, lineno=39)
03-01 09:29:37 [INFO] nonebot | Matcher(type='message', module=zhenxun.builtin_plugins.chat_history.chat_message, lineno=39) running complete
03-01 09:29:41 [SUCCESS] nonebot | OneBot V11 3042447114 | [message.group.normal]: Message 829698053 from 1960735950@[群:392644938] '自己算一下就知道了'
03-01 09:29:41 [INFO] nonebot | Event will be handled by Matcher(type='message', module=zhenxun.builtin_plugins.chat_history.chat_message, lineno=39)
03-01 09:29:41 [INFO] nonebot | Matcher(type='message', module=zhenxun.builtin_plugins.chat_history.chat_message, lineno=39) running complete
03-01 09:29:43 [SUCCESS] nonebot | OneBot V11 3042447114 | [message.group.normal]: Message 122411376 from 2383082463@[群:645741432] "只要不充钱亏的就不是我[face:id=178,raw={'faceIndex': 178, 'faceText': None, 'faceType': 1, 'packId': None,...]"
03-01 09:29:43 [INFO] nonebot | Event will be handled by Matcher(type='message', module=zhenxun.builtin_plugins.chat_history.chat_message, lineno=39)
03-01 09:29:43 [INFO] nonebot | Matcher(type='message', module=zhenxun.builtin_plugins.chat_history.chat_message, lineno=39) running complete
03-01 09:29:53 [SUCCESS] nonebot | OneBot V11 3042447114 | [message.group.normal]: Message 1290968468 from 2014346099@[群:864523321] 'ow打着打着就报服务器断开连接'
03-01 09:29:53 [INFO] nonebot | Event will be handled by Matcher(type='message', module=zhenxun.builtin_plugins.chat_history.chat_message, lineno=39)
03-01 09:29:53 [INFO] nonebot | Matcher(type='message', module=zhenxun.builtin_plugins.chat_history.chat_message, lineno=39) running complete
03-01 09:29:55 [SUCCESS] nonebot | OneBot V11 3042447114 | [message.group.normal]: Message 1789014804 from 365103469@[群:645741432] '你游目前微氪划算'
03-01 09:29:55 [INFO] nonebot | Event will be handled by Matcher(type='message', module=zhenxun.builtin_plugins.chat_history.chat_message, lineno=39)
03-01 09:29:55 [INFO] nonebot | Matcher(type='message', module=zhenxun.builtin_plugins.chat_history.chat_message, lineno=39) running complete
03-01 09:29:55 [SUCCESS] nonebot | OneBot V11 3042447114 | [message.group.normal]: Message 685432146 from 2407586440@[群:816890778] '[image:summary=,file=E8374A99670FA1ADD3F5FB50041539B8.jpg,sub_type=0,url=https://multimedia.nt.qq.com.cn/download?appid=1407&fileid=EhS5WD9m...,file_size=1529956]'
03-01 09:29:55 [INFO] nonebot | Event will be handled by Matcher(type='message', module=zhenxun.builtin_plugins.chat_history.chat_message, lineno=39)
03-01 09:29:55 [INFO] nonebot | Matcher(type='message', module=zhenxun.builtin_plugins.chat_history.chat_message, lineno=39) running complete
03-01 09:30:05 [SUCCESS] nonebot | OneBot V11 3042447114 | [message.group.normal]: Message 2087704071 from 2014346099@[群:864523321] '很多人都这样'
03-01 09:30:05 [INFO] nonebot | Event will be handled by Matcher(type='message', module=zhenxun.builtin_plugins.chat_history.chat_message, lineno=39)
03-01 09:30:05 [INFO] nonebot | Matcher(type='message', module=zhenxun.builtin_plugins.chat_history.chat_message, lineno=39) running complete
03-01 09:30:05 [SUCCESS] nonebot | OneBot V11 3042447114 | [message.group.normal]: Message 1916532521 from 2690167450@[群:645741432] '永恒灵魂很神奇的一个地方在于，开服时候就被解包出来的卫星，能支撑到差不多一周年时候（比如梅尔菲斯和布莱斯这俩完全没有改动的）'
03-01 09:30:05 [INFO] nonebot | Event will be handled by Matcher(type='message', module=zhenxun.builtin_plugins.chat_history.chat_message, lineno=39)
03-01 09:30:05 [INFO] nonebot | Matcher(type='message', module=zhenxun.builtin_plugins.chat_history.chat_message, lineno=39) running complete
03-01 09:30:08 [SUCCESS] nonebot | OneBot V11 3042447114 | [message.group.normal]: Message 895294579 from 2542848206@[群:392644938] '[json:data={"ver":"1.0.0.19","prompt":"[QQ小程序]爱素一家落入陷阱, 真爱无敌","config":{"type"...]'
03-01 09:30:08 [INFO] nonebot | Event will be handled by Matcher(type='message', module=zhenxun.builtin_plugins.chat_history.chat_message, lineno=39)
03-01 09:30:08 [INFO] nonebot | Matcher(type='message', module=zhenxun.builtin_plugins.chat_history.chat_message, lineno=39) running complete
03-01 09:30:10 [SUCCESS] nonebot | OneBot V11 3042447114 | [message.group.normal]: Message 705249793 from 3258215477@[群:864523321] '[reply:id=1290968468][at:qq=2014346099] 我没有啊'
03-01 09:30:10 [INFO] nonebot | Event will be handled by Matcher(type='message', module=zhenxun.builtin_plugins.chat_history.chat_message, lineno=39)
03-01 09:30:10 [INFO] nonebot | Matcher(type='message', module=zhenxun.builtin_plugins.chat_history.chat_message, lineno=39) running complete
03-01 09:30:12 [SUCCESS] nonebot | OneBot V11 3042447114 | [message.group.normal]: Message 1745876974 from 3258215477@[群:864523321] '[image:summary=[动画表情],file=A0513A028D76B247DAEE9F289B04FEB1.jpg,sub_type=1,url=https://multimedia.nt.qq.com.cn/download?appid=1407&fileid=EhSRrpOF...,file_size=38244]'
03-01 09:30:12 [INFO] nonebot | Event will be handled by Matcher(type='message', module=zhenxun.builtin_plugins.chat_history.chat_message, lineno=39)
03-01 09:30:12 [INFO] nonebot | Matcher(type='message', module=zhenxun.builtin_plugins.chat_history.chat_message, lineno=39) running complete
03-01 09:30:16 [SUCCESS] nonebot | OneBot V11 3042447114 | [message.group.normal]: Message 1938466807 from 2407586440@[群:816890778] '还得是拉利玛糕手'
03-01 09:30:16 [INFO] nonebot | Event will be handled by Matcher(type='message', module=zhenxun.builtin_plugins.chat_history.chat_message, lineno=39)
03-01 09:30:16 [INFO] nonebot | Matcher(type='message', module=zhenxun.builtin_plugins.chat_history.chat_message, lineno=39) running complete
03-01 09:30:17 [SUCCESS] nonebot | OneBot V11 3042447114 | [message.group.normal]: Message 707786703 from 1004882387@[群:645741432] '不要啊！这么良心的游戏'
03-01 09:30:17 [INFO] nonebot | Event will be handled by Matcher(type='message', module=zhenxun.builtin_plugins.chat_history.chat_message, lineno=39)
03-01 09:30:17 [INFO] nonebot | Matcher(type='message', module=zhenxun.builtin_plugins.chat_history.chat_message, lineno=39) running complete
03-01 09:30:22 [SUCCESS] nonebot | OneBot V11 3042447114 | [message.group.normal]: Message 1709928718 from 1004882387@[群:645741432] '居然要死了'
03-01 09:30:22 [INFO] nonebot | Event will be handled by Matcher(type='message', module=zhenxun.builtin_plugins.chat_history.chat_message, lineno=39)
03-01 09:30:22 [INFO] nonebot | Matcher(type='message', module=zhenxun.builtin_plugins.chat_history.chat_message, lineno=39) running complete
03-01 09:30:23 [SUCCESS] nonebot | OneBot V11 3042447114 | [message.group.normal]: Message 722355277 from 1004882387@[群:645741432] '[image:summary=[动画表情],file=E9A2A511AE85972F6AC98D5B2FC85309.jpg,sub_type=1,url=https://multimedia.nt.qq.com.cn/download?appid=1407&fileid=EhQZLLm3...,file_size=138139]'
03-01 09:30:23 [INFO] nonebot | Event will be handled by Matcher(type='message', module=zhenxun.builtin_plugins.chat_history.chat_message, lineno=39)
03-01 09:30:23 [INFO] nonebot | Matcher(type='message', module=zhenxun.builtin_plugins.chat_history.chat_message, lineno=39) running complete
03-01 09:30:25 [SUCCESS] nonebot | OneBot V11 3042447114 | [message.group.normal]: Message 605678724 from 1113240844@[群:392644938] '三万石头激战四池'
03-01 09:30:25 [INFO] nonebot | Event will be handled by Matcher(type='message', module=zhenxun.builtin_plugins.chat_history.chat_message, lineno=39)
03-01 09:30:25 [INFO] nonebot | Matcher(type='message', module=zhenxun.builtin_plugins.chat_history.chat_message, lineno=39) running complete
03-01 09:30:36 [SUCCESS] nonebot | OneBot V11 3042447114 | [message.group.normal]: Message 180459251 from 1113240844@[群:392644938] '惜败西装玉'
03-01 09:30:36 [INFO] nonebot | Event will be handled by Matcher(type='message', module=zhenxun.builtin_plugins.chat_history.chat_message, lineno=39)
03-01 09:30:36 [INFO] nonebot | Matcher(type='message', module=zhenxun.builtin_plugins.chat_history.chat_message, lineno=39) running complete
03-01 09:30:36 [SUCCESS] nonebot | OneBot V11 3042447114 | [message.group.normal]: Message 1809070101 from 365103469@[群:645741432] '[image:summary=,file={49AF9415-6663-47F6-27D1-9710E87E8C18}.jpg,sub_type=0,url=https://gchat.qpic.cn/gchatpic_new/0/0-0-49AF9415666347F627D19710E8...,file_size=75066]艹 这特么笑死我了'
03-01 09:30:36 [INFO] nonebot | Event will be handled by Matcher(type='message', module=zhenxun.builtin_plugins.chat_history.chat_message, lineno=39)
03-01 09:30:36 [INFO] nonebot | Matcher(type='message', module=zhenxun.builtin_plugins.chat_history.chat_message, lineno=39) running complete
03-01 09:30:38 [SUCCESS] nonebot | OneBot V11 3042447114 | [message.group.normal]: Message 1708319952 from 3205414709@[群:645741432] '[at:qq=819922802]'
03-01 09:30:38 [INFO] nonebot | Event will be handled by Matcher(type='message', module=zhenxun.builtin_plugins.chat_history.chat_message, lineno=39)
03-01 09:30:38 [INFO] nonebot | Matcher(type='message', module=zhenxun.builtin_plugins.chat_history.chat_message, lineno=39) running complete
03-01 09:30:39 [SUCCESS] nonebot | OneBot V11 3042447114 | [message.group.normal]: Message 1888677787 from 2690167450@[群:645741432] '有些重新设计了的卫星不算'
03-01 09:30:39 [INFO] nonebot | Event will be handled by Matcher(type='message', module=zhenxun.builtin_plugins.chat_history.chat_message, lineno=39)
03-01 09:30:39 [INFO] nonebot | Matcher(type='message', module=zhenxun.builtin_plugins.chat_history.chat_message, lineno=39) running complete
03-01 09:30:43 [SUCCESS] nonebot | OneBot V11 3042447114 | [message.group.normal]: Message 639240383 from 3205414709@[群:645741432] '[image:summary=[动画表情],file=86CF3FFCD4468046F48D842D657FDD9F.jpg,sub_type=1,url=https://multimedia.nt.qq.com.cn/download?appid=1407&fileid=EhTxr4do...,file_size=68110]'
03-01 09:30:43 [INFO] nonebot | Event will be handled by Matcher(type='message', module=zhenxun.builtin_plugins.chat_history.chat_message, lineno=39)
03-01 09:30:43 [INFO] nonebot | Matcher(type='message', module=zhenxun.builtin_plugins.chat_history.chat_message, lineno=39) running complete
03-01 09:30:46 [SUCCESS] nonebot | OneBot V11 3042447114 | [message.group.normal]: Message 1697493323 from 365103469@[群:645741432] '你们这么中二的吗  哈哈'
03-01 09:30:46 [INFO] nonebot | Event will be handled by Matcher(type='message', module=zhenxun.builtin_plugins.chat_history.chat_message, lineno=39)
03-01 09:30:46 [INFO] nonebot | Matcher(type='message', module=zhenxun.builtin_plugins.chat_history.chat_message, lineno=39) running complete
03-01 09:30:49 [SUCCESS] nonebot | OneBot V11 3042447114 | [message.group.normal]: Message 2089577845 from 2690167450@[群:645741432] '好多皮肤都是开服的时候就被爆出来的'
03-01 09:30:49 [INFO] nonebot | Event will be handled by Matcher(type='message', module=zhenxun.builtin_plugins.chat_history.chat_message, lineno=39)
03-01 09:30:49 [INFO] nonebot | Matcher(type='message', module=zhenxun.builtin_plugins.chat_history.chat_message, lineno=39) running complete
03-01 09:30:55 [SUCCESS] nonebot | OneBot V11 3042447114 | [message.group.normal]: Message 1181533874 from 2014346099@[群:864523321] '我和朋友开黑，前几天我断，后面他们断'
03-01 09:30:55 [INFO] nonebot | Event will be handled by Matcher(type='message', module=zhenxun.builtin_plugins.chat_history.chat_message, lineno=39)
03-01 09:30:55 [INFO] nonebot | Matcher(type='message', module=zhenxun.builtin_plugins.chat_history.chat_message, lineno=39) running complete
03-01 09:30:58 [SUCCESS] nonebot | OneBot V11 3042447114 | [message.group.normal]: Message 915641022 from 3205414709@[群:645741432] '[at:qq=2690167450] 暗琳朽五了吗'
03-01 09:30:58 [INFO] nonebot | Event will be handled by Matcher(type='message', module=zhenxun.builtin_plugins.chat_history.chat_message, lineno=39)
03-01 09:30:58 [INFO] nonebot | Matcher(type='message', module=zhenxun.builtin_plugins.chat_history.chat_message, lineno=39) running complete
03-01 09:31:06 [SUCCESS] nonebot | OneBot V11 3042447114 | [message.group.normal]: Message 1026620172 from 2690167450@[群:645741432] '等复刻再抽'
03-01 09:31:06 [INFO] nonebot | Event will be handled by Matcher(type='message', module=zhenxun.builtin_plugins.chat_history.chat_message, lineno=39)
03-01 09:31:06 [INFO] nonebot | Matcher(type='message', module=zhenxun.builtin_plugins.chat_history.chat_message, lineno=39) running complete
03-01 09:31:07 [SUCCESS] nonebot | OneBot V11 3042447114 | [message.group.normal]: Message 660495926 from 3258215477@[群:864523321] '我还没断过'
03-01 09:31:07 [INFO] nonebot | Event will be handled by Matcher(type='message', module=zhenxun.builtin_plugins.chat_history.chat_message, lineno=39)
03-01 09:31:07 [INFO] nonebot | Matcher(type='message', module=zhenxun.builtin_plugins.chat_history.chat_message, lineno=39) running complete
03-01 09:31:07 [SUCCESS] nonebot | OneBot V11 3042447114 | [message.group.normal]: Message 1896940965 from 1113240844@[群:392644938] '主要是神月歌和苍井出来了，感觉没必要继续氪礼包了'
03-01 09:31:07 [INFO] nonebot | Event will be handled by Matcher(type='message', module=zhenxun.builtin_plugins.chat_history.chat_message, lineno=39)
03-01 09:31:07 [INFO] nonebot | Matcher(type='message', module=zhenxun.builtin_plugins.chat_history.chat_message, lineno=39) running complete
03-01 09:31:16 [SUCCESS] nonebot | OneBot V11 3042447114 | [message.group.normal]: Message 765830203 from 2690167450@[群:645741432] '没那么多炼金票，省着用'
03-01 09:31:16 [INFO] nonebot | Event will be handled by Matcher(type='message', module=zhenxun.builtin_plugins.chat_history.chat_message, lineno=39)
03-01 09:31:16 [INFO] nonebot | Matcher(type='message', module=zhenxun.builtin_plugins.chat_history.chat_message, lineno=39) running complete
03-01 09:31:20 [SUCCESS] nonebot | OneBot V11 3042447114 | [message.group.normal]: Message 2025199711 from 2149506712@[群:756230132] '跟爷爷一起睡'
03-01 09:31:20 [INFO] nonebot | Event will be handled by Matcher(type='message', module=zhenxun.builtin_plugins.chat_history.chat_message, lineno=39)
03-01 09:31:20 [INFO] nonebot | Matcher(type='message', module=zhenxun.builtin_plugins.chat_history.chat_message, lineno=39) running complete
03-01 09:31:20 [SUCCESS] nonebot | OneBot V11 3042447114 | [message.group.normal]: Message 491935721 from 365103469@[群:645741432] '[image:summary=,file={A093C022-D662-AECC-A766-2FC0323D6B8F}.jpg,sub_type=0,url=https://gchat.qpic.cn/gchatpic_new/0/0-0-A093C022D662AECCA7662FC032...,file_size=28822]'
03-01 09:31:20 [INFO] nonebot | Event will be handled by Matcher(type='message', module=zhenxun.builtin_plugins.chat_history.chat_message, lineno=39)
03-01 09:31:20 [INFO] nonebot | Matcher(type='message', module=zhenxun.builtin_plugins.chat_history.chat_message, lineno=39) running complete
03-01 09:31:24 [SUCCESS] nonebot | OneBot V11 3042447114 | [message.group.normal]: Message 2117868943 from 844573759@[群:645741432] '[at:qq=3205414709] 好个避税被查出来'
03-01 09:31:24 [INFO] nonebot | Event will be handled by Matcher(type='message', module=zhenxun.builtin_plugins.chat_history.chat_message, lineno=39)
03-01 09:31:24 [INFO] nonebot | Matcher(type='message', module=zhenxun.builtin_plugins.chat_history.chat_message, lineno=39) running complete
03-01 09:31:39 [SUCCESS] nonebot | OneBot V11 3042447114 | [message.group.normal]: Message 861170816 from 3205414709@[群:645741432] '😭👊🏻'
03-01 09:31:39 [INFO] nonebot | Event will be handled by Matcher(type='message', module=zhenxun.builtin_plugins.chat_history.chat_message, lineno=39)
03-01 09:31:39 [INFO] nonebot | Matcher(type='message', module=zhenxun.builtin_plugins.chat_history.chat_message, lineno=39) running complete
03-01 09:31:43 [SUCCESS] nonebot | OneBot V11 3042447114 | [message.group.normal]: Message 1156464091 from 365103469@[群:645741432] '老太婆的doro形态真的太完美了 艹'
03-01 09:31:43 [INFO] nonebot | Event will be handled by Matcher(type='message', module=zhenxun.builtin_plugins.chat_history.chat_message, lineno=39)
03-01 09:31:43 [INFO] nonebot | Matcher(type='message', module=zhenxun.builtin_plugins.chat_history.chat_message, lineno=39) running complete
03-01 09:31:56 [SUCCESS] nonebot | OneBot V11 3042447114 | [message.group.normal]: Message 766403357 from 3205414709@[群:645741432] '我要狠狠地把盈缺的避税查出来😭👊🏻'
03-01 09:31:56 [INFO] nonebot | Event will be handled by Matcher(type='message', module=zhenxun.builtin_plugins.chat_history.chat_message, lineno=39)
03-01 09:31:56 [INFO] nonebot | Matcher(type='message', module=zhenxun.builtin_plugins.chat_history.chat_message, lineno=39) running complete
03-01 09:32:15 [SUCCESS] nonebot | OneBot V11 3042447114 | [message.group.normal]: Message 1312747939 from 3205414709@[群:645741432] '😭👊🏻👊🏻👊🏻'
03-01 09:32:15 [INFO] nonebot | Event will be handled by Matcher(type='message', module=zhenxun.builtin_plugins.chat_history.chat_message, lineno=39)
03-01 09:32:15 [INFO] nonebot | Matcher(type='message', module=zhenxun.builtin_plugins.chat_history.chat_message, lineno=39) running complete
03-01 09:32:23 [SUCCESS] nonebot | OneBot V11 3042447114 | [message.group.normal]: Message 1199001941 from 3205414709@[群:816890778] '[at:qq=2407586440] sllk'
03-01 09:32:23 [INFO] nonebot | Event will be handled by Matcher(type='message', module=zhenxun.builtin_plugins.chat_history.chat_message, lineno=39)
03-01 09:32:23 [INFO] nonebot | Matcher(type='message', module=zhenxun.builtin_plugins.chat_history.chat_message, lineno=39) running complete
03-01 09:32:24 [SUCCESS] nonebot | OneBot V11 3042447114 | [message.group.normal]: Message 822507002 from 365103469@[群:645741432] '[image:summary=,file={DE863445-4B57-9818-B0F6-FB9338F873AE}.png,sub_type=0,url=https://gchat.qpic.cn/gchatpic_new/0/0-0-DE8634454B579818B0F6FB9338...,file_size=215023]哟西 这个不错'
03-01 09:32:24 [INFO] nonebot | Event will be handled by Matcher(type='message', module=zhenxun.builtin_plugins.chat_history.chat_message, lineno=39)
03-01 09:32:24 [INFO] nonebot | Matcher(type='message', module=zhenxun.builtin_plugins.chat_history.chat_message, lineno=39) running complete
03-01 09:32:36 [SUCCESS] nonebot | OneBot V11 3042447114 | [message.group.normal]: Message 1484939021 from 844573759@[群:645741432] '[at:qq=365103469] 这啥玩意'
03-01 09:32:36 [INFO] nonebot | Event will be handled by Matcher(type='message', module=zhenxun.builtin_plugins.chat_history.chat_message, lineno=39)
03-01 09:32:36 [INFO] nonebot | Matcher(type='message', module=zhenxun.builtin_plugins.chat_history.chat_message, lineno=39) running complete
03-01 09:32:37 [SUCCESS] nonebot | OneBot V11 3042447114 | [message.group.normal]: Message 1782081073 from 644749823@[群:392644938] '110抽，没aoi'
03-01 09:32:37 [INFO] nonebot | Event will be handled by Matcher(type='message', module=zhenxun.builtin_plugins.chat_history.chat_message, lineno=39)
03-01 09:32:37 [INFO] nonebot | Matcher(type='message', module=zhenxun.builtin_plugins.chat_history.chat_message, lineno=39) running complete
03-01 09:32:41 [SUCCESS] nonebot | OneBot V11 3042447114 | [message.group.normal]: Message 1039229177 from 846186665@[群:645741432] '开裆裤小子'
03-01 09:32:41 [INFO] nonebot | Event will be handled by Matcher(type='message', module=zhenxun.builtin_plugins.chat_history.chat_message, lineno=39)
03-01 09:32:41 [INFO] nonebot | Matcher(type='message', module=zhenxun.builtin_plugins.chat_history.chat_message, lineno=39) running complete
03-01 09:32:41 [SUCCESS] nonebot | OneBot V11 3042447114 | [message.group.normal]: Message 1000105401 from 644749823@[群:392644938] '[image:summary=[/睁眼],file=4D70BA1C7884543E1E78B6186F72665E.jpg,sub_type=7,url=https://multimedia.nt.qq.com.cn/download?appid=1407&fileid=EhSeqfvb...,file_size=6809]'
03-01 09:32:41 [INFO] nonebot | Event will be handled by Matcher(type='message', module=zhenxun.builtin_plugins.chat_history.chat_message, lineno=39)
03-01 09:32:41 [INFO] nonebot | Matcher(type='message', module=zhenxun.builtin_plugins.chat_history.chat_message, lineno=39) running complete
03-01 09:32:45 [SUCCESS] nonebot | OneBot V11 3042447114 | [message.group.normal]: Message 212150466 from 393045366@[群:392644938] '抽卡车肯定带卷好'
03-01 09:32:45 [INFO] nonebot | Event will be handled by Matcher(type='message', module=zhenxun.builtin_plugins.chat_history.chat_message, lineno=39)
03-01 09:32:45 [INFO] nonebot | Matcher(type='message', module=zhenxun.builtin_plugins.chat_history.chat_message, lineno=39) running complete
03-01 09:32:55 [SUCCESS] nonebot | OneBot V11 3042447114 | [message.group.normal]: Message 966734301 from 365103469@[群:645741432] '[image:summary=,file={F0A818AD-5639-5A75-7DCD-C9F57BBA4AB6}.jpg,sub_type=0,url=https://gchat.qpic.cn/gchatpic_new/0/0-0-F0A818AD56395A757DCDC9F57B...,file_size=149810]乔安娜小姐也是风韵犹存啊'
03-01 09:32:55 [INFO] nonebot | Event will be handled by Matcher(type='message', module=zhenxun.builtin_plugins.chat_history.chat_message, lineno=39)
03-01 09:32:55 [INFO] nonebot | Matcher(type='message', module=zhenxun.builtin_plugins.chat_history.chat_message, lineno=39) running complete
03-01 09:32:59 [SUCCESS] nonebot | OneBot V11 3042447114 | [message.group.normal]: Message 885059745 from 393045366@[群:392644938] '抽必得就15000'
03-01 09:32:59 [INFO] nonebot | Event will be handled by Matcher(type='message', module=zhenxun.builtin_plugins.chat_history.chat_message, lineno=39)
03-01 09:32:59 [INFO] nonebot | Matcher(type='message', module=zhenxun.builtin_plugins.chat_history.chat_message, lineno=39) running complete
03-01 09:33:07 [SUCCESS] nonebot | OneBot V11 3042447114 | [message.group.normal]: Message 1188227322 from 2383082463@[群:645741432] "终于有两个不朽+了[face:id=317,raw={'faceIndex': 317, 'faceText': '/菜汪', 'faceType': 2, 'packId': None...][image:summary=,file=67F13D6872DAAF3ABD5135717E8CC1C3.jpg,sub_type=0,url=https://multimedia.nt.qq.com.cn/download?appid=1407&fileid=EhQ-ETIs...,file_size=179924]"
03-01 09:33:07 [INFO] nonebot | Event will be handled by Matcher(type='message', module=zhenxun.builtin_plugins.chat_history.chat_message, lineno=39)
03-01 09:33:07 [INFO] nonebot | Matcher(type='message', module=zhenxun.builtin_plugins.chat_history.chat_message, lineno=39) running complete
03-01 09:33:12 [SUCCESS] nonebot | OneBot V11 3042447114 | [message.group.normal]: Message 1978926840 from 846186665@[群:645741432] '都叫色欲了为啥不多漏一点'
03-01 09:33:12 [INFO] nonebot | Event will be handled by Matcher(type='message', module=zhenxun.builtin_plugins.chat_history.chat_message, lineno=39)
03-01 09:33:12 [INFO] nonebot | Matcher(type='message', module=zhenxun.builtin_plugins.chat_history.chat_message, lineno=39) running complete
03-01 09:33:24 [SUCCESS] nonebot | OneBot V11 3042447114 | [message.group.normal]: Message 1798043999 from 644749823@[群:392644938] '[image:summary=[/睁眼],file=D6545612D6B1F5EAEB12A57C4E1C0305.jpg,sub_type=7,url=https://multimedia.nt.qq.com.cn/download?appid=1407&fileid=EhS_V8WW...,file_size=19952]'
03-01 09:33:24 [INFO] nonebot | Event will be handled by Matcher(type='message', module=zhenxun.builtin_plugins.chat_history.chat_message, lineno=39)
03-01 09:33:24 [INFO] nonebot | Matcher(type='message', module=zhenxun.builtin_plugins.chat_history.chat_message, lineno=39) running complete
03-01 09:33:27 [SUCCESS] nonebot | OneBot V11 3042447114 | [message.group.normal]: Message 1968501612 from 575701297@[群:816890778] "[face:id=427,raw={'faceIndex': 427, 'faceText': '[偷感]', 'faceType': 3, 'packId': '1'...,resultId=,chainCount=0]"
03-01 09:33:27 [INFO] nonebot | Event will be handled by Matcher(type='message', module=zhenxun.builtin_plugins.chat_history.chat_message, lineno=39)
03-01 09:33:27 [INFO] nonebot | Matcher(type='message', module=zhenxun.builtin_plugins.chat_history.chat_message, lineno=39) running complete
03-01 09:33:31 [SUCCESS] nonebot | OneBot V11 3042447114 | [message.group.normal]: Message 579571267 from 3205414709@[群:645741432] '[at:qq=2383082463] tql'
03-01 09:33:31 [INFO] nonebot | Event will be handled by Matcher(type='message', module=zhenxun.builtin_plugins.chat_history.chat_message, lineno=39)
03-01 09:33:31 [INFO] nonebot | Matcher(type='message', module=zhenxun.builtin_plugins.chat_history.chat_message, lineno=39) running complete
03-01 09:33:33 [SUCCESS] nonebot | OneBot V11 3042447114 | [message.group.normal]: Message 1998684988 from 3205414709@[群:645741432] '[image:summary=[动画表情],file=86CF3FFCD4468046F48D842D657FDD9F.jpg,sub_type=1,url=https://multimedia.nt.qq.com.cn/download?appid=1407&fileid=EhTxr4do...,file_size=68110]'
03-01 09:33:33 [INFO] nonebot | Event will be handled by Matcher(type='message', module=zhenxun.builtin_plugins.chat_history.chat_message, lineno=39)
03-01 09:33:33 [INFO] nonebot | Matcher(type='message', module=zhenxun.builtin_plugins.chat_history.chat_message, lineno=39) running complete
03-01 09:33:43 [SUCCESS] nonebot | OneBot V11 3042447114 | [message.group.normal]: Message 1662889163 from 2383082463@[群:645741432] "[at:qq=3205414709] 这你也要[face:id=5,raw={'faceIndex': 5, 'faceText': None, 'faceType': 1, 'packId': None, '...]"
03-01 09:33:43 [INFO] nonebot | Event will be handled by Matcher(type='message', module=zhenxun.builtin_plugins.chat_history.chat_message, lineno=39)
03-01 09:33:43 [INFO] nonebot | Matcher(type='message', module=zhenxun.builtin_plugins.chat_history.chat_message, lineno=39) running complete
03-01 09:33:47 [SUCCESS] nonebot | OneBot V11 3042447114 | [message.group.normal]: Message 661758007 from 1113240844@[群:392644938] '主要是之前氪过了抽二阶堂去了，然后我特意留了些给人气池的'
03-01 09:33:47 [INFO] nonebot | Event will be handled by Matcher(type='message', module=zhenxun.builtin_plugins.chat_history.chat_message, lineno=39)
03-01 09:33:47 [INFO] nonebot | Matcher(type='message', module=zhenxun.builtin_plugins.chat_history.chat_message, lineno=39) running complete
03-01 09:33:56 [SUCCESS] nonebot | OneBot V11 3042447114 | [message.group.normal]: Message 1807631501 from 846186665@[群:245810894] '我测，昨晚做的梦非常不对劲'
03-01 09:33:56 [INFO] nonebot | Event will be handled by Matcher(type='message', module=zhenxun.builtin_plugins.chat_history.chat_message, lineno=39)
03-01 09:33:56 [INFO] nonebot | Matcher(type='message', module=zhenxun.builtin_plugins.chat_history.chat_message, lineno=39) running complete
03-01 09:34:04 [SUCCESS] nonebot | OneBot V11 3042447114 | [message.group.normal]: Message 683747398 from 1113240844@[群:392644938] '这种情况下没必要再氪吧'
03-01 09:34:04 [INFO] nonebot | Event will be handled by Matcher(type='message', module=zhenxun.builtin_plugins.chat_history.chat_message, lineno=39)
03-01 09:34:04 [INFO] nonebot | Matcher(type='message', module=zhenxun.builtin_plugins.chat_history.chat_message, lineno=39) running complete
03-01 09:34:07 [SUCCESS] nonebot | OneBot V11 3042447114 | [message.group.normal]: Message 1469570535 from 365103469@[群:645741432] '[image:summary=,file={AA66E1DF-6369-6AE8-9733-753EE5AA21F3}.jpg,sub_type=0,url=https://gchat.qpic.cn/gchatpic_new/0/0-0-AA66E1DF63696AE89733753EE5...,file_size=74515]速速给我找出这个原图！'
03-01 09:34:07 [INFO] nonebot | Event will be handled by Matcher(type='message', module=zhenxun.builtin_plugins.chat_history.chat_message, lineno=39)
03-01 09:34:07 [INFO] nonebot | Matcher(type='message', module=zhenxun.builtin_plugins.chat_history.chat_message, lineno=39) running complete
03-01 09:34:08 [SUCCESS] nonebot | OneBot V11 3042447114 | [message.group.normal]: Message 435031343 from 2690167450@[群:645741432] '坨坨脸的pd卖房子做游戏都活下来了，而且还混到过韩区谷歌榜第一（虽然不到半天就被挤下去了'
03-01 09:34:08 [INFO] nonebot | Event will be handled by Matcher(type='message', module=zhenxun.builtin_plugins.chat_history.chat_message, lineno=39)
03-01 09:34:08 [INFO] nonebot | Matcher(type='message', module=zhenxun.builtin_plugins.chat_history.chat_message, lineno=39) running complete
03-01 09:34:33 [SUCCESS] nonebot | OneBot V11 3042447114 | [message.group.normal]: Message 1619128835 from 1113240844@[群:392644938] '虽然感觉西装玉出来我就可以直接抄作业了'
03-01 09:34:33 [INFO] nonebot | Event will be handled by Matcher(type='message', module=zhenxun.builtin_plugins.chat_history.chat_message, lineno=39)
03-01 09:34:33 [INFO] nonebot | Matcher(type='message', module=zhenxun.builtin_plugins.chat_history.chat_message, lineno=39) running complete
03-01 09:34:34 [SUCCESS] nonebot | OneBot V11 3042447114 | [message.group.normal]: Message 1316873832 from 365103469@[群:645741432] '老金做的那个领地系统其实发挥空间很大'
03-01 09:34:34 [INFO] nonebot | Event will be handled by Matcher(type='message', module=zhenxun.builtin_plugins.chat_history.chat_message, lineno=39)
03-01 09:34:34 [INFO] nonebot | Matcher(type='message', module=zhenxun.builtin_plugins.chat_history.chat_message, lineno=39) running complete
03-01 09:34:42 [SUCCESS] nonebot | OneBot V11 3042447114 | [message.group.normal]: Message 1998911856 from 365103469@[群:645741432] '但他在强度上越走越远了'
03-01 09:34:42 [INFO] nonebot | Event will be handled by Matcher(type='message', module=zhenxun.builtin_plugins.chat_history.chat_message, lineno=39)
03-01 09:34:42 [INFO] nonebot | Matcher(type='message', module=zhenxun.builtin_plugins.chat_history.chat_message, lineno=39) running complete
03-01 09:34:45 [SUCCESS] nonebot | OneBot V11 3042447114 | [message.group.normal]: Message 607771231 from 2383082463@[群:645741432] "[at:qq=3205414709] 大佬别压迫萌新了[face:id=5,raw={'faceIndex': 5, 'faceText': None, 'faceType': 1, 'packId': None, '...]"
03-01 09:34:45 [INFO] nonebot | Event will be handled by Matcher(type='message', module=zhenxun.builtin_plugins.chat_history.chat_message, lineno=39)
03-01 09:34:45 [INFO] nonebot | Matcher(type='message', module=zhenxun.builtin_plugins.chat_history.chat_message, lineno=39) running complete
03-01 09:34:45 [SUCCESS] nonebot | OneBot V11 3042447114 | [message.group.normal]: Message 1091614944 from 2407586440@[群:816890778] '[image:summary=[动画表情],file=E6D75642ABD152CC2BF7CBFF18671BFA.jpg,sub_type=1,url=https://multimedia.nt.qq.com.cn/download?appid=1407&fileid=EhTAwPzE...,file_size=17686]'
03-01 09:34:45 [INFO] nonebot | Event will be handled by Matcher(type='message', module=zhenxun.builtin_plugins.chat_history.chat_message, lineno=39)
03-01 09:34:45 [INFO] nonebot | Matcher(type='message', module=zhenxun.builtin_plugins.chat_history.chat_message, lineno=39) running complete
03-01 09:34:52 [SUCCESS] nonebot | OneBot V11 3042447114 | [message.group.normal]: Message 199230741 from 844573759@[群:645741432] '@一个大调查下去盈缺避税被查出来了 大佬别压迫萌新了'
03-01 09:34:52 [INFO] nonebot | Event will be handled by Matcher(type='message', module=zhenxun.builtin_plugins.chat_history.chat_message, lineno=39)
03-01 09:34:52 [INFO] nonebot | Matcher(type='message', module=zhenxun.builtin_plugins.chat_history.chat_message, lineno=39) running complete
03-01 09:34:54 [SUCCESS] nonebot | OneBot V11 3042447114 | [message.group.normal]: Message 154610666 from 1604095906@[群:392644938] '无敌二阶堂'
03-01 09:34:54 [INFO] nonebot | Event will be handled by Matcher(type='message', module=zhenxun.builtin_plugins.chat_history.chat_message, lineno=39)
03-01 09:34:54 [INFO] nonebot | Matcher(type='message', module=zhenxun.builtin_plugins.chat_history.chat_message, lineno=39) running complete
03-01 09:35:04 [SUCCESS] nonebot | OneBot V11 3042447114 | [message.group.normal]: Message 599871534 from 2788951367@[群:245810894] '你又做春梦了？'
03-01 09:35:04 [INFO] nonebot | Event will be handled by Matcher(type='message', module=zhenxun.builtin_plugins.chat_history.chat_message, lineno=39)
03-01 09:35:04 [INFO] nonebot | Matcher(type='message', module=zhenxun.builtin_plugins.chat_history.chat_message, lineno=39) running complete
03-01 09:35:19 [SUCCESS] nonebot | OneBot V11 3042447114 | [message.group.normal]: Message 643708694 from 805200858@[群:245810894] '你又做春梦了？'
03-01 09:35:19 [INFO] nonebot | Event will be handled by Matcher(type='message', module=zhenxun.builtin_plugins.chat_history.chat_message, lineno=39)
03-01 09:35:19 [INFO] nonebot | Matcher(type='message', module=zhenxun.builtin_plugins.chat_history.chat_message, lineno=39) running complete
03-01 09:35:24 [SUCCESS] nonebot | OneBot V11 3042447114 | [message.group.normal]: Message 417927323 from 870951896@[群:816890778] '[reply:id=685432146][at:qq=2407586440] 炼铜味出来了'
03-01 09:35:24 [INFO] nonebot | Event will be handled by Matcher(type='message', module=zhenxun.builtin_plugins.chat_history.chat_message, lineno=39)
03-01 09:35:24 [INFO] nonebot | Matcher(type='message', module=zhenxun.builtin_plugins.chat_history.chat_message, lineno=39) running complete
03-01 09:35:33 [SUCCESS] nonebot | OneBot V11 3042447114 | [message.group.normal]: Message 1301660494 from 158174653@[群:816890778] '@酋长鱼正在偷渡 炼铜味出来了'
03-01 09:35:33 [INFO] nonebot | Event will be handled by Matcher(type='message', module=zhenxun.builtin_plugins.chat_history.chat_message, lineno=39)
03-01 09:35:33 [INFO] nonebot | Matcher(type='message', module=zhenxun.builtin_plugins.chat_history.chat_message, lineno=39) running complete
03-01 09:35:36 [SUCCESS] nonebot | OneBot V11 3042447114 | [message.group.normal]: Message 2054359306 from 393045366@[群:392644938] '无敌二阶堂'
03-01 09:35:36 [INFO] nonebot | Event will be handled by Matcher(type='message', module=zhenxun.builtin_plugins.chat_history.chat_message, lineno=39)
03-01 09:35:36 [INFO] nonebot | Matcher(type='message', module=zhenxun.builtin_plugins.chat_history.chat_message, lineno=39) running complete
03-01 09:35:43 [SUCCESS] nonebot | OneBot V11 3042447114 | [message.group.normal]: Message 1689020118 from 1960735950@[群:392644938] '我火✌🏻抽来就上场了一次'
03-01 09:35:43 [INFO] nonebot | Event will be handled by Matcher(type='message', module=zhenxun.builtin_plugins.chat_history.chat_message, lineno=39)
03-01 09:35:43 [INFO] nonebot | Matcher(type='message', module=zhenxun.builtin_plugins.chat_history.chat_message, lineno=39) running complete
03-01 09:35:48 [SUCCESS] nonebot | OneBot V11 3042447114 | [message.group.normal]: Message 402417569 from 846186665@[群:645741432] '@一个大调查下去盈缺避税被查出来了 大佬别压迫萌新了'
03-01 09:35:48 [INFO] nonebot | Event will be handled by Matcher(type='message', module=zhenxun.builtin_plugins.chat_history.chat_message, lineno=39)
03-01 09:35:48 [INFO] nonebot | Matcher(type='message', module=zhenxun.builtin_plugins.chat_history.chat_message, lineno=39) running complete
03-01 09:35:51 [SUCCESS] nonebot | OneBot V11 3042447114 | [message.group.normal]: Message 1404431950 from 1960735950@[群:392644938] '感觉没无爷无脑'
03-01 09:35:51 [INFO] nonebot | Event will be handled by Matcher(type='message', module=zhenxun.builtin_plugins.chat_history.chat_message, lineno=39)
03-01 09:35:51 [INFO] nonebot | Matcher(type='message', module=zhenxun.builtin_plugins.chat_history.chat_message, lineno=39) running complete
03-01 09:35:53 [SUCCESS] nonebot | OneBot V11 3042447114 | [message.group.normal]: Message 1719322884 from 1960735950@[群:392644938] "[face:id=338,raw={'faceIndex': 338, 'faceText': '/我想开了', 'faceType': 3, 'packId': '1...,resultId=,chainCount=0]"
03-01 09:35:53 [INFO] nonebot | Event will be handled by Matcher(type='message', module=zhenxun.builtin_plugins.chat_history.chat_message, lineno=39)
03-01 09:35:53 [INFO] nonebot | Matcher(type='message', module=zhenxun.builtin_plugins.chat_history.chat_message, lineno=39) running complete
03-01 09:35:57 [SUCCESS] nonebot | OneBot V11 3042447114 | [message.group.normal]: Message 1982926527 from 2407586440@[群:816890778] '[image:summary=[动画表情],file=7A258EB415FA60A02BFBA8524885A357.jpg,sub_type=1,url=https://multimedia.nt.qq.com.cn/download?appid=1407&fileid=EhQJa-IV...,file_size=2152]'
03-01 09:35:57 [INFO] nonebot | Event will be handled by Matcher(type='message', module=zhenxun.builtin_plugins.chat_history.chat_message, lineno=39)
03-01 09:35:57 [INFO] nonebot | Matcher(type='message', module=zhenxun.builtin_plugins.chat_history.chat_message, lineno=39) running complete
03-01 09:36:03 [SUCCESS] nonebot | OneBot V11 3042447114 | [message.group.normal]: Message 856793663 from 846186665@[群:245810894] '春梦还带剧情'
03-01 09:36:03 [INFO] nonebot | Event will be handled by Matcher(type='message', module=zhenxun.builtin_plugins.chat_history.chat_message, lineno=39)
03-01 09:36:03 [INFO] nonebot | Matcher(type='message', module=zhenxun.builtin_plugins.chat_history.chat_message, lineno=39) running complete
03-01 09:36:07 [SUCCESS] nonebot | OneBot V11 3042447114 | [message.group.normal]: Message 1545821523 from 2407586440@[群:816890778] '不是'
03-01 09:36:07 [INFO] nonebot | Event will be handled by Matcher(type='message', module=zhenxun.builtin_plugins.chat_history.chat_message, lineno=39)
03-01 09:36:07 [INFO] nonebot | Matcher(type='message', module=zhenxun.builtin_plugins.chat_history.chat_message, lineno=39) running complete
03-01 09:36:11 [SUCCESS] nonebot | OneBot V11 3042447114 | [message.group.normal]: Message 1229764998 from 365103469@[群:645741432] '[image:summary=,file={580A00A7-6D75-451C-7C43-603D1BAB7D21}.png,sub_type=0,url=https://gchat.qpic.cn/gchatpic_new/0/0-0-580A00A76D75451C7C43603D1B...,file_size=466883]'
03-01 09:36:11 [INFO] nonebot | Event will be handled by Matcher(type='message', module=zhenxun.builtin_plugins.chat_history.chat_message, lineno=39)
03-01 09:36:11 [INFO] nonebot | Matcher(type='message', module=zhenxun.builtin_plugins.chat_history.chat_message, lineno=39) running complete
03-01 09:36:15 [SUCCESS] nonebot | OneBot V11 3042447114 | [message.group.normal]: Message 540819528 from 2407586440@[群:816890778] '我丽泽好感图挂腻了'
03-01 09:36:15 [INFO] nonebot | Event will be handled by Matcher(type='message', module=zhenxun.builtin_plugins.chat_history.chat_message, lineno=39)
03-01 09:36:15 [INFO] nonebot | Matcher(type='message', module=zhenxun.builtin_plugins.chat_history.chat_message, lineno=39) running complete
03-01 09:36:19 [SUCCESS] nonebot | OneBot V11 3042447114 | [message.group.normal]: Message 38986184 from 1113240844@[群:392644938] '[reply:id=1404431950][at:qq=1960735950]说起来这个水濑那谁好像也是无爷？'
03-01 09:36:19 [INFO] nonebot | Event will be handled by Matcher(type='message', module=zhenxun.builtin_plugins.chat_history.chat_message, lineno=39)
03-01 09:36:19 [INFO] nonebot | Matcher(type='message', module=zhenxun.builtin_plugins.chat_history.chat_message, lineno=39) running complete
03-01 09:36:20 [SUCCESS] nonebot | OneBot V11 3042447114 | [message.group.normal]: Message 1810200699 from 2407586440@[群:816890778] '挂一下多米的怎么了'
03-01 09:36:20 [INFO] nonebot | Event will be handled by Matcher(type='message', module=zhenxun.builtin_plugins.chat_history.chat_message, lineno=39)
03-01 09:36:20 [INFO] nonebot | Matcher(type='message', module=zhenxun.builtin_plugins.chat_history.chat_message, lineno=39) running complete
03-01 09:36:25 [SUCCESS] nonebot | OneBot V11 3042447114 | [message.group.normal]: Message 1010590864 from 846186665@[群:245810894] '第三人称的，就类似看小说那种'
03-01 09:36:25 [INFO] nonebot | Event will be handled by Matcher(type='message', module=zhenxun.builtin_plugins.chat_history.chat_message, lineno=39)
03-01 09:36:25 [INFO] nonebot | Matcher(type='message', module=zhenxun.builtin_plugins.chat_history.chat_message, lineno=39) running complete
03-01 09:36:37 [SUCCESS] nonebot | OneBot V11 3042447114 | [message.group.normal]: Message 1173868526 from 3205414709@[群:645741432] '[at:qq=846186665]'
03-01 09:36:37 [INFO] nonebot | Event will be handled by Matcher(type='message', module=zhenxun.builtin_plugins.chat_history.chat_message, lineno=39)
03-01 09:36:37 [INFO] nonebot | Matcher(type='message', module=zhenxun.builtin_plugins.chat_history.chat_message, lineno=39) running complete
03-01 09:36:41 [SUCCESS] nonebot | OneBot V11 3042447114 | [message.group.normal]: Message 1829233267 from 805200858@[群:645741432] '[reply:id=1188227322][at:qq=2383082463] 卧槽太强了'
03-01 09:36:41 [INFO] nonebot | Event will be handled by Matcher(type='message', module=zhenxun.builtin_plugins.chat_history.chat_message, lineno=39)
03-01 09:36:41 [INFO] nonebot | Matcher(type='message', module=zhenxun.builtin_plugins.chat_history.chat_message, lineno=39) running complete
03-01 09:36:44 [SUCCESS] nonebot | OneBot V11 3042447114 | [message.group.normal]: Message 802337959 from 805200858@[群:645741432] '我一个都没有'
03-01 09:36:44 [INFO] nonebot | Event will be handled by Matcher(type='message', module=zhenxun.builtin_plugins.chat_history.chat_message, lineno=39)
03-01 09:36:44 [INFO] nonebot | Matcher(type='message', module=zhenxun.builtin_plugins.chat_history.chat_message, lineno=39) running complete
03-01 09:36:47 [SUCCESS] nonebot | OneBot V11 3042447114 | [message.group.normal]: Message 1441922645 from 805200858@[群:645741432] '[image:summary=[动画表情],file=E27C4BC7C4EF4DCD9F4C9FFFF335385F.jpg,sub_type=1,url=https://multimedia.nt.qq.com.cn/download?appid=1407&fileid=EhQBLzGN...,file_size=5986]'
03-01 09:36:47 [INFO] nonebot | Event will be handled by Matcher(type='message', module=zhenxun.builtin_plugins.chat_history.chat_message, lineno=39)
03-01 09:36:47 [INFO] nonebot | Matcher(type='message', module=zhenxun.builtin_plugins.chat_history.chat_message, lineno=39) running complete
03-01 09:36:47 [SUCCESS] nonebot | OneBot V11 3042447114 | [message.group.normal]: Message 2046503777 from 3205414709@[群:645741432] '为什么世界boss排行榜上面没见到你'
03-01 09:36:47 [INFO] nonebot | Event will be handled by Matcher(type='message', module=zhenxun.builtin_plugins.chat_history.chat_message, lineno=39)
03-01 09:36:47 [INFO] nonebot | Matcher(type='message', module=zhenxun.builtin_plugins.chat_history.chat_message, lineno=39) running complete
03-01 09:36:50 [SUCCESS] nonebot | OneBot V11 3042447114 | [message.group.normal]: Message 217805264 from 3205414709@[群:645741432] '[at:qq=846186665]'
03-01 09:36:50 [INFO] nonebot | Event will be handled by Matcher(type='message', module=zhenxun.builtin_plugins.chat_history.chat_message, lineno=39)
03-01 09:36:50 [INFO] nonebot | Matcher(type='message', module=zhenxun.builtin_plugins.chat_history.chat_message, lineno=39) running complete
03-01 09:36:52 [SUCCESS] nonebot | OneBot V11 3042447114 | [message.group.normal]: Message 1935034361 from 3205414709@[群:645741432] '还有你[at:qq=805200858]'
03-01 09:36:52 [INFO] nonebot | Event will be handled by Matcher(type='message', module=zhenxun.builtin_plugins.chat_history.chat_message, lineno=39)
03-01 09:36:52 [INFO] nonebot | Matcher(type='message', module=zhenxun.builtin_plugins.chat_history.chat_message, lineno=39) running complete
03-01 09:36:52 [SUCCESS] nonebot | OneBot V11 3042447114 | [message.group.normal]: Message 1820420757 from 1960735950@[群:392644938] '是'
03-01 09:36:52 [INFO] nonebot | Event will be handled by Matcher(type='message', module=zhenxun.builtin_plugins.chat_history.chat_message, lineno=39)
03-01 09:36:52 [INFO] nonebot | Matcher(type='message', module=zhenxun.builtin_plugins.chat_history.chat_message, lineno=39) running complete
03-01 09:36:56 [SUCCESS] nonebot | OneBot V11 3042447114 | [message.group.normal]: Message 1709135768 from 1960735950@[群:392644938] '最无脑的无爷'
03-01 09:36:56 [INFO] nonebot | Event will be handled by Matcher(type='message', module=zhenxun.builtin_plugins.chat_history.chat_message, lineno=39)
03-01 09:36:56 [INFO] nonebot | Matcher(type='message', module=zhenxun.builtin_plugins.chat_history.chat_message, lineno=39) running complete
03-01 09:36:58 [SUCCESS] nonebot | OneBot V11 3042447114 | [message.group.normal]: Message 2105123377 from 2788951367@[群:245810894] '说吧，是不是把林老板超了'
03-01 09:36:58 [INFO] nonebot | Event will be handled by Matcher(type='message', module=zhenxun.builtin_plugins.chat_history.chat_message, lineno=39)
03-01 09:36:58 [INFO] nonebot | Matcher(type='message', module=zhenxun.builtin_plugins.chat_history.chat_message, lineno=39) running complete
03-01 09:37:00 [SUCCESS] nonebot | OneBot V11 3042447114 | [message.group.normal]: Message 253717046 from 2383082463@[群:645741432] "[at:qq=805200858] 全身家当凑出来的[face:id=317,raw={'faceIndex': 317, 'faceText': '/菜汪', 'faceType': 2, 'packId': None...]"
03-01 09:37:00 [INFO] nonebot | Event will be handled by Matcher(type='message', module=zhenxun.builtin_plugins.chat_history.chat_message, lineno=39)
03-01 09:37:00 [INFO] nonebot | Matcher(type='message', module=zhenxun.builtin_plugins.chat_history.chat_message, lineno=39) running complete
03-01 09:37:03 [SUCCESS] nonebot | OneBot V11 3042447114 | [message.group.normal]: Message 112546862 from 3205414709@[群:645741432] '没上榜为什么不充钱'
03-01 09:37:03 [INFO] nonebot | Event will be handled by Matcher(type='message', module=zhenxun.builtin_plugins.chat_history.chat_message, lineno=39)
03-01 09:37:03 [INFO] nonebot | Matcher(type='message', module=zhenxun.builtin_plugins.chat_history.chat_message, lineno=39) running complete
03-01 09:37:03 [SUCCESS] nonebot | OneBot V11 3042447114 | [message.group.normal]: Message 730797684 from 805200858@[群:645741432] '我是萌新 你那'
03-01 09:37:03 [INFO] nonebot | Event will be handled by Matcher(type='message', module=zhenxun.builtin_plugins.chat_history.chat_message, lineno=39)
03-01 09:37:03 [INFO] nonebot | Matcher(type='message', module=zhenxun.builtin_plugins.chat_history.chat_message, lineno=39) running complete
03-01 09:37:04 [SUCCESS] nonebot | OneBot V11 3042447114 | [message.group.normal]: Message 452796565 from 846186665@[群:645741432] '不屑于打'
03-01 09:37:04 [INFO] nonebot | Event will be handled by Matcher(type='message', module=zhenxun.builtin_plugins.chat_history.chat_message, lineno=39)
03-01 09:37:04 [INFO] nonebot | Matcher(type='message', module=zhenxun.builtin_plugins.chat_history.chat_message, lineno=39) running complete
03-01 09:37:09 [SUCCESS] nonebot | OneBot V11 3042447114 | [message.group.normal]: Message 89232180 from 805200858@[群:645741432] '[reply:id=253717046][at:qq=2383082463] 好好好好好'
03-01 09:37:09 [INFO] nonebot | Event will be handled by Matcher(type='message', module=zhenxun.builtin_plugins.chat_history.chat_message, lineno=39)
03-01 09:37:09 [INFO] nonebot | Matcher(type='message', module=zhenxun.builtin_plugins.chat_history.chat_message, lineno=39) running complete
03-01 09:37:10 [SUCCESS] nonebot | OneBot V11 3042447114 | [message.group.normal]: Message 1438118233 from 2383082463@[群:645741432] '我是萌新 你那'
03-01 09:37:10 [INFO] nonebot | Event will be handled by Matcher(type='message', module=zhenxun.builtin_plugins.chat_history.chat_message, lineno=39)
03-01 09:37:10 [INFO] nonebot | Matcher(type='message', module=zhenxun.builtin_plugins.chat_history.chat_message, lineno=39) running complete
03-01 09:37:12 [SUCCESS] nonebot | OneBot V11 3042447114 | [message.group.normal]: Message 2038358954 from 846186665@[群:645741432] '[image:summary=[动画表情],file=EB877AD732674820D8021C218286DF1A.jpg,sub_type=1,url=https://multimedia.nt.qq.com.cn/download?appid=1407&fileid=EhTzExj7...,file_size=40131]'
03-01 09:37:12 [INFO] nonebot | Event will be handled by Matcher(type='message', module=zhenxun.builtin_plugins.chat_history.chat_message, lineno=39)
03-01 09:37:12 [INFO] nonebot | Matcher(type='message', module=zhenxun.builtin_plugins.chat_history.chat_message, lineno=39) running complete
03-01 09:37:17 [SUCCESS] nonebot | OneBot V11 3042447114 | [message.group.normal]: Message 1671876098 from 870951896@[群:816890778] '[image:summary=[动画表情],file=D54C31D5D8EB011B4ABFF7676B2F53AE.jpg,sub_type=1,url=https://multimedia.nt.qq.com.cn/download?appid=1407&fileid=EhQbEVEo...,file_size=73848]'
03-01 09:37:17 [INFO] nonebot | Event will be handled by Matcher(type='message', module=zhenxun.builtin_plugins.chat_history.chat_message, lineno=39)
03-01 09:37:17 [INFO] nonebot | Matcher(type='message', module=zhenxun.builtin_plugins.chat_history.chat_message, lineno=39) running complete
03-01 09:37:22 [SUCCESS] nonebot | OneBot V11 3042447114 | [message.group.normal]: Message 876215282 from 844573759@[群:645741432] '[image:summary=[动画表情],file=B9BA71896DBE323B59279ADF982AE689.jpg,sub_type=1,url=https://multimedia.nt.qq.com.cn/download?appid=1407&fileid=EhTPzDR_...,file_size=22970]'
03-01 09:37:22 [INFO] nonebot | Event will be handled by Matcher(type='message', module=zhenxun.builtin_plugins.chat_history.chat_message, lineno=39)
03-01 09:37:22 [INFO] nonebot | Matcher(type='message', module=zhenxun.builtin_plugins.chat_history.chat_message, lineno=39) running complete
03-01 09:37:34 [SUCCESS] nonebot | OneBot V11 3042447114 | [message.group.normal]: Message 1492975292 from 2383082463@[群:645741432] "第二套爆伤还差前面两件[face:id=317,raw={'faceIndex': 317, 'faceText': '/菜汪', 'faceType': 2, 'packId': None...]"
03-01 09:37:34 [INFO] nonebot | Event will be handled by Matcher(type='message', module=zhenxun.builtin_plugins.chat_history.chat_message, lineno=39)
03-01 09:37:34 [INFO] nonebot | Matcher(type='message', module=zhenxun.builtin_plugins.chat_history.chat_message, lineno=39) running complete
03-01 09:37:35 [SUCCESS] nonebot | OneBot V11 3042447114 | [message.group.normal]: Message 1558236748 from 1620692911@[群:816890778] '炼铜承认吧'
03-01 09:37:35 [INFO] nonebot | Event will be handled by Matcher(type='message', module=zhenxun.builtin_plugins.chat_history.chat_message, lineno=39)
03-01 09:37:35 [INFO] nonebot | Matcher(type='message', module=zhenxun.builtin_plugins.chat_history.chat_message, lineno=39) running complete
03-01 09:37:37 [SUCCESS] nonebot | OneBot V11 3042447114 | [message.group.normal]: Message 1399440928 from 1620692911@[群:816890778] '没啥好丢人的'
03-01 09:37:37 [INFO] nonebot | Event will be handled by Matcher(type='message', module=zhenxun.builtin_plugins.chat_history.chat_message, lineno=39)
03-01 09:37:37 [INFO] nonebot | Matcher(type='message', module=zhenxun.builtin_plugins.chat_history.chat_message, lineno=39) running complete
03-01 09:37:43 [SUCCESS] nonebot | OneBot V11 3042447114 | [message.group.normal]: Message 1648766216 from 846186665@[群:245810894] '牢林不行'
03-01 09:37:43 [INFO] nonebot | Event will be handled by Matcher(type='message', module=zhenxun.builtin_plugins.chat_history.chat_message, lineno=39)
03-01 09:37:43 [INFO] nonebot | Matcher(type='message', module=zhenxun.builtin_plugins.chat_history.chat_message, lineno=39) running complete
03-01 09:37:47 [SUCCESS] nonebot | OneBot V11 3042447114 | [message.group.normal]: Message 1700291695 from 2383082463@[群:645741432] '后面两件已经不朽了'
03-01 09:37:47 [INFO] nonebot | Event will be handled by Matcher(type='message', module=zhenxun.builtin_plugins.chat_history.chat_message, lineno=39)
03-01 09:37:47 [INFO] nonebot | Matcher(type='message', module=zhenxun.builtin_plugins.chat_history.chat_message, lineno=39) running complete
03-01 09:37:50 [SUCCESS] nonebot | OneBot V11 3042447114 | [message.group.normal]: Message 1457809636 from 3205414709@[群:245810894] '[image:summary=,file=33FE680F9EEBA82967CD5EC67041A3B6.jpg,sub_type=0,url=https://multimedia.nt.qq.com.cn/download?appid=1407&fileid=EhTHc6Wt...,file_size=210436]'
03-01 09:37:50 [INFO] nonebot | Event will be handled by Matcher(type='message', module=zhenxun.builtin_plugins.chat_history.chat_message, lineno=39)
03-01 09:37:50 [INFO] nonebot | Matcher(type='message', module=zhenxun.builtin_plugins.chat_history.chat_message, lineno=39) running complete
03-01 09:37:51 [SUCCESS] nonebot | OneBot V11 3042447114 | [message.group.normal]: Message 1881600584 from 805200858@[群:645741432] '我现在一套永恒+爆伤都没有'
03-01 09:37:51 [INFO] nonebot | Event will be handled by Matcher(type='message', module=zhenxun.builtin_plugins.chat_history.chat_message, lineno=39)
03-01 09:37:51 [INFO] nonebot | Matcher(type='message', module=zhenxun.builtin_plugins.chat_history.chat_message, lineno=39) running complete
03-01 09:37:55 [SUCCESS] nonebot | OneBot V11 3042447114 | [message.group.normal]: Message 2020562396 from 805200858@[群:645741432] '[image:summary=[动画表情],file=0CC90AD11721318ACBC3AD504496003A.jpg,sub_type=1,url=https://multimedia.nt.qq.com.cn/download?appid=1407&fileid=EhSNgJHs...,file_size=6975]'
03-01 09:37:55 [INFO] nonebot | Event will be handled by Matcher(type='message', module=zhenxun.builtin_plugins.chat_history.chat_message, lineno=39)
03-01 09:37:55 [INFO] nonebot | Matcher(type='message', module=zhenxun.builtin_plugins.chat_history.chat_message, lineno=39) running complete
03-01 09:38:06 [SUCCESS] nonebot | OneBot V11 3042447114 | [message.group.normal]: Message 533826064 from 3205414709@[群:816890778] '[at:qq=2407586440] llk'
03-01 09:38:06 [INFO] nonebot | Event will be handled by Matcher(type='message', module=zhenxun.builtin_plugins.chat_history.chat_message, lineno=39)
03-01 09:38:06 [INFO] nonebot | Matcher(type='message', module=zhenxun.builtin_plugins.chat_history.chat_message, lineno=39) running complete
03-01 09:38:08 [SUCCESS] nonebot | OneBot V11 3042447114 | [message.group.normal]: Message 943589098 from 3205414709@[群:816890778] '不要狡辩'
03-01 09:38:08 [INFO] nonebot | Event will be handled by Matcher(type='message', module=zhenxun.builtin_plugins.chat_history.chat_message, lineno=39)
03-01 09:38:08 [INFO] nonebot | Matcher(type='message', module=zhenxun.builtin_plugins.chat_history.chat_message, lineno=39) running complete
03-01 09:38:09 [SUCCESS] nonebot | OneBot V11 3042447114 | [message.group.normal]: Message 1313516164 from 365103469@[群:645741432] '[image:summary=,file={E598C3AC-F57C-A2B0-EEE1-51E8065484C9}.jpg,sub_type=0,url=https://gchat.qpic.cn/gchatpic_new/0/0-0-E598C3ACF57CA2B0EEE151E806...,file_size=56153]上古老图  哈哈'
03-01 09:38:09 [INFO] nonebot | Event will be handled by Matcher(type='message', module=zhenxun.builtin_plugins.chat_history.chat_message, lineno=39)
03-01 09:38:09 [INFO] nonebot | Matcher(type='message', module=zhenxun.builtin_plugins.chat_history.chat_message, lineno=39) running complete
03-01 09:38:09 [SUCCESS] nonebot | OneBot V11 3042447114 | [message.group.normal]: Message 1717046380 from 805200858@[群:645741432] 'eds永恒和永恒+散搭的爆伤套'
03-01 09:38:09 [INFO] nonebot | Event will be handled by Matcher(type='message', module=zhenxun.builtin_plugins.chat_history.chat_message, lineno=39)
03-01 09:38:09 [INFO] nonebot | Matcher(type='message', module=zhenxun.builtin_plugins.chat_history.chat_message, lineno=39) running complete
03-01 09:38:13 [SUCCESS] nonebot | OneBot V11 3042447114 | [message.group.normal]: Message 1476785123 from 805200858@[群:645741432] '绷不住了'
03-01 09:38:13 [INFO] nonebot | Event will be handled by Matcher(type='message', module=zhenxun.builtin_plugins.chat_history.chat_message, lineno=39)
03-01 09:38:13 [INFO] nonebot | Matcher(type='message', module=zhenxun.builtin_plugins.chat_history.chat_message, lineno=39) running complete
03-01 09:38:14 [SUCCESS] nonebot | OneBot V11 3042447114 | [message.group.normal]: Message 1470213604 from 365103469@[群:645741432] '我估计萌新没看过'
03-01 09:38:14 [INFO] nonebot | Event will be handled by Matcher(type='message', module=zhenxun.builtin_plugins.chat_history.chat_message, lineno=39)
03-01 09:38:14 [INFO] nonebot | Matcher(type='message', module=zhenxun.builtin_plugins.chat_history.chat_message, lineno=39) running complete
03-01 09:38:20 [SUCCESS] nonebot | OneBot V11 3042447114 | [message.group.normal]: Message 36002193 from 573410848@[群:475899384] '[image:summary=,file=4FF07C69925B732898F713C6EDBF4198.jpg,sub_type=0,url=https://multimedia.nt.qq.com.cn/download?appid=1407&fileid=EhTb6-0m...,file_size=136540]'
03-01 09:38:20 [INFO] nonebot | Event will be handled by Matcher(type='message', module=zhenxun.builtin_plugins.chat_history.chat_message, lineno=39)
03-01 09:38:20 [INFO] nonebot | Matcher(type='message', module=zhenxun.builtin_plugins.chat_history.chat_message, lineno=39) running complete
03-01 09:38:27 [SUCCESS] nonebot | OneBot V11 3042447114 | [message.group.normal]: Message 1963234415 from 846186665@[群:645741432] '尤利娅？'
03-01 09:38:27 [INFO] nonebot | Event will be handled by Matcher(type='message', module=zhenxun.builtin_plugins.chat_history.chat_message, lineno=39)
03-01 09:38:27 [INFO] nonebot | Matcher(type='message', module=zhenxun.builtin_plugins.chat_history.chat_message, lineno=39) running complete
03-01 09:38:27 [SUCCESS] nonebot | OneBot V11 3042447114 | [message.group.normal]: Message 1064452616 from 575701297@[群:816890778] '[image:summary=,file=7A258EB415FA60A02BFBA8524885A357.jpg,sub_type=0,url=https://multimedia.nt.qq.com.cn/download?appid=1407&fileid=EhQJa-IV...,file_size=2152]不如挂拉利玛'
03-01 09:38:27 [INFO] nonebot | Event will be handled by Matcher(type='message', module=zhenxun.builtin_plugins.chat_history.chat_message, lineno=39)
03-01 09:38:27 [INFO] nonebot | Matcher(type='message', module=zhenxun.builtin_plugins.chat_history.chat_message, lineno=39) running complete
03-01 09:38:32 [SUCCESS] nonebot | OneBot V11 3042447114 | [message.group.normal]: Message 1763931215 from 575701297@[群:816890778] '拉利玛真好看'
03-01 09:38:32 [INFO] nonebot | Event will be handled by Matcher(type='message', module=zhenxun.builtin_plugins.chat_history.chat_message, lineno=39)
03-01 09:38:32 [INFO] nonebot | Matcher(type='message', module=zhenxun.builtin_plugins.chat_history.chat_message, lineno=39) running complete
03-01 09:38:34 [SUCCESS] nonebot | OneBot V11 3042447114 | [message.group.normal]: Message 943784496 from 805200858@[群:645741432] '[reply:id=1717046380]有两件倒是升朽了'
03-01 09:38:34 [INFO] nonebot | Event will be handled by Matcher(type='message', module=zhenxun.builtin_plugins.chat_history.chat_message, lineno=39)
03-01 09:38:34 [INFO] nonebot | Matcher(type='message', module=zhenxun.builtin_plugins.chat_history.chat_message, lineno=39) running complete
03-01 09:38:34 [SUCCESS] nonebot | OneBot V11 3042447114 | [message.group.normal]: Message 2068633485 from 2383082463@[群:645741432] '[at:qq=805200858] 我不一样，你看我上面：'
03-01 09:38:34 [INFO] nonebot | Event will be handled by Matcher(type='message', module=zhenxun.builtin_plugins.chat_history.chat_message, lineno=39)
03-01 09:38:34 [INFO] nonebot | Matcher(type='message', module=zhenxun.builtin_plugins.chat_history.chat_message, lineno=39) running complete
03-01 09:38:52 [SUCCESS] nonebot | OneBot V11 3042447114 | [message.group.normal]: Message 898615210 from 3205414709@[群:645741432] '想想自己是不是钱冲少了'
03-01 09:38:52 [INFO] nonebot | Event will be handled by Matcher(type='message', module=zhenxun.builtin_plugins.chat_history.chat_message, lineno=39)
03-01 09:38:52 [INFO] nonebot | Matcher(type='message', module=zhenxun.builtin_plugins.chat_history.chat_message, lineno=39) running complete
03-01 09:38:53 [SUCCESS] nonebot | OneBot V11 3042447114 | [message.group.normal]: Message 426052070 from 3205414709@[群:645741432] '[at:qq=805200858]'
03-01 09:38:53 [INFO] nonebot | Event will be handled by Matcher(type='message', module=zhenxun.builtin_plugins.chat_history.chat_message, lineno=39)
03-01 09:38:53 [INFO] nonebot | Matcher(type='message', module=zhenxun.builtin_plugins.chat_history.chat_message, lineno=39) running complete
03-01 09:39:00 [SUCCESS] nonebot | OneBot V11 3042447114 | [message.group.normal]: Message 1552037888 from 573410848@[群:475899384] '怪不得雪中悍刀行的改编能落到铸梦手上，玄机云图和若森都不想做'
03-01 09:39:00 [INFO] nonebot | Event will be handled by Matcher(type='message', module=zhenxun.builtin_plugins.chat_history.chat_message, lineno=39)
03-01 09:39:00 [INFO] nonebot | Matcher(type='message', module=zhenxun.builtin_plugins.chat_history.chat_message, lineno=39) running complete
03-01 09:39:02 [SUCCESS] nonebot | OneBot V11 3042447114 | [message.group.normal]: Message 1742963927 from 573410848@[群:475899384] "[face:id=182,raw={'faceIndex': 182, 'faceText': None, 'faceType': 1, 'packId': None,...][face:id=182,raw={'faceIndex': 182, 'faceText': None, 'faceType': 1, 'packId': None,...]"
03-01 09:39:02 [INFO] nonebot | Event will be handled by Matcher(type='message', module=zhenxun.builtin_plugins.chat_history.chat_message, lineno=39)
03-01 09:39:02 [INFO] nonebot | Matcher(type='message', module=zhenxun.builtin_plugins.chat_history.chat_message, lineno=39) running complete
03-01 09:39:07 [SUCCESS] nonebot | OneBot V11 3042447114 | [message.group.normal]: Message 991319103 from 3205414709@[群:645741432] '找找自己的原因'
03-01 09:39:07 [INFO] nonebot | Event will be handled by Matcher(type='message', module=zhenxun.builtin_plugins.chat_history.chat_message, lineno=39)
03-01 09:39:07 [INFO] nonebot | Matcher(type='message', module=zhenxun.builtin_plugins.chat_history.chat_message, lineno=39) running complete
03-01 09:39:08 [SUCCESS] nonebot | OneBot V11 3042447114 | [message.group.normal]: Message 1713666520 from 805200858@[群:645741432] '[at:qq=2383082463] 你这包欧的'
03-01 09:39:08 [INFO] nonebot | Event will be handled by Matcher(type='message', module=zhenxun.builtin_plugins.chat_history.chat_message, lineno=39)
03-01 09:39:08 [INFO] nonebot | Matcher(type='message', module=zhenxun.builtin_plugins.chat_history.chat_message, lineno=39) running complete
03-01 09:39:13 [SUCCESS] nonebot | OneBot V11 3042447114 | [message.group.normal]: Message 1676307087 from 844573759@[群:645741432] '[image:summary=[动画表情],file=672EA7FAB68C9E1BC004CABEAC6FA659.jpg,sub_type=1,url=https://multimedia.nt.qq.com.cn/download?appid=1407&fileid=EhSZyUD6...,file_size=9997]'
03-01 09:39:13 [INFO] nonebot | Event will be handled by Matcher(type='message', module=zhenxun.builtin_plugins.chat_history.chat_message, lineno=39)
03-01 09:39:13 [INFO] nonebot | Matcher(type='message', module=zhenxun.builtin_plugins.chat_history.chat_message, lineno=39) running complete
03-01 09:39:16 [SUCCESS] nonebot | OneBot V11 3042447114 | [message.group.normal]: Message 947067429 from 2383082463@[群:645741432] "不朽和不朽加的散搭[face:id=317,raw={'faceIndex': 317, 'faceText': '/菜汪', 'faceType': 2, 'packId': None...]"
03-01 09:39:16 [INFO] nonebot | Event will be handled by Matcher(type='message', module=zhenxun.builtin_plugins.chat_history.chat_message, lineno=39)
03-01 09:39:16 [INFO] nonebot | Matcher(type='message', module=zhenxun.builtin_plugins.chat_history.chat_message, lineno=39) running complete
03-01 09:39:18 [SUCCESS] nonebot | OneBot V11 3042447114 | [notice.group_recall]: {'time': 1740793158, 'self_id': 3042447114, 'post_type': 'notice', 'notice_type': 'group_recall', 'user_id': 2383082463, 'group_id': 645741432, 'operator_id': 2383082463, 'message_id': 947067429}
03-01 09:39:18 [INFO] nonebot | Event will be handled by Matcher(type='notice', module=zhenxun.plugins.zhenxun_plugin_draw_painting, lineno=61)
03-01 09:39:18 [INFO] nonebot | Event will be handled by Matcher(type='notice', module=zhenxun.plugins.zhenxun_plugin_draw_painting, lineno=62)
03-01 09:39:18 [INFO] nonebot | Event will be handled by Matcher(type='notice', module=zhenxun.plugins.monitor, lineno=18)
03-01 09:39:18 [INFO] nonebot | Event will be handled by Matcher(type='notice', module=zhenxun.plugins.monitor, lineno=19)
03-01 09:39:18 [INFO] nonebot | Event will be handled by Matcher(type='notice', module=zhenxun.plugins.monitor, lineno=20)
03-01 09:39:18 [INFO] nonebot | Matcher(type='notice', module=zhenxun.plugins.monitor, lineno=19) running complete
03-01 09:39:18 [INFO] nonebot | Matcher(type='notice', module=zhenxun.plugins.zhenxun_plugin_draw_painting, lineno=62) running complete
03-01 09:39:18 [INFO] nonebot | Matcher(type='notice', module=zhenxun.plugins.monitor, lineno=18) running complete
03-01 09:39:18 [INFO] nonebot | Matcher(type='notice', module=zhenxun.plugins.zhenxun_plugin_draw_painting, lineno=61) running complete
03-01 09:39:18 [INFO] nonebot | Matcher(type='notice', module=zhenxun.plugins.monitor, lineno=20) running complete
03-01 09:39:20 [SUCCESS] nonebot | OneBot V11 3042447114 | [message.group.normal]: Message 749749122 from 805200858@[群:645741432] '我开那么多箱子'
03-01 09:39:20 [INFO] nonebot | Event will be handled by Matcher(type='message', module=zhenxun.builtin_plugins.chat_history.chat_message, lineno=39)
03-01 09:39:20 [INFO] nonebot | Matcher(type='message', module=zhenxun.builtin_plugins.chat_history.chat_message, lineno=39) running complete
03-01 09:39:21 [SUCCESS] nonebot | OneBot V11 3042447114 | [message.group.normal]: Message 1448450200 from 844573759@[群:645741432] '[image:summary=[动画表情],file=F00E08CA1221FFE1C93B15D34CF4413B.jpg,sub_type=1,url=https://multimedia.nt.qq.com.cn/download?appid=1407&fileid=EhRE9a9p...,file_size=73971]'
03-01 09:39:21 [INFO] nonebot | Event will be handled by Matcher(type='message', module=zhenxun.builtin_plugins.chat_history.chat_message, lineno=39)
03-01 09:39:21 [INFO] nonebot | Matcher(type='message', module=zhenxun.builtin_plugins.chat_history.chat_message, lineno=39) running complete
03-01 09:39:25 [SUCCESS] nonebot | OneBot V11 3042447114 | [message.group.normal]: Message 665688794 from 365103469@[群:645741432] '[image:summary=,file={0CAEACF8-C5AC-8FD7-1C00-27EB73CA9B6C}.jpg,sub_type=0,url=https://gchat.qpic.cn/gchatpic_new/0/0-0-0CAEACF8C5AC8FD71C0027EB73...,file_size=53359]'
03-01 09:39:25 [INFO] nonebot | Event will be handled by Matcher(type='message', module=zhenxun.builtin_plugins.chat_history.chat_message, lineno=39)
03-01 09:39:25 [INFO] nonebot | Matcher(type='message', module=zhenxun.builtin_plugins.chat_history.chat_message, lineno=39) running complete
03-01 09:39:26 [SUCCESS] nonebot | OneBot V11 3042447114 | [message.group.normal]: Message 334608475 from 2383082463@[群:645741432] "不朽和不朽+的散搭[face:id=317,raw={'faceIndex': 317, 'faceText': '/菜汪', 'faceType': 2, 'packId': None...]"
03-01 09:39:26 [INFO] nonebot | Event will be handled by Matcher(type='message', module=zhenxun.builtin_plugins.chat_history.chat_message, lineno=39)
03-01 09:39:26 [INFO] nonebot | Matcher(type='message', module=zhenxun.builtin_plugins.chat_history.chat_message, lineno=39) running complete
03-01 09:39:28 [SUCCESS] nonebot | OneBot V11 3042447114 | [message.group.normal]: Message 1956493189 from 805200858@[群:645741432] '都没齐一套'
03-01 09:39:28 [INFO] nonebot | Event will be handled by Matcher(type='message', module=zhenxun.builtin_plugins.chat_history.chat_message, lineno=39)
03-01 09:39:28 [INFO] nonebot | Matcher(type='message', module=zhenxun.builtin_plugins.chat_history.chat_message, lineno=39) running complete
03-01 09:39:38 [SUCCESS] nonebot | OneBot V11 3042447114 | [message.group.normal]: Message 1448598575 from 350640529@[群:645741432] '推挑战关有自选箱子'
03-01 09:39:38 [INFO] nonebot | Event will be handled by Matcher(type='message', module=zhenxun.builtin_plugins.chat_history.chat_message, lineno=39)
03-01 09:39:38 [INFO] nonebot | Matcher(type='message', module=zhenxun.builtin_plugins.chat_history.chat_message, lineno=39) running complete
03-01 09:39:41 [SUCCESS] nonebot | OneBot V11 3042447114 | [message.group.normal]: Message 970147147 from 158174653@[群:816890778] '你说得对 但是我挂了大林赛'
03-01 09:39:41 [INFO] nonebot | Event will be handled by Matcher(type='message', module=zhenxun.builtin_plugins.chat_history.chat_message, lineno=39)
03-01 09:39:41 [INFO] nonebot | Matcher(type='message', module=zhenxun.builtin_plugins.chat_history.chat_message, lineno=39) running complete
03-01 09:40:04 [SUCCESS] nonebot | OneBot V11 3042447114 | [message.group.normal]: Message 658989554 from 805200858@[群:645741432] '艹还有挑战关'
03-01 09:40:04 [INFO] nonebot | Event will be handled by Matcher(type='message', module=zhenxun.builtin_plugins.chat_history.chat_message, lineno=39)
03-01 09:40:04 [INFO] nonebot | Matcher(type='message', module=zhenxun.builtin_plugins.chat_history.chat_message, lineno=39) running complete
03-01 09:40:05 [SUCCESS] nonebot | OneBot V11 3042447114 | [message.group.normal]: Message 10554239 from 365103469@[群:645741432] 'dnf真牛逼'
03-01 09:40:05 [INFO] nonebot | Event will be handled by Matcher(type='message', module=zhenxun.builtin_plugins.chat_history.chat_message, lineno=39)
03-01 09:40:05 [INFO] nonebot | Matcher(type='message', module=zhenxun.builtin_plugins.chat_history.chat_message, lineno=39) running complete
03-01 09:40:05 [SUCCESS] nonebot | OneBot V11 3042447114 | [message.group.normal]: Message 434994076 from 805200858@[群:645741432] '忘了'
03-01 09:40:05 [INFO] nonebot | Event will be handled by Matcher(type='message', module=zhenxun.builtin_plugins.chat_history.chat_message, lineno=39)
03-01 09:40:05 [INFO] nonebot | Matcher(type='message', module=zhenxun.builtin_plugins.chat_history.chat_message, lineno=39) running complete
03-01 09:40:07 [SUCCESS] nonebot | OneBot V11 3042447114 | [message.group.normal]: Message 1053416063 from 844573759@[群:645741432] '[reply:id=665688794][at:qq=365103469] 如果这游戏能有dnf的一半该多好'
03-01 09:40:07 [INFO] nonebot | Event will be handled by Matcher(type='message', module=zhenxun.builtin_plugins.chat_history.chat_message, lineno=39)
03-01 09:40:07 [INFO] nonebot | Matcher(type='message', module=zhenxun.builtin_plugins.chat_history.chat_message, lineno=39) running complete
03-01 09:40:10 [SUCCESS] nonebot | OneBot V11 3042447114 | [message.group.normal]: Message 1516335958 from 844573759@[群:645741432] '[image:summary=[动画表情],file=272D3854C979AD6346431146DB5F089F.jpg,sub_type=1,url=https://multimedia.nt.qq.com.cn/download?appid=1407&fileid=EhRlVKlU...,file_size=70310]'
03-01 09:40:10 [INFO] nonebot | Event will be handled by Matcher(type='message', module=zhenxun.builtin_plugins.chat_history.chat_message, lineno=39)
03-01 09:40:10 [INFO] nonebot | Matcher(type='message', module=zhenxun.builtin_plugins.chat_history.chat_message, lineno=39) running complete
03-01 09:40:15 [SUCCESS] nonebot | OneBot V11 3042447114 | [message.group.normal]: Message 1237818415 from 2407586440@[群:816890778] '[image:summary=[动画表情],file=EC983E23DFC23956BF552BF5A5C77488.jpg,sub_type=1,url=https://multimedia.nt.qq.com.cn/download?appid=1407&fileid=EhRWCmwE...,file_size=75367]'
03-01 09:40:15 [INFO] nonebot | Event will be handled by Matcher(type='message', module=zhenxun.builtin_plugins.chat_history.chat_message, lineno=39)
03-01 09:40:15 [INFO] nonebot | Matcher(type='message', module=zhenxun.builtin_plugins.chat_history.chat_message, lineno=39) running complete
03-01 09:40:18 [SUCCESS] nonebot | OneBot V11 3042447114 | [message.group.normal]: Message 438741435 from 2383082463@[群:645741432] '[at:qq=844573759] 想多了'
03-01 09:40:18 [INFO] nonebot | Event will be handled by Matcher(type='message', module=zhenxun.builtin_plugins.chat_history.chat_message, lineno=39)
03-01 09:40:18 [INFO] nonebot | Matcher(type='message', module=zhenxun.builtin_plugins.chat_history.chat_message, lineno=39) running complete
03-01 09:40:27 [SUCCESS] nonebot | OneBot V11 3042447114 | [message.group.normal]: Message 2039157623 from 575701297@[群:816890778] '[image:summary=,file=EC983E23DFC23956BF552BF5A5C77488.jpg,sub_type=0,url=https://multimedia.nt.qq.com.cn/download?appid=1407&fileid=EhRWCmwE...,file_size=75367]'
03-01 09:40:27 [INFO] nonebot | Event will be handled by Matcher(type='message', module=zhenxun.builtin_plugins.chat_history.chat_message, lineno=39)
03-01 09:40:27 [INFO] nonebot | Matcher(type='message', module=zhenxun.builtin_plugins.chat_history.chat_message, lineno=39) running complete
03-01 09:40:27 [SUCCESS] nonebot | OneBot V11 3042447114 | [message.group.normal]: Message 248807590 from 844573759@[群:645741432] '昨晚做梦了'
03-01 09:40:27 [INFO] nonebot | Event will be handled by Matcher(type='message', module=zhenxun.builtin_plugins.chat_history.chat_message, lineno=39)
03-01 09:40:27 [INFO] nonebot | Matcher(type='message', module=zhenxun.builtin_plugins.chat_history.chat_message, lineno=39) running complete
03-01 09:40:29 [SUCCESS] nonebot | OneBot V11 3042447114 | [message.group.normal]: Message 1726196071 from 844573759@[群:645741432] '[image:summary=[动画表情],file=38340AA11760A81A7A337F02D1193605.jpg,sub_type=1,url=https://multimedia.nt.qq.com.cn/download?appid=1407&fileid=EhTS1Mzb...,file_size=363495]'
03-01 09:40:29 [INFO] nonebot | Event will be handled by Matcher(type='message', module=zhenxun.builtin_plugins.chat_history.chat_message, lineno=39)
03-01 09:40:29 [INFO] nonebot | Matcher(type='message', module=zhenxun.builtin_plugins.chat_history.chat_message, lineno=39) running complete
03-01 09:40:32 [SUCCESS] nonebot | OneBot V11 3042447114 | [message.group.normal]: Message 810868971 from 2690167450@[群:645741432] 'dnf是mmo'
03-01 09:40:32 [INFO] nonebot | Event will be handled by Matcher(type='message', module=zhenxun.builtin_plugins.chat_history.chat_message, lineno=39)
03-01 09:40:32 [INFO] nonebot | Matcher(type='message', module=zhenxun.builtin_plugins.chat_history.chat_message, lineno=39) running complete
03-01 09:40:33 [SUCCESS] nonebot | OneBot V11 3042447114 | [message.group.normal]: Message 1401317362 from 2383082463@[群:645741432] 'dnf那个氪金程度不是这游戏能比的'
03-01 09:40:33 [INFO] nonebot | Event will be handled by Matcher(type='message', module=zhenxun.builtin_plugins.chat_history.chat_message, lineno=39)
03-01 09:40:33 [INFO] nonebot | Matcher(type='message', module=zhenxun.builtin_plugins.chat_history.chat_message, lineno=39) running complete
03-01 09:40:37 [SUCCESS] nonebot | OneBot V11 3042447114 | [message.group.normal]: Message 452500077 from 844573759@[群:645741432] '我可太想了'
03-01 09:40:37 [INFO] nonebot | Event will be handled by Matcher(type='message', module=zhenxun.builtin_plugins.chat_history.chat_message, lineno=39)
03-01 09:40:37 [INFO] nonebot | Matcher(type='message', module=zhenxun.builtin_plugins.chat_history.chat_message, lineno=39) running complete
03-01 09:40:42 [SUCCESS] nonebot | OneBot V11 3042447114 | [message.group.normal]: Message 1036563917 from 805200858@[群:645741432] '那先凑一套敏爆'
03-01 09:40:42 [INFO] nonebot | Event will be handled by Matcher(type='message', module=zhenxun.builtin_plugins.chat_history.chat_message, lineno=39)
03-01 09:40:42 [INFO] nonebot | Matcher(type='message', module=zhenxun.builtin_plugins.chat_history.chat_message, lineno=39) running complete
03-01 09:40:43 [SUCCESS] nonebot | OneBot V11 3042447114 | [message.group.normal]: Message 961128796 from 365103469@[群:645741432] '能跟bd2平起平坐就算成功了'
03-01 09:40:43 [INFO] nonebot | Event will be handled by Matcher(type='message', module=zhenxun.builtin_plugins.chat_history.chat_message, lineno=39)
03-01 09:40:43 [INFO] nonebot | Matcher(type='message', module=zhenxun.builtin_plugins.chat_history.chat_message, lineno=39) running complete
03-01 09:40:43 [SUCCESS] nonebot | OneBot V11 3042447114 | [message.group.normal]: Message 1358718854 from 2690167450@[群:645741432] 'mmo一向以来赚钱都很多'
03-01 09:40:43 [INFO] nonebot | Event will be handled by Matcher(type='message', module=zhenxun.builtin_plugins.chat_history.chat_message, lineno=39)
03-01 09:40:43 [INFO] nonebot | Matcher(type='message', module=zhenxun.builtin_plugins.chat_history.chat_message, lineno=39) running complete
03-01 09:40:46 [SUCCESS] nonebot | OneBot V11 3042447114 | [message.group.normal]: Message 95877809 from 870951896@[群:816890778] '[image:summary=,file=27F8FCFFDE82D967CEBD95F0505F6EB8.jpg,sub_type=0,url=https://multimedia.nt.qq.com.cn/download?appid=1407&fileid=EhRwB2g1...,file_size=240310]'
03-01 09:40:46 [INFO] nonebot | Event will be handled by Matcher(type='message', module=zhenxun.builtin_plugins.chat_history.chat_message, lineno=39)
03-01 09:40:46 [INFO] nonebot | Matcher(type='message', module=zhenxun.builtin_plugins.chat_history.chat_message, lineno=39) running complete
03-01 09:40:47 [SUCCESS] nonebot | OneBot V11 3042447114 | [message.group.normal]: Message 651390988 from 365103469@[群:645741432] '还dnf'
03-01 09:40:47 [INFO] nonebot | Event will be handled by Matcher(type='message', module=zhenxun.builtin_plugins.chat_history.chat_message, lineno=39)
03-01 09:40:47 [INFO] nonebot | Matcher(type='message', module=zhenxun.builtin_plugins.chat_history.chat_message, lineno=39) running complete
03-01 09:40:48 [SUCCESS] nonebot | OneBot V11 3042447114 | [message.group.normal]: Message 505658221 from 3092472851@[群:475899384] '[image:summary=,file={E5144786-83A7-D76D-DFA9-75B267B70E85}.jpg,sub_type=1,url=https://gchat.qpic.cn/gchatpic_new/0/0-0-E514478683A7D76DDFA975B267...,file_size=59125]'
03-01 09:40:48 [INFO] nonebot | Event will be handled by Matcher(type='message', module=zhenxun.builtin_plugins.chat_history.chat_message, lineno=39)
03-01 09:40:48 [INFO] nonebot | Matcher(type='message', module=zhenxun.builtin_plugins.chat_history.chat_message, lineno=39) running complete
03-01 09:40:48 [SUCCESS] nonebot | OneBot V11 3042447114 | [message.group.normal]: Message 55739071 from 3092472851@[群:475899384] '这很南极贱畜'
03-01 09:40:48 [INFO] nonebot | Event will be handled by Matcher(type='message', module=zhenxun.builtin_plugins.chat_history.chat_message, lineno=39)
03-01 09:40:48 [INFO] nonebot | Matcher(type='message', module=zhenxun.builtin_plugins.chat_history.chat_message, lineno=39) running complete
03-01 09:40:49 [SUCCESS] nonebot | OneBot V11 3042447114 | [message.group.normal]: Message 1344540695 from 3092472851@[群:475899384] "[forward:id=7476650066528158621,content=[{'self_id': 3042447114, 'user_id': 1094950020, 'time': 1740726822,...]"
03-01 09:40:49 [INFO] nonebot | Event will be handled by Matcher(type='message', module=zhenxun.builtin_plugins.chat_history.chat_message, lineno=39)
03-01 09:40:49 [INFO] nonebot | Matcher(type='message', module=zhenxun.builtin_plugins.chat_history.chat_message, lineno=39) running complete
03-01 09:40:50 [SUCCESS] nonebot | OneBot V11 3042447114 | [message.group.normal]: Message 1298618526 from 870951896@[群:816890778] '真好看'
03-01 09:40:50 [INFO] nonebot | Event will be handled by Matcher(type='message', module=zhenxun.builtin_plugins.chat_history.chat_message, lineno=39)
03-01 09:40:50 [INFO] nonebot | Matcher(type='message', module=zhenxun.builtin_plugins.chat_history.chat_message, lineno=39) running complete
03-01 09:40:54 [SUCCESS] nonebot | OneBot V11 3042447114 | [message.group.normal]: Message 436742091 from 844573759@[群:645741432] '[image:summary=[动画表情],file=92EA3B90443A1EAB7DD398CF10C3B08E.jpg,sub_type=1,url=https://multimedia.nt.qq.com.cn/download?appid=1407&fileid=EhS-RnWI...,file_size=177600]'
03-01 09:40:54 [INFO] nonebot | Event will be handled by Matcher(type='message', module=zhenxun.builtin_plugins.chat_history.chat_message, lineno=39)
03-01 09:40:54 [INFO] nonebot | Matcher(type='message', module=zhenxun.builtin_plugins.chat_history.chat_message, lineno=39) running complete
03-01 09:41:01 [SUCCESS] nonebot | OneBot V11 3042447114 | [message.group.normal]: Message 1480709352 from 805200858@[群:645741432] '[reply:id=334608475][at:qq=2383082463] 你挑战推到哪了'
03-01 09:41:01 [INFO] nonebot | Event will be handled by Matcher(type='message', module=zhenxun.builtin_plugins.chat_history.chat_message, lineno=39)
03-01 09:41:01 [INFO] nonebot | Matcher(type='message', module=zhenxun.builtin_plugins.chat_history.chat_message, lineno=39) running complete
03-01 09:41:04 [SUCCESS] nonebot | OneBot V11 3042447114 | [message.group.normal]: Message 1887723625 from 2690167450@[群:645741432] '不管是休闲mmo还是肝氪并存的mmo都很赚钱'
03-01 09:41:04 [INFO] nonebot | Event will be handled by Matcher(type='message', module=zhenxun.builtin_plugins.chat_history.chat_message, lineno=39)
03-01 09:41:04 [INFO] nonebot | Matcher(type='message', module=zhenxun.builtin_plugins.chat_history.chat_message, lineno=39) running complete
03-01 09:41:09 [SUCCESS] nonebot | OneBot V11 3042447114 | [message.group.normal]: Message 2017873283 from 1604095906@[群:392644938] '人气池就差个李李'
03-01 09:41:09 [INFO] nonebot | Event will be handled by Matcher(type='message', module=zhenxun.builtin_plugins.chat_history.chat_message, lineno=39)
03-01 09:41:09 [INFO] nonebot | Matcher(type='message', module=zhenxun.builtin_plugins.chat_history.chat_message, lineno=39) running complete
03-01 09:41:11 [SUCCESS] nonebot | OneBot V11 3042447114 | [message.group.normal]: Message 298030617 from 365103469@[群:645741432] 'bd2去年上半年还是和你游差不多流水的'
03-01 09:41:11 [INFO] nonebot | Event will be handled by Matcher(type='message', module=zhenxun.builtin_plugins.chat_history.chat_message, lineno=39)
03-01 09:41:11 [INFO] nonebot | Matcher(type='message', module=zhenxun.builtin_plugins.chat_history.chat_message, lineno=39) running complete
03-01 09:41:12 [SUCCESS] nonebot | OneBot V11 3042447114 | [message.group.normal]: Message 2052640419 from 3479000843@[群:1032235226] '[image:summary=[亖],file=90-9077576eb04fd7d9e1ce90f9b3dc8c9f.gif,url=https://gxh.vip.qq.com/club/item/parcel/item/90/9077576eb04fd7d9e1c...,key=9d67c3ed2ef8a3fe,emoji_id=9077576eb04fd7d9e1ce90f9b3dc8c9f,emoji_package_id=241757]'
03-01 09:41:12 [INFO] nonebot | Event will be handled by Matcher(type='message', module=zhenxun.builtin_plugins.chat_history.chat_message, lineno=39)
03-01 09:41:12 [INFO] nonebot | Matcher(type='message', module=zhenxun.builtin_plugins.chat_history.chat_message, lineno=39) running complete
03-01 09:41:20 [SUCCESS] nonebot | OneBot V11 3042447114 | [message.group.normal]: Message 123434657 from 573410848@[群:475899384] '[reply:id=1344540695][at:qq=3092472851] 熟悉的协议'
03-01 09:41:20 [INFO] nonebot | Event will be handled by Matcher(type='message', module=zhenxun.builtin_plugins.chat_history.chat_message, lineno=39)
03-01 09:41:20 [INFO] nonebot | Matcher(type='message', module=zhenxun.builtin_plugins.chat_history.chat_message, lineno=39) running complete
03-01 09:41:24 [SUCCESS] nonebot | OneBot V11 3042447114 | [message.group.normal]: Message 1892178919 from 2690167450@[群:645741432] '上个月的流水都没星链高'
03-01 09:41:24 [INFO] nonebot | Event will be handled by Matcher(type='message', module=zhenxun.builtin_plugins.chat_history.chat_message, lineno=39)
03-01 09:41:24 [INFO] nonebot | Matcher(type='message', module=zhenxun.builtin_plugins.chat_history.chat_message, lineno=39) running complete
03-01 09:41:32 [SUCCESS] nonebot | OneBot V11 3042447114 | [message.group.normal]: Message 1168839676 from 573410848@[群:475899384] '感觉各大互联网APP见得都不少了'
03-01 09:41:32 [INFO] nonebot | Event will be handled by Matcher(type='message', module=zhenxun.builtin_plugins.chat_history.chat_message, lineno=39)
03-01 09:41:32 [INFO] nonebot | Matcher(type='message', module=zhenxun.builtin_plugins.chat_history.chat_message, lineno=39) running complete
03-01 09:41:35 [SUCCESS] nonebot | OneBot V11 3042447114 | [message.group.normal]: Message 1600764672 from 844573759@[群:645741432] '棕色2好像感觉自己在牛别人一样'
03-01 09:41:35 [INFO] nonebot | Event will be handled by Matcher(type='message', module=zhenxun.builtin_plugins.chat_history.chat_message, lineno=39)
03-01 09:41:35 [INFO] nonebot | Matcher(type='message', module=zhenxun.builtin_plugins.chat_history.chat_message, lineno=39) running complete
03-01 09:41:36 [SUCCESS] nonebot | OneBot V11 3042447114 | [message.group.normal]: Message 2059098914 from 844573759@[群:645741432] '[image:summary=[动画表情],file=6492B407984B4A3FEA5F54100A834F17.jpg,sub_type=1,url=https://multimedia.nt.qq.com.cn/download?appid=1407&fileid=EhRu2SUb...,file_size=64761]'
03-01 09:41:36 [INFO] nonebot | Event will be handled by Matcher(type='message', module=zhenxun.builtin_plugins.chat_history.chat_message, lineno=39)
03-01 09:41:36 [INFO] nonebot | Matcher(type='message', module=zhenxun.builtin_plugins.chat_history.chat_message, lineno=39) running complete
03-01 09:41:43 [SUCCESS] nonebot | OneBot V11 3042447114 | [message.group.normal]: Message 740654590 from 2690167450@[群:645741432] '星链各方面算劣化版的永恒灵魂'
03-01 09:41:43 [INFO] nonebot | Event will be handled by Matcher(type='message', module=zhenxun.builtin_plugins.chat_history.chat_message, lineno=39)
03-01 09:41:43 [INFO] nonebot | Matcher(type='message', module=zhenxun.builtin_plugins.chat_history.chat_message, lineno=39) running complete
03-01 09:41:44 [SUCCESS] nonebot | OneBot V11 3042447114 | [message.group.normal]: Message 1513020111 from 365103469@[群:645741432] '下半年人家想通了  现在是真的蒸蒸日上'
03-01 09:41:44 [INFO] nonebot | Event will be handled by Matcher(type='message', module=zhenxun.builtin_plugins.chat_history.chat_message, lineno=39)
03-01 09:41:44 [INFO] nonebot | Matcher(type='message', module=zhenxun.builtin_plugins.chat_history.chat_message, lineno=39) running complete
03-01 09:41:47 [SUCCESS] nonebot | OneBot V11 3042447114 | [message.group.normal]: Message 1856896226 from 573410848@[群:475899384] "习惯了[face:id=344,raw={'faceIndex': 344, 'faceText': '/大怨种', 'faceType': 2, 'packId': Non...][face:id=344,raw={'faceIndex': 344, 'faceText': '/大怨种', 'faceType': 2, 'packId': Non...]，咱说也改变不了啥"
03-01 09:41:47 [INFO] nonebot | Event will be handled by Matcher(type='message', module=zhenxun.builtin_plugins.chat_history.chat_message, lineno=39)
03-01 09:41:47 [INFO] nonebot | Matcher(type='message', module=zhenxun.builtin_plugins.chat_history.chat_message, lineno=39) running complete
03-01 09:42:04 [SUCCESS] nonebot | OneBot V11 3042447114 | [message.group.normal]: Message 345630658 from 365103469@[群:645741432] '我只想说你游现在能打得过cn大眼就算赢'
03-01 09:42:04 [INFO] nonebot | Event will be handled by Matcher(type='message', module=zhenxun.builtin_plugins.chat_history.chat_message, lineno=39)
03-01 09:42:04 [INFO] nonebot | Matcher(type='message', module=zhenxun.builtin_plugins.chat_history.chat_message, lineno=39) running complete
03-01 09:42:11 [SUCCESS] nonebot | OneBot V11 3042447114 | [message.group.normal]: Message 1598677747 from 1141538825@[群:1032235226] '[image:summary=[亖],file=90-9077576eb04fd7d9e1ce90f9b3dc8c9f.gif,url=https://gxh.vip.qq.com/club/item/parcel/item/90/9077576eb04fd7d9e1c...,key=9d67c3ed2ef8a3fe,emoji_id=9077576eb04fd7d9e1ce90f9b3dc8c9f,emoji_package_id=241757]'
03-01 09:42:11 [INFO] nonebot | Event will be handled by Matcher(type='message', module=zhenxun.builtin_plugins.chat_history.chat_message, lineno=39)
03-01 09:42:11 [INFO] nonebot | Matcher(type='message', module=zhenxun.builtin_plugins.chat_history.chat_message, lineno=39) running complete
03-01 09:42:11 [SUCCESS] nonebot | OneBot V11 3042447114 | [message.group.normal]: Message 2126336183 from 2383082463@[群:645741432] '[at:qq=805200858][image:summary=,file=EB87CAC3A49D6D2ED36E1B05353ECC31.jpg,sub_type=0,url=https://multimedia.nt.qq.com.cn/download?appid=1407&fileid=EhQT922r...,file_size=223994]'
03-01 09:42:11 [INFO] nonebot | Event will be handled by Matcher(type='message', module=zhenxun.builtin_plugins.chat_history.chat_message, lineno=39)
03-01 09:42:11 [INFO] nonebot | Matcher(type='message', module=zhenxun.builtin_plugins.chat_history.chat_message, lineno=39) running complete
03-01 09:42:21 [SUCCESS] nonebot | OneBot V11 3042447114 | [message.group.normal]: Message 641062968 from 365103469@[群:645741432] '你游流水现在和cn大眼差距不打'
03-01 09:42:21 [INFO] nonebot | Event will be handled by Matcher(type='message', module=zhenxun.builtin_plugins.chat_history.chat_message, lineno=39)
03-01 09:42:21 [INFO] nonebot | Matcher(type='message', module=zhenxun.builtin_plugins.chat_history.chat_message, lineno=39) running complete
03-01 09:42:22 [SUCCESS] nonebot | OneBot V11 3042447114 | [message.group.normal]: Message 942256555 from 1141538825@[群:1032235226] '坏了'
03-01 09:42:22 [INFO] nonebot | Event will be handled by Matcher(type='message', module=zhenxun.builtin_plugins.chat_history.chat_message, lineno=39)
03-01 09:42:22 [INFO] nonebot | Matcher(type='message', module=zhenxun.builtin_plugins.chat_history.chat_message, lineno=39) running complete
03-01 09:42:34 [SUCCESS] nonebot | OneBot V11 3042447114 | [message.group.normal]: Message 1447627591 from 1085560008@[群:645741432] 'es下个值得抽的角色是什么时候呀'
03-01 09:42:34 [INFO] nonebot | Event will be handled by Matcher(type='message', module=zhenxun.builtin_plugins.chat_history.chat_message, lineno=39)
03-01 09:42:34 [INFO] nonebot | Matcher(type='message', module=zhenxun.builtin_plugins.chat_history.chat_message, lineno=39) running complete
03-01 09:42:40 [SUCCESS] nonebot | OneBot V11 3042447114 | [message.group.normal]: Message 1681645697 from 2383082463@[群:645741432] "dnf高增幅就得花不少钱还有礼包十套起步[face:id=317,raw={'faceIndex': 317, 'faceText': '/菜汪', 'faceType': 2, 'packId': None...]"
03-01 09:42:40 [INFO] nonebot | Event will be handled by Matcher(type='message', module=zhenxun.builtin_plugins.chat_history.chat_message, lineno=39)
03-01 09:42:40 [INFO] nonebot | Matcher(type='message', module=zhenxun.builtin_plugins.chat_history.chat_message, lineno=39) running complete
03-01 09:42:43 [SUCCESS] nonebot | OneBot V11 3042447114 | [message.group.normal]: Message 1933022928 from 805200858@[群:645741432] '[reply:id=2126336183][at:qq=2383082463] 有拿永恒+自选箱嘛这个阶段'
03-01 09:42:43 [INFO] nonebot | Event will be handled by Matcher(type='message', module=zhenxun.builtin_plugins.chat_history.chat_message, lineno=39)
03-01 09:42:43 [INFO] nonebot | Matcher(type='message', module=zhenxun.builtin_plugins.chat_history.chat_message, lineno=39) running complete
03-01 09:42:45 [SUCCESS] nonebot | OneBot V11 3042447114 | [message.group.normal]: Message 215126148 from 2690167450@[群:645741432] '不知道值不值得抽'
03-01 09:42:45 [INFO] nonebot | Event will be handled by Matcher(type='message', module=zhenxun.builtin_plugins.chat_history.chat_message, lineno=39)
03-01 09:42:45 [INFO] nonebot | Matcher(type='message', module=zhenxun.builtin_plugins.chat_history.chat_message, lineno=39) running complete
03-01 09:42:45 [SUCCESS] nonebot | OneBot V11 3042447114 | [message.group.normal]: Message 1867808680 from 805200858@[群:645741432] '[image:summary=[动画表情],file=EF074A71654BF149B26B5F09737E1BAA.jpg,sub_type=1,url=https://multimedia.nt.qq.com.cn/download?appid=1407&fileid=EhTeXypA...,file_size=4227054]'
03-01 09:42:45 [INFO] nonebot | Event will be handled by Matcher(type='message', module=zhenxun.builtin_plugins.chat_history.chat_message, lineno=39)
03-01 09:42:45 [INFO] nonebot | Matcher(type='message', module=zhenxun.builtin_plugins.chat_history.chat_message, lineno=39) running complete
03-01 09:42:46 [SUCCESS] nonebot | OneBot V11 3042447114 | [message.group.normal]: Message 2104761327 from 805200858@[群:645741432] '[image:summary=[动画表情],file=98F19DD6C26A77F7D1A1E9E5474C4886.jpg,sub_type=1,url=https://multimedia.nt.qq.com.cn/download?appid=1407&fileid=EhRZyApl...,file_size=305132]'
03-01 09:42:46 [INFO] nonebot | Event will be handled by Matcher(type='message', module=zhenxun.builtin_plugins.chat_history.chat_message, lineno=39)
03-01 09:42:46 [INFO] nonebot | Matcher(type='message', module=zhenxun.builtin_plugins.chat_history.chat_message, lineno=39) running complete
03-01 09:42:51 [SUCCESS] nonebot | OneBot V11 3042447114 | [message.group.normal]: Message 461463616 from 805200858@[群:645741432] '那可能就是我非了'
03-01 09:42:51 [INFO] nonebot | Event will be handled by Matcher(type='message', module=zhenxun.builtin_plugins.chat_history.chat_message, lineno=39)
03-01 09:42:51 [INFO] nonebot | Matcher(type='message', module=zhenxun.builtin_plugins.chat_history.chat_message, lineno=39) running complete
03-01 09:42:52 [SUCCESS] nonebot | OneBot V11 3042447114 | [message.group.normal]: Message 1120528198 from 2690167450@[群:645741432] '只知道下个角色是下周四'
03-01 09:42:52 [INFO] nonebot | Event will be handled by Matcher(type='message', module=zhenxun.builtin_plugins.chat_history.chat_message, lineno=39)
03-01 09:42:52 [INFO] nonebot | Matcher(type='message', module=zhenxun.builtin_plugins.chat_history.chat_message, lineno=39) running complete
03-01 09:42:54 [SUCCESS] nonebot | OneBot V11 3042447114 | [message.group.normal]: Message 1037666534 from 805200858@[群:645741432] '[image:summary=[动画表情],file=C029B40F86213C027AF2AEF8DA66C397.jpg,sub_type=1,url=https://multimedia.nt.qq.com.cn/download?appid=1407&fileid=EhTXkUZt...,file_size=4640]'
03-01 09:42:54 [INFO] nonebot | Event will be handled by Matcher(type='message', module=zhenxun.builtin_plugins.chat_history.chat_message, lineno=39)
03-01 09:42:54 [INFO] nonebot | Matcher(type='message', module=zhenxun.builtin_plugins.chat_history.chat_message, lineno=39) running complete
03-01 09:43:01 [SUCCESS] nonebot | OneBot V11 3042447114 | [message.group.normal]: Message 1049734115 from 365103469@[群:645741432] '[reply:id=1447627591][at:qq=1085560008] 3月有个红兰sp'
03-01 09:43:01 [INFO] nonebot | Event will be handled by Matcher(type='message', module=zhenxun.builtin_plugins.chat_history.chat_message, lineno=39)
03-01 09:43:01 [INFO] nonebot | Matcher(type='message', module=zhenxun.builtin_plugins.chat_history.chat_message, lineno=39) running complete
03-01 09:43:33 [SUCCESS] nonebot | OneBot V11 3042447114 | [message.group.normal]: Message 2084605219 from 2383082463@[群:645741432] '[at:qq=805200858] 不用挑战吧'
03-01 09:43:33 [INFO] nonebot | Event will be handled by Matcher(type='message', module=zhenxun.builtin_plugins.chat_history.chat_message, lineno=39)
03-01 09:43:33 [INFO] nonebot | Matcher(type='message', module=zhenxun.builtin_plugins.chat_history.chat_message, lineno=39) running complete
03-01 09:43:37 [SUCCESS] nonebot | OneBot V11 3042447114 | [message.group.normal]: Message 322852826 from 2542848206@[群:392644938] '我也'
03-01 09:43:37 [INFO] nonebot | Event will be handled by Matcher(type='message', module=zhenxun.builtin_plugins.chat_history.chat_message, lineno=39)
03-01 09:43:37 [INFO] nonebot | Matcher(type='message', module=zhenxun.builtin_plugins.chat_history.chat_message, lineno=39) running complete
03-01 09:43:37 [SUCCESS] nonebot | OneBot V11 3042447114 | [message.group.normal]: Message 60794883 from 1085560008@[群:645741432] '钻不是都留给天使恶魔混沌吗'
03-01 09:43:37 [INFO] nonebot | Event will be handled by Matcher(type='message', module=zhenxun.builtin_plugins.chat_history.chat_message, lineno=39)
03-01 09:43:37 [INFO] nonebot | Matcher(type='message', module=zhenxun.builtin_plugins.chat_history.chat_message, lineno=39) running complete
03-01 09:43:41 [SUCCESS] nonebot | OneBot V11 3042447114 | [message.group.normal]: Message 603504687 from 1304428328@[群:645741432] '[image:summary=,file=EF441B90FF20053068C853D9E61E01B3.jpg,sub_type=0,url=https://multimedia.nt.qq.com.cn/download?appid=1407&fileid=EhTeENtt...,file_size=434008]'
03-01 09:43:41 [INFO] nonebot | Event will be handled by Matcher(type='message', module=zhenxun.builtin_plugins.chat_history.chat_message, lineno=39)
03-01 09:43:41 [INFO] nonebot | Matcher(type='message', module=zhenxun.builtin_plugins.chat_history.chat_message, lineno=39) running complete
03-01 09:43:51 [SUCCESS] nonebot | OneBot V11 3042447114 | [message.group.normal]: Message 690086668 from 1304428328@[群:645741432] '想买个棕色尘埃的游客号，有什么推荐吗？'
03-01 09:43:51 [INFO] nonebot | Event will be handled by Matcher(type='message', module=zhenxun.builtin_plugins.chat_history.chat_message, lineno=39)
03-01 09:43:51 [INFO] nonebot | Matcher(type='message', module=zhenxun.builtin_plugins.chat_history.chat_message, lineno=39) running complete
03-01 09:44:05 [SUCCESS] nonebot | OneBot V11 3042447114 | [message.group.normal]: Message 469506149 from 365103469@[群:645741432] '[reply:id=60794883][at:qq=1085560008] 跟着XP走吧'
03-01 09:44:05 [INFO] nonebot | Event will be handled by Matcher(type='message', module=zhenxun.builtin_plugins.chat_history.chat_message, lineno=39)
03-01 09:44:05 [INFO] nonebot | Matcher(type='message', module=zhenxun.builtin_plugins.chat_history.chat_message, lineno=39) running complete
03-01 09:44:13 [SUCCESS] nonebot | OneBot V11 3042447114 | [message.group.normal]: Message 373666119 from 805200858@[群:645741432] '[reply:id=2084605219][at:qq=2383082463] 那就是我开箱子非'
03-01 09:44:13 [INFO] nonebot | Event will be handled by Matcher(type='message', module=zhenxun.builtin_plugins.chat_history.chat_message, lineno=39)
03-01 09:44:13 [INFO] nonebot | Matcher(type='message', module=zhenxun.builtin_plugins.chat_history.chat_message, lineno=39) running complete
03-01 09:44:20 [SUCCESS] nonebot | OneBot V11 3042447114 | [message.group.normal]: Message 1873694394 from 1653536628@[群:392644938] '这个碎片转换'
03-01 09:44:20 [INFO] nonebot | Event will be handled by Matcher(type='message', module=zhenxun.builtin_plugins.chat_history.chat_message, lineno=39)
03-01 09:44:20 [INFO] nonebot | Matcher(type='message', module=zhenxun.builtin_plugins.chat_history.chat_message, lineno=39) running complete
03-01 09:44:25 [SUCCESS] nonebot | OneBot V11 3042447114 | [message.group.normal]: Message 1937937618 from 1653536628@[群:392644938] '感觉好亏啊'
03-01 09:44:25 [INFO] nonebot | Event will be handled by Matcher(type='message', module=zhenxun.builtin_plugins.chat_history.chat_message, lineno=39)
03-01 09:44:25 [INFO] nonebot | Matcher(type='message', module=zhenxun.builtin_plugins.chat_history.chat_message, lineno=39) running complete
03-01 09:44:28 [SUCCESS] nonebot | OneBot V11 3042447114 | [message.group.normal]: Message 2010938405 from 350640529@[群:645741432] '天恶造价太高了'
03-01 09:44:28 [INFO] nonebot | Event will be handled by Matcher(type='message', module=zhenxun.builtin_plugins.chat_history.chat_message, lineno=39)
03-01 09:44:28 [INFO] nonebot | Matcher(type='message', module=zhenxun.builtin_plugins.chat_history.chat_message, lineno=39) running complete
03-01 09:44:45 [SUCCESS] nonebot | OneBot V11 3042447114 | [message.group.normal]: Message 1440780949 from 1653536628@[群:392644938] '25s＝1ss'
03-01 09:44:45 [INFO] nonebot | Event will be handled by Matcher(type='message', module=zhenxun.builtin_plugins.chat_history.chat_message, lineno=39)
03-01 09:44:45 [INFO] nonebot | Matcher(type='message', module=zhenxun.builtin_plugins.chat_history.chat_message, lineno=39) running complete
03-01 09:44:48 [SUCCESS] nonebot | OneBot V11 3042447114 | [message.group.normal]: Message 725550969 from 365103469@[群:645741432] '不过根据表来看 sp红兰之后有个天使型的韩羽'
03-01 09:44:48 [INFO] nonebot | Event will be handled by Matcher(type='message', module=zhenxun.builtin_plugins.chat_history.chat_message, lineno=39)
03-01 09:44:48 [INFO] nonebot | Matcher(type='message', module=zhenxun.builtin_plugins.chat_history.chat_message, lineno=39) running complete
03-01 09:44:48 [SUCCESS] nonebot | OneBot V11 3042447114 | [message.group.normal]: Message 166966038 from 308356500@[群:475899384] '[image:summary=[动画表情],file=D078717BC1FF83D0ECF9345C5BAD045C.jpg,sub_type=1,url=https://multimedia.nt.qq.com.cn/download?appid=1407&fileid=EhT0yGuD...,file_size=64631]'
03-01 09:44:48 [INFO] nonebot | Event will be handled by Matcher(type='message', module=zhenxun.builtin_plugins.chat_history.chat_message, lineno=39)
03-01 09:44:48 [INFO] nonebot | Matcher(type='message', module=zhenxun.builtin_plugins.chat_history.chat_message, lineno=39) running complete
03-01 09:44:55 [SUCCESS] nonebot | OneBot V11 3042447114 | [message.group.normal]: Message 1191908799 from 350640529@[群:645741432] '你抽两个朽天恶都够三个四色了'
03-01 09:44:55 [INFO] nonebot | Event will be handled by Matcher(type='message', module=zhenxun.builtin_plugins.chat_history.chat_message, lineno=39)
03-01 09:44:55 [INFO] nonebot | Matcher(type='message', module=zhenxun.builtin_plugins.chat_history.chat_message, lineno=39) running complete
03-01 09:44:58 [SUCCESS] nonebot | OneBot V11 3042447114 | [message.group.normal]: Message 1599933808 from 2690167450@[群:645741432] '[image:summary=,file={25BB69A2-28E1-DF3E-3C03-86FD4F18C5CF}.png,sub_type=0,url=https://gchat.qpic.cn/gchatpic_new/0/0-0-25BB69A228E1DF3E3C0386FD4F...,file_size=549047][image:summary=,file={46712524-5921-1A92-2CC5-03AD29FD1554}.png,sub_type=0,url=https://gchat.qpic.cn/gchatpic_new/0/0-0-4671252459211A922CC503AD29...,file_size=421982]同样是大胸，威里的胸型正常太多了'
03-01 09:44:58 [INFO] nonebot | Event will be handled by Matcher(type='message', module=zhenxun.builtin_plugins.chat_history.chat_message, lineno=39)
03-01 09:44:58 [INFO] nonebot | Matcher(type='message', module=zhenxun.builtin_plugins.chat_history.chat_message, lineno=39) running complete
03-01 09:44:58 [SUCCESS] nonebot | OneBot V11 3042447114 | [message.group.normal]: Message 215705991 from 3420224707@[群:645741432] 'es检查更新'
03-01 09:44:58 [INFO] nonebot | Event will be handled by Matcher(type='message', module=zhenxun.builtin_plugins.chat_history.chat_message, lineno=39)
03-01 09:44:58 [INFO] nonebot | Matcher(type='message', module=zhenxun.builtin_plugins.chat_history.chat_message, lineno=39) running complete
03-01 09:44:58 [INFO] nonebot | Event will be handled by Matcher(type='message', module=zhenxun.plugins.eversoul, lineno=68)
03-01 09:45:12 [SUCCESS] nonebot | OneBot V11 3042447114 | [notice.group_recall]: {'time': 1740793512, 'self_id': 3042447114, 'post_type': 'notice', 'notice_type': 'group_recall', 'user_id': 1304428328, 'group_id': 645741432, 'operator_id': 1304428328, 'message_id': 690086668}
03-01 09:45:12 [INFO] nonebot | Event will be handled by Matcher(type='notice', module=zhenxun.plugins.zhenxun_plugin_draw_painting, lineno=61)
03-01 09:45:12 [INFO] nonebot | Event will be handled by Matcher(type='notice', module=zhenxun.plugins.zhenxun_plugin_draw_painting, lineno=62)
03-01 09:45:12 [INFO] nonebot | Event will be handled by Matcher(type='notice', module=zhenxun.plugins.monitor, lineno=18)
03-01 09:45:12 [INFO] nonebot | Event will be handled by Matcher(type='notice', module=zhenxun.plugins.monitor, lineno=19)
03-01 09:45:12 [INFO] nonebot | Event will be handled by Matcher(type='notice', module=zhenxun.plugins.monitor, lineno=20)
03-01 09:45:12 [INFO] nonebot | Matcher(type='notice', module=zhenxun.plugins.monitor, lineno=19) running complete
03-01 09:45:12 [INFO] nonebot | Matcher(type='notice', module=zhenxun.plugins.monitor, lineno=18) running complete
03-01 09:45:12 [INFO] nonebot | Matcher(type='notice', module=zhenxun.plugins.zhenxun_plugin_draw_painting, lineno=61) running complete
03-01 09:45:12 [INFO] nonebot | Matcher(type='notice', module=zhenxun.plugins.zhenxun_plugin_draw_painting, lineno=62) running complete
03-01 09:45:12 [INFO] nonebot | Matcher(type='notice', module=zhenxun.plugins.monitor, lineno=20) running complete
03-01 09:45:18 [SUCCESS] nonebot | OneBot V11 3042447114 | [message.group.normal]: Message 1490950681 from 2690167450@[群:645741432] '早期大胸角色的胸型要是偷偷整容一下就好了'
03-01 09:45:18 [INFO] nonebot | Event will be handled by Matcher(type='message', module=zhenxun.builtin_plugins.chat_history.chat_message, lineno=39)
03-01 09:45:18 [INFO] nonebot | Matcher(type='message', module=zhenxun.builtin_plugins.chat_history.chat_message, lineno=39) running complete
03-01 09:45:22 [SUCCESS] nonebot | OneBot V11 3042447114 | [message.group.normal]: Message 1540479793 from 2690167450@[群:645741432] '[image:summary=,file={4A96A940-1EC6-F93F-232A-7BC5A72A072D}.gif,sub_type=1,url=https://gchat.qpic.cn/gchatpic_new/0/0-0-4A96A9401EC6F93F232A7BC5A7...,file_size=6681]'
03-01 09:45:22 [INFO] nonebot | Event will be handled by Matcher(type='message', module=zhenxun.builtin_plugins.chat_history.chat_message, lineno=39)
03-01 09:45:22 [INFO] nonebot | Matcher(type='message', module=zhenxun.builtin_plugins.chat_history.chat_message, lineno=39) running complete
